Team,Opponent,Coach Name,Opponent Coach,Conference,Opponent Conference,Date,Game Time,Location,HAN,Attendance,Non Conference Game,Neutral Site Game,Road Game,Top 25 Opponent,March Madness Opponent,Points,Opp Points,SM,Line,ML,Over/Under Line,Total Points,Wins,Losses,WIN_PERC,Championship Criteria,Upset Twice,Winless March,Points,SM,FGM,FGA,FGA/G,FG_PERC,FG_PERC_Rank,FGM/G,FGM/G_Rank,FG3sM,FG3sA,FG3_PERC,FG3_PERC_Rank,FG3M/G,FG3M/G_Rank,% of Points from 3,% of Points from 3 rank,% of shots taken from 3,% of shots taken from 3 Rank,FTM,FTA,FT_PERC,FT_PERC_Rank,FTM/G,FTM/G Rank,FTA/FGA,FTA/FGA Rank,Off_eff,Off_eff_rank,Offensive efficiency hybrid,Off_eff_hybrid_rank,OReb,OReb Rank,Oreb_rate,Oreb_rate_rank,DReb,DReb Rank,Rebounds,Rebounds Rank,Rebound Rate,Rebound Rate Rank,AST,AST Rank,AST/FGM,AST/FGM Rank,TO,TO Rank,STL,STL Rank,PF,PF_Rank,Foul Differential,Foul Differential Rank,Extra Scoring Chances,Extra Scoring Chances Rank,PTS_OFF_TURN,PTS_OFF_TURN_RANK,FST_BREAK,FST_BREAK_RANK,PTS_PAINT,PTS_PAINT_RANK,OPP_PPG,OPP_PPG_RANK,OPP_FGM,OPP_FGA,OPP_FGA/G,OPP_FG_PERC,OPP_FG_PERC_Rank,OPP_FGM/G,OPP_FGM/G_Rank,OPP_FG3sM,OPP_FG3sA,OPP_FG3_PERC,OPP_FG3_PERC_Rank,OPP_FG3M/G,OPP_FG3M/G_Rank,OPP_% of Points from 3,OPP_% of Points from 3 rank,OPP_% of shots taken from 3,OPP_% of shots taken from 3 Rank,Def_efficiency hybrid,Def_eff_hybrid_rank,OPP_OReb,OPP_OReb_RANK,OPP_OReb_rate,OPP_OReb_rate_RANK,OPP_DReb,OPP_DReb_RANK,OPP_REBOUNDS,OPP_REBOUNDS_RANK,OPP_AST,OPP_AST_RANK,OPP_AST/FGM,OPP_AST/FGM_Rank,OPP_TO,OPP_TO_RANK,OPP_PF,OPP_PF_RANK,OPP_PTS_OFF_TURN,OPP_PTS_OFF_TURN_RANK,OPP_FST_BREAK,OPP_FST_BREAK_RANK,OPP_PTS_PAINT,OPP_PTS_PAINT_RANK,FGM_TOP7,FGA-Top7,FG3sM-Top7,FG3sA-Top7,FTM-Top7,FTA-Top7,FG_PERC-Top7,FG3_PERC-Top7,FT_PERC-Top7,OReb-Top7,DReb-Top7,Rebounds-Top7,AST-Top7,TO-Top7,STL-Top7,OReb-Top7-Total,DReb-Top7-Total,AST-Top7-Total,TO-Top7-Total,STL-Top7-Total,Points per Game-Top7,FGM-Top7-Perc,FGA-Top7-Perc,FG3sM-Top7-Perc,FG3sA-Top7-Perc,FTM-Top7-Perc,FTA-Top7-Perc,FG_PERC_Top7_per,FG3_PERC_Top7_per,FT_PERC_Top7_per,OReb-Top7-Perc,DReb-Top7-Perc,Rebounds-Top7-Perc,AST-Top7-Perc,TO-Top7-Perc,STL-Top7-Perc,Points-Top7-Perc,Start Percentage top 7,SOS_MED,SOS_MIN,SOS_MAX,SOS_STDEV,SOS_SUM,CLUTCH_FGM,CLUTCH_FGA,CLUTCH_FGPERC,CLUTCH_FG_RANK,CLUTCH_3FGM,CLUTCH_3FGA,CLUTCH_3FGPERC,CLUTCH_3_RANK,CLUTCH_FTM,CLUTCH_FTA,CLUTCH_FTPERC,CLUTCH_FT_RANK,CLUTCH_SM,CLUTCH_SM_RANK,CLUTCH_REB,CLUTCH_REB_RANK,OPP_CLTCH_REB,OPP_CLTCH_REB_RANK,CLTCH_OFF_REB,CLTCH_OFF_REB_RANK,OPP_CLTCH_OFF_REB,OPP_CLTCH_OFF_REB_RANK,CLTCH_TURN,CLTCH_TURN_RANK,CLTCH_OPP_TURN,CLTCH_OPP_TURN_RANK,CLTCH_STL,CLTCH_STL_RANK,TOP25_CLUTCH,OVERTIME_GAMES,STEAL_TURNOVER_RATIO,STEAL_TURNOVER_RATIO_RANK,Culture (coach record at school),Culture_rank,Coach Value,Coach Value Rank,Historical Value,Historical Value Rank,5 year coach gap
Florida St.,Alcorn St.,Luke Loucks,Jake Morton,ACC,SWAC,11/4/2025,,"Tallahassee, FL",HOME,,1,0,0,0,0,,,0,,,,0,0,0,0,-17,0,0,0,0,0,0,0,0,N/A,0,N/A,0,0,0,N/A,0,N/A,0,N/A,0,N/A,0,0,0,N/A,0,N/A,0,N/A,0,N/A,0,N/A,0,N/A,0,N/A,0,N/A,0,N/A,0,N/A,0,N/A,0,N/A,0,N/A,0,N/A,0,N/A,0,N/A,0,N/A,0,N/A,0,N/A,0,N/A,0,N/A,0,0,0,0,N/A,0,N/A,0,0,0,N/A,0,N/A,0,N/A,0,N/A,0,N/A,0,N/A,0,N/A,0,N/A,0,N/A,0,N/A,0,N/A,0,N/A,0,N/A,0,N/A,0,N/A,0,N/A,0,0,0,0,0,0,0,0,0,0,0,0,0,0,0,0,0,0,0,0,0,0,0,0,0,0,0,0,0,0,0,0,0,0,0,0,0,0,0,0,0,–,0,0,0,0,N/A,0,0,0,N/A,0,0,0,N/A,0,N/A,0,N/A,0,N/A,0,N/A,0,N/A,0,N/A,0,N/A,0,N/A,0,0,0,N/A,0,313,12.344499726,282,6.403,334,0
Alcorn St.,Florida St.,Jake Morton,Luke Loucks,SWAC,ACC,11/4/2025,,"Tallahassee, FL",AWAY,,1,0,0,0,0,0,0,0,,,,0,0,0,0,-21,0,1,0,0,0,0,0,0,N/A,0,N/A,0,0,0,N/A,0,N/A,0,N/A,0,N/A,0,0,0,N/A,0,N/A,0,N/A,0,N/A,0,N/A,0,N/A,0,N/A,0,N/A,0,N/A,0,N/A,0,N/A,0,N/A,0,N/A,0,N/A,0,N/A,0,N/A,0,N/A,0,N/A,0,N/A,0,N/A,0,N/A,0,0,0,0,N/A,0,N/A,0,0,0,N/A,0,N/A,0,N/A,0,N/A,0,N/A,0,N/A,0,N/A,0,N/A,0,N/A,0,N/A,0,N/A,0,N/A,0,N/A,0,N/A,0,N/A,0,N/A,0,0,0,0,0,0,0,0,0,0,0,0,0,0,0,0,0,0,0,0,0,0,0,0,0,0,0,0,0,0,0,0,0,0,0,0,0,0,0,0,0,0,0,0,0,0,N/A,0,0,0,N/A,0,0,0,N/A,0,N/A,0,N/A,0,N/A,0,N/A,0,N/A,0,N/A,0,N/A,0,N/A,0,0,0,N/A,0,313,-1.746617976,340,11.934,250,0
Stanford,Portland St.,Kyle Smith,Jase Coburn,ACC,Big Sky,11/4/2025,,"Stanford, CA",HOME,,1,0,0,0,0,,,0,,,,0,0,0,0,5,0,1,0,0,0,0,0,0,N/A,0,N/A,0,0,0,N/A,0,N/A,0,N/A,0,N/A,0,0,0,N/A,0,N/A,0,N/A,0,N/A,0,N/A,0,N/A,0,N/A,0,N/A,0,N/A,0,N/A,0,N/A,0,N/A,0,N/A,0,N/A,0,N/A,0,N/A,0,N/A,0,N/A,0,N/A,0,N/A,0,N/A,0,0,0,0,N/A,0,N/A,0,0,0,N/A,0,N/A,0,N/A,0,N/A,0,N/A,0,N/A,0,N/A,0,N/A,0,N/A,0,N/A,0,N/A,0,N/A,0,N/A,0,N/A,0,N/A,0,N/A,0,0,0,0,0,0,0,0,0,0,0,0,0,0,0,0,0,0,0,0,0,0,0,0,0,0,0,0,0,0,0,0,0,0,0,0,0,0,0,0,0,–,0,0,0,0,N/A,0,0,0,N/A,0,0,0,N/A,0,N/A,0,N/A,0,N/A,0,N/A,0,N/A,0,N/A,0,N/A,0,N/A,0,0,0,N/A,0.6,83,49.0351572099778,93,1.811,355,0
Portland St.,Stanford,Jase Coburn,Kyle Smith,Big Sky,ACC,11/4/2025,,"Stanford, CA",AWAY,,1,0,0,0,0,0,0,0,,,,0,0,0,0,-13,0,1,0,0,0,0,0,0,N/A,0,N/A,0,0,0,N/A,0,N/A,0,N/A,0,N/A,0,0,0,N/A,0,N/A,0,N/A,0,N/A,0,N/A,0,N/A,0,N/A,0,N/A,0,N/A,0,N/A,0,N/A,0,N/A,0,N/A,0,N/A,0,N/A,0,N/A,0,N/A,0,N/A,0,N/A,0,N/A,0,N/A,0,0,0,0,N/A,0,N/A,0,0,0,N/A,0,N/A,0,N/A,0,N/A,0,N/A,0,N/A,0,N/A,0,N/A,0,N/A,0,N/A,0,N/A,0,N/A,0,N/A,0,N/A,0,N/A,0,N/A,0,0,0,0,0,0,0,0,0,0,0,0,0,0,0,0,0,0,0,0,0,0,0,0,0,0,0,0,0,0,0,0,0,0,0,0,0,0,0,0,0,–,0,0,0,0,N/A,0,0,0,N/A,0,0,0,N/A,0,N/A,0,N/A,0,N/A,0,N/A,0,N/A,0,N/A,0,N/A,0,N/A,0,0,0,N/A,0.4921,175,31.0771092402,165,8.802,304,-139
NJIT,Fordham,Grant Billmeier,Mike Magpayo,American East,A10,11/4/2025,,"Bronx, NY",AWAY,,1,0,0,0,0,,,0,,,,0,0,0,0,-13,0,1,0,0,0,0,0,0,N/A,0,N/A,0,0,0,N/A,0,N/A,0,N/A,0,N/A,0,0,0,N/A,0,N/A,0,N/A,0,N/A,0,N/A,0,N/A,0,N/A,0,N/A,0,N/A,0,N/A,0,N/A,0,N/A,0,N/A,0,N/A,0,N/A,0,N/A,0,N/A,0,N/A,0,N/A,0,N/A,0,N/A,0,0,0,0,N/A,0,N/A,0,0,0,N/A,0,N/A,0,N/A,0,N/A,0,N/A,0,N/A,0,N/A,0,N/A,0,N/A,0,N/A,0,N/A,0,N/A,0,N/A,0,N/A,0,N/A,0,N/A,0,0,0,0,0,0,0,0,0,0,0,0,0,0,0,0,0,0,0,0,0,0,0,0,0,0,0,0,0,0,0,0,0,0,0,0,0,0,0,0,0,–,0,0,0,0,N/A,0,0,0,N/A,0,0,0,N/A,0,N/A,0,N/A,0,N/A,0,N/A,0,N/A,0,N/A,0,N/A,0,N/A,0,0,0,N/A,0.2203,301,13.6904594646,274,5.919,340,0
Fordham,NJIT,Mike Magpayo,Grant Billmeier,A10,American East,11/4/2025,,"Bronx, NY",HOME,,1,0,0,0,0,0,0,0,,,,0,0,0,0,-13,0,1,0,0,0,0,0,0,N/A,0,N/A,0,0,0,N/A,0,N/A,0,N/A,0,N/A,0,0,0,N/A,0,N/A,0,N/A,0,N/A,0,N/A,0,N/A,0,N/A,0,N/A,0,N/A,0,N/A,0,N/A,0,N/A,0,N/A,0,N/A,0,N/A,0,N/A,0,N/A,0,N/A,0,N/A,0,N/A,0,N/A,0,0,0,0,N/A,0,N/A,0,0,0,N/A,0,N/A,0,N/A,0,N/A,0,N/A,0,N/A,0,N/A,0,N/A,0,N/A,0,N/A,0,N/A,0,N/A,0,N/A,0,N/A,0,N/A,0,N/A,0,0,0,0,0,0,0,0,0,0,0,0,0,0,0,0,0,0,0,0,0,0,0,0,0,0,0,0,0,0,0,0,0,0,0,0,0,0,0,0,0,–,0,0,0,0,N/A,0,0,0,N/A,0,0,0,N/A,0,N/A,0,N/A,0,N/A,0,N/A,0,N/A,0,N/A,0,N/A,0,N/A,0,0,0,N/A,0,313,25.125647479,200,9.418,297,0
Georgia Southern,East Carolina,Charlie Henry,Michael Schwartz,Sun Belt,American,11/4/2025,,"Greenville, NC",AWAY,,1,0,0,0,0,,,0,,,,0,0,0,0,-13,0,1,0,0,0,0,0,0,N/A,0,N/A,0,0,0,N/A,0,N/A,0,N/A,0,N/A,0,0,0,N/A,0,N/A,0,N/A,0,N/A,0,N/A,0,N/A,0,N/A,0,N/A,0,N/A,0,N/A,0,N/A,0,N/A,0,N/A,0,N/A,0,N/A,0,N/A,0,N/A,0,N/A,0,N/A,0,N/A,0,N/A,0,0,0,0,N/A,0,N/A,0,0,0,N/A,0,N/A,0,N/A,0,N/A,0,N/A,0,N/A,0,N/A,0,N/A,0,N/A,0,N/A,0,N/A,0,N/A,0,N/A,0,N/A,0,N/A,0,N/A,0,0,0,0,0,0,0,0,0,0,0,0,0,0,0,0,0,0,0,0,0,0,0,0,0,0,0,0,0,0,0,0,0,0,0,0,0,0,0,0,0,–,0,0,0,0,N/A,0,0,0,N/A,0,0,0,N/A,0,N/A,0,N/A,0,N/A,0,N/A,0,N/A,0,N/A,0,N/A,0,N/A,0,0,0,N/A,0.3906,253,27.3373822532,189,12.459,241,0
East Carolina,Georgia Southern,Michael Schwartz,Charlie Henry,American,Sun Belt,11/4/2025,,"Greenville, NC",HOME,,1,0,0,0,0,0,0,0,,,,0,0,0,0,-10,0,1,0,0,0,0,0,0,N/A,0,N/A,0,0,0,N/A,0,N/A,0,N/A,0,N/A,0,0,0,N/A,0,N/A,0,N/A,0,N/A,0,N/A,0,N/A,0,N/A,0,N/A,0,N/A,0,N/A,0,N/A,0,N/A,0,N/A,0,N/A,0,N/A,0,N/A,0,N/A,0,N/A,0,N/A,0,N/A,0,N/A,0,0,0,0,N/A,0,N/A,0,0,0,N/A,0,N/A,0,N/A,0,N/A,0,N/A,0,N/A,0,N/A,0,N/A,0,N/A,0,N/A,0,N/A,0,N/A,0,N/A,0,N/A,0,N/A,0,N/A,0,0,0,0,0,0,0,0,0,0,0,0,0,0,0,0,0,0,0,0,0,0,0,0,0,0,0,0,0,0,0,0,0,0,0,0,0,0,0,0,0,0,0,0,0,0,N/A,0,0,0,N/A,0,0,0,N/A,0,N/A,0,N/A,0,N/A,0,N/A,0,N/A,0,N/A,0,N/A,0,N/A,0,0,0,N/A,0.5051,160,29.1104294422,175,10.865,266,0
Wichita St.,UNC Asheville,Paul Mills,Mike Morrell,American,Big South,11/4/2025,,"Wichita, KS",HOME,,1,0,0,0,0,,,0,,,,0,0,0,0,-7,0,1,0,0,0,0,0,0,N/A,0,N/A,0,0,0,N/A,0,N/A,0,N/A,0,N/A,0,0,0,N/A,0,N/A,0,N/A,0,N/A,0,N/A,0,N/A,0,N/A,0,N/A,0,N/A,0,N/A,0,N/A,0,N/A,0,N/A,0,N/A,0,N/A,0,N/A,0,N/A,0,N/A,0,N/A,0,N/A,0,N/A,0,0,0,0,N/A,0,N/A,0,0,0,N/A,0,N/A,0,N/A,0,N/A,0,N/A,0,N/A,0,N/A,0,N/A,0,N/A,0,N/A,0,N/A,0,N/A,0,N/A,0,N/A,0,N/A,0,N/A,0,0,0,0,0,0,0,0,0,0,0,0,0,0,0,0,0,0,0,0,0,0,0,0,0,0,0,0,0,0,0,0,0,0,0,0,0,0,0,0,0,–,0,0,0,0,N/A,0,0,0,N/A,0,0,0,N/A,0,N/A,0,N/A,0,N/A,0,N/A,0,N/A,0,N/A,0,N/A,0,N/A,0,0,0,N/A,0.5,163,47.2330763367556,96,25.395,127,0
UNC Asheville,Wichita St.,Mike Morrell,Paul Mills,Big South,American,11/4/2025,,"Wichita, KS",AWAY,,1,0,0,0,0,0,0,0,,,,0,0,0,0,-2,0,1,0,0,0,0,0,0,N/A,0,N/A,0,0,0,N/A,0,N/A,0,N/A,0,N/A,0,0,0,N/A,0,N/A,0,N/A,0,N/A,0,N/A,0,N/A,0,N/A,0,N/A,0,N/A,0,N/A,0,N/A,0,N/A,0,N/A,0,N/A,0,N/A,0,N/A,0,N/A,0,N/A,0,N/A,0,N/A,0,N/A,0,0,0,0,N/A,0,N/A,0,0,0,N/A,0,N/A,0,N/A,0,N/A,0,N/A,0,N/A,0,N/A,0,N/A,0,N/A,0,N/A,0,N/A,0,N/A,0,N/A,0,N/A,0,N/A,0,N/A,0,0,0,0,0,0,0,0,0,0,0,0,0,0,0,0,0,0,0,0,0,0,0,0,0,0,0,0,0,0,0,0,0,0,0,0,0,0,0,0,0,–,0,0,0,0,N/A,0,0,0,N/A,0,0,0,N/A,0,N/A,0,N/A,0,N/A,0,N/A,0,N/A,0,N/A,0,N/A,0,N/A,0,0,0,N/A,0.5395,127,38.8700125891429,131,30.241,93,38
Southern Utah,Arizona St.,Rob Jeter,Bobby Hurley,WAC,Big 12,11/4/2025,,"Tempe, AZ",AWAY,,1,0,0,0,0,,,0,,,,0,0,0,0,-10,0,1,0,0,0,0,0,0,N/A,0,N/A,0,0,0,N/A,0,N/A,0,N/A,0,N/A,0,0,0,N/A,0,N/A,0,N/A,0,N/A,0,N/A,0,N/A,0,N/A,0,N/A,0,N/A,0,N/A,0,N/A,0,N/A,0,N/A,0,N/A,0,N/A,0,N/A,0,N/A,0,N/A,0,N/A,0,N/A,0,N/A,0,0,0,0,N/A,0,N/A,0,0,0,N/A,0,N/A,0,N/A,0,N/A,0,N/A,0,N/A,0,N/A,0,N/A,0,N/A,0,N/A,0,N/A,0,N/A,0,N/A,0,N/A,0,N/A,0,N/A,0,0,0,0,0,0,0,0,0,0,0,0,0,0,0,0,0,0,0,0,0,0,0,0,0,0,0,0,0,0,0,0,0,0,0,0,0,0,0,0,0,–,0,0,0,0,N/A,0,0,0,N/A,0,0,0,N/A,0,N/A,0,N/A,0,N/A,0,N/A,0,N/A,0,N/A,0,N/A,0,N/A,0,0,0,N/A,0.3548,274,-2.88594333184314,345,17.135,184,0
Arizona St.,Southern Utah,Bobby Hurley,Rob Jeter,Big 12,WAC,11/4/2025,,"Tempe, AZ",HOME,,1,0,0,0,0,0,0,0,,,,0,0,0,0,6,0,1,0,0,0,0,0,0,N/A,0,N/A,0,0,0,N/A,0,N/A,0,N/A,0,N/A,0,0,0,N/A,0,N/A,0,N/A,0,N/A,0,N/A,0,N/A,0,N/A,0,N/A,0,N/A,0,N/A,0,N/A,0,N/A,0,N/A,0,N/A,0,N/A,0,N/A,0,N/A,0,N/A,0,N/A,0,N/A,0,N/A,0,0,0,0,N/A,0,N/A,0,0,0,N/A,0,N/A,0,N/A,0,N/A,0,N/A,0,N/A,0,N/A,0,N/A,0,N/A,0,N/A,0,N/A,0,N/A,0,N/A,0,N/A,0,N/A,0,N/A,0,0,0,0,0,0,0,0,0,0,0,0,0,0,0,0,0,0,0,0,0,0,0,0,0,0,0,0,0,0,0,0,0,0,0,0,0,0,0,0,0,0,0,0,0,0,N/A,0,0,0,N/A,0,0,0,N/A,0,N/A,0,N/A,0,N/A,0,N/A,0,N/A,0,N/A,0,N/A,0,N/A,0,0,0,N/A,0.5266,139,47.4127314327263,95,5.994,338,-243
UNC Greensboro,Kansas St.,Mike Jones,Jerome Tang,Southern,Big 12,11/4/2025,,"Manhattan, KS",AWAY,,1,0,0,0,0,,,0,,,,0,0,0,0,4,0,1,0,0,0,0,0,0,N/A,0,N/A,0,0,0,N/A,0,N/A,0,N/A,0,N/A,0,0,0,N/A,0,N/A,0,N/A,0,N/A,0,N/A,0,N/A,0,N/A,0,N/A,0,N/A,0,N/A,0,N/A,0,N/A,0,N/A,0,N/A,0,N/A,0,N/A,0,N/A,0,N/A,0,N/A,0,N/A,0,N/A,0,0,0,0,N/A,0,N/A,0,0,0,N/A,0,N/A,0,N/A,0,N/A,0,N/A,0,N/A,0,N/A,0,N/A,0,N/A,0,N/A,0,N/A,0,N/A,0,N/A,0,N/A,0,N/A,0,N/A,0,0,0,0,0,0,0,0,0,0,0,0,0,0,0,0,0,0,0,0,0,0,0,0,0,0,0,0,0,0,0,0,0,0,0,0,0,0,0,0,0,–,0,0,0,0,N/A,0,0,0,N/A,0,0,0,N/A,0,N/A,0,N/A,0,N/A,0,N/A,0,N/A,0,N/A,0,N/A,0,N/A,0,0,0,N/A,0.6111,74,32.7886445515048,159,19.88,164,-5
Kansas St.,UNC Greensboro,Jerome Tang,Mike Jones,Big 12,Southern,11/4/2025,,"Manhattan, KS",HOME,,1,0,0,0,0,0,0,0,,,,0,0,0,0,-4,0,0,0,0,0,0,0,0,N/A,0,N/A,0,0,0,N/A,0,N/A,0,N/A,0,N/A,0,0,0,N/A,0,N/A,0,N/A,0,N/A,0,N/A,0,N/A,0,N/A,0,N/A,0,N/A,0,N/A,0,N/A,0,N/A,0,N/A,0,N/A,0,N/A,0,N/A,0,N/A,0,N/A,0,N/A,0,N/A,0,N/A,0,0,0,0,N/A,0,N/A,0,0,0,N/A,0,N/A,0,N/A,0,N/A,0,N/A,0,N/A,0,N/A,0,N/A,0,N/A,0,N/A,0,N/A,0,N/A,0,N/A,0,N/A,0,N/A,0,N/A,0,0,0,0,0,0,0,0,0,0,0,0,0,0,0,0,0,0,0,0,0,0,0,0,0,0,0,0,0,0,0,0,0,0,0,0,0,0,0,0,0,–,0,0,0,0,N/A,0,0,0,N/A,0,0,0,N/A,0,N/A,0,N/A,0,N/A,0,N/A,0,N/A,0,N/A,0,N/A,0,N/A,0,0,0,N/A,0.598,86,34.933207846,148,16.237,195,0
Oral Roberts,Oklahoma St.,Russell Springmann,Steve Lutz,Summit,Big 12,11/4/2025,,"Stillwater, OK",AWAY,,1,0,0,0,0,,,0,,,,0,0,0,0,-13,0,0,0,0,0,0,0,0,N/A,0,N/A,0,0,0,N/A,0,N/A,0,N/A,0,N/A,0,0,0,N/A,0,N/A,0,N/A,0,N/A,0,N/A,0,N/A,0,N/A,0,N/A,0,N/A,0,N/A,0,N/A,0,N/A,0,N/A,0,N/A,0,N/A,0,N/A,0,N/A,0,N/A,0,N/A,0,N/A,0,N/A,0,0,0,0,N/A,0,N/A,0,0,0,N/A,0,N/A,0,N/A,0,N/A,0,N/A,0,N/A,0,N/A,0,N/A,0,N/A,0,N/A,0,N/A,0,N/A,0,N/A,0,N/A,0,N/A,0,N/A,0,0,0,0,0,0,0,0,0,0,0,0,0,0,0,0,0,0,0,0,0,0,0,0,0,0,0,0,0,0,0,0,0,0,0,0,0,0,0,0,0,–,0,0,0,0,N/A,0,0,0,N/A,0,0,0,N/A,0,N/A,0,N/A,0,N/A,0,N/A,0,N/A,0,N/A,0,N/A,0,N/A,0,0,0,N/A,0.3115,288,17.083276647,254,28.893,100,0
Oklahoma St.,Oral Roberts,Steve Lutz,Russell Springmann,Big 12,Summit,11/4/2025,,"Stillwater, OK",HOME,,1,0,0,0,0,0,0,0,,,,0,0,0,0,-9,0,0,0,0,0,0,0,0,N/A,0,N/A,0,0,0,N/A,0,N/A,0,N/A,0,N/A,0,0,0,N/A,0,N/A,0,N/A,0,N/A,0,N/A,0,N/A,0,N/A,0,N/A,0,N/A,0,N/A,0,N/A,0,N/A,0,N/A,0,N/A,0,N/A,0,N/A,0,N/A,0,N/A,0,N/A,0,N/A,0,N/A,0,0,0,0,N/A,0,N/A,0,0,0,N/A,0,N/A,0,N/A,0,N/A,0,N/A,0,N/A,0,N/A,0,N/A,0,N/A,0,N/A,0,N/A,0,N/A,0,N/A,0,N/A,0,N/A,0,N/A,0,0,0,0,0,0,0,0,0,0,0,0,0,0,0,0,0,0,0,0,0,0,0,0,0,0,0,0,0,0,0,0,0,0,0,0,0,0,0,0,0,–,0,0,0,0,N/A,0,0,0,N/A,0,0,0,N/A,0,N/A,0,N/A,0,N/A,0,N/A,0,N/A,0,N/A,0,N/A,0,N/A,0,0,0,N/A,0.4857,177,49.4946707358,89,10.403,275,0
Texas Tech,Lindenwood,Grant McCasland,Kyle Gerdeman,Big 12,Ohio Valley,11/4/2025,,"Lubbock, TX",HOME,,1,0,0,0,0,,,0,,,,0,0,0,0,20,0,0,0,0,0,0,0,0,N/A,0,N/A,0,0,0,N/A,0,N/A,0,N/A,0,N/A,0,0,0,N/A,0,N/A,0,N/A,0,N/A,0,N/A,0,N/A,0,N/A,0,N/A,0,N/A,0,N/A,0,N/A,0,N/A,0,N/A,0,N/A,0,N/A,0,N/A,0,N/A,0,N/A,0,N/A,0,N/A,0,N/A,0,0,0,0,N/A,0,N/A,0,0,0,N/A,0,N/A,0,N/A,0,N/A,0,N/A,0,N/A,0,N/A,0,N/A,0,N/A,0,N/A,0,N/A,0,N/A,0,N/A,0,N/A,0,N/A,0,N/A,0,0,0,0,0,0,0,0,0,0,0,0,0,0,0,0,0,0,0,0,0,0,0,0,0,0,0,0,0,0,0,0,0,0,0,0,0,0,0,0,0,–,0,0,0,0,N/A,0,0,0,N/A,0,0,0,N/A,0,N/A,0,N/A,0,N/A,0,N/A,0,N/A,0,N/A,0,N/A,0,N/A,0,0,0,N/A,0.7183,24,83.9110066679905,35,64.049,22,0
Lindenwood,Texas Tech,Kyle Gerdeman,Grant McCasland,Ohio Valley,Big 12,11/4/2025,,"Lubbock, TX",AWAY,,1,0,0,0,1,0,0,0,,,,0,0,0,0,-13,0,1,0,0,0,0,0,0,N/A,0,N/A,0,0,0,N/A,0,N/A,0,N/A,0,N/A,0,0,0,N/A,0,N/A,0,N/A,0,N/A,0,N/A,0,N/A,0,N/A,0,N/A,0,N/A,0,N/A,0,N/A,0,N/A,0,N/A,0,N/A,0,N/A,0,N/A,0,N/A,0,N/A,0,N/A,0,N/A,0,N/A,0,0,0,0,N/A,0,N/A,0,0,0,N/A,0,N/A,0,N/A,0,N/A,0,N/A,0,N/A,0,N/A,0,N/A,0,N/A,0,N/A,0,N/A,0,N/A,0,N/A,0,N/A,0,N/A,0,N/A,0,0,0,0,0,0,0,0,0,0,0,0,0,0,0,0,0,0,0,0,0,0,0,0,0,0,0,0,0,0,0,0,0,0,0,0,0,0,0,0,0,–,0,0,0,0,N/A,0,0,0,N/A,0,0,0,N/A,0,N/A,0,N/A,0,N/A,0,N/A,0,N/A,0,N/A,0,N/A,0,N/A,0,0,0,N/A,0.3723,265,17.6599745686,249,14.381,217,0
West Virginia,Mount St. Mary's,Ross Hodge,Donny Lind,Big 12,MAAC,11/4/2025,,"Morgantown, WV",HOME,,1,0,0,0,1,,,0,,,,0,0,0,0,-9,0,0,0,0,0,0,0,0,N/A,0,N/A,0,0,0,N/A,0,N/A,0,N/A,0,N/A,0,0,0,N/A,0,N/A,0,N/A,0,N/A,0,N/A,0,N/A,0,N/A,0,N/A,0,N/A,0,N/A,0,N/A,0,N/A,0,N/A,0,N/A,0,N/A,0,N/A,0,N/A,0,N/A,0,N/A,0,N/A,0,N/A,0,0,0,0,N/A,0,N/A,0,0,0,N/A,0,N/A,0,N/A,0,N/A,0,N/A,0,N/A,0,N/A,0,N/A,0,N/A,0,N/A,0,N/A,0,N/A,0,N/A,0,N/A,0,N/A,0,N/A,0,0,0,0,0,0,0,0,0,0,0,0,0,0,0,0,0,0,0,0,0,0,0,0,0,0,0,0,0,0,0,0,0,0,0,0,0,0,0,0,0,–,0,0,0,0,N/A,0,0,0,N/A,0,0,0,N/A,0,N/A,0,N/A,0,N/A,0,N/A,0,N/A,0,N/A,0,N/A,0,N/A,0,0,0,N/A,0,313,37.1306795088667,140,2.488,350,0
Mount St. Mary's,West Virginia,Donny Lind,Ross Hodge,MAAC,Big 12,11/4/2025,,"Morgantown, WV",AWAY,,1,0,0,0,0,0,0,0,,,,0,0,0,0,2,0,1,0,0,0,0,0,0,N/A,0,N/A,0,0,0,N/A,0,N/A,0,N/A,0,N/A,0,0,0,N/A,0,N/A,0,N/A,0,N/A,0,N/A,0,N/A,0,N/A,0,N/A,0,N/A,0,N/A,0,N/A,0,N/A,0,N/A,0,N/A,0,N/A,0,N/A,0,N/A,0,N/A,0,N/A,0,N/A,0,N/A,0,0,0,0,N/A,0,N/A,0,0,0,N/A,0,N/A,0,N/A,0,N/A,0,N/A,0,N/A,0,N/A,0,N/A,0,N/A,0,N/A,0,N/A,0,N/A,0,N/A,0,N/A,0,N/A,0,N/A,0,0,0,0,0,0,0,0,0,0,0,0,0,0,0,0,0,0,0,0,0,0,0,0,0,0,0,0,0,0,0,0,0,0,0,0,0,0,0,0,0,–,0,0,0,0,N/A,0,0,0,N/A,0,0,0,N/A,0,N/A,0,N/A,0,N/A,0,N/A,0,N/A,0,N/A,0,N/A,0,N/A,0,0,0,N/A,0.6389,57,26.9123041258,191,32.212,82,0
Robert Morris,Iowa,Andrew Toole,Ben McCollum,Horizon,Big Ten,11/4/2025,,"Iowa City, IA",AWAY,,1,0,0,0,0,,,0,,,,0,0,0,0,14,0,1,0,0,0,0,0,0,N/A,0,N/A,0,0,0,N/A,0,N/A,0,N/A,0,N/A,0,0,0,N/A,0,N/A,0,N/A,0,N/A,0,N/A,0,N/A,0,N/A,0,N/A,0,N/A,0,N/A,0,N/A,0,N/A,0,N/A,0,N/A,0,N/A,0,N/A,0,N/A,0,N/A,0,N/A,0,N/A,0,N/A,0,0,0,0,N/A,0,N/A,0,0,0,N/A,0,N/A,0,N/A,0,N/A,0,N/A,0,N/A,0,N/A,0,N/A,0,N/A,0,N/A,0,N/A,0,N/A,0,N/A,0,N/A,0,N/A,0,N/A,0,0,0,0,0,0,0,0,0,0,0,0,0,0,0,0,0,0,0,0,0,0,0,0,0,0,0,0,0,0,0,0,0,0,0,0,0,0,0,0,0,–,0,0,0,0,N/A,0,0,0,N/A,0,0,0,N/A,0,N/A,0,N/A,0,N/A,0,N/A,0,N/A,0,N/A,0,N/A,0,N/A,0,0,0,N/A,0.5112,153,43.4567995115429,112,28.542,103,9
Iowa,Robert Morris,Ben McCollum,Andrew Toole,Big Ten,Horizon,11/4/2025,,"Iowa City, IA",HOME,,1,0,0,0,1,0,0,0,,,,0,0,0,0,21,1,0,0,0,0,0,0,0,N/A,0,N/A,0,0,0,N/A,0,N/A,0,N/A,0,N/A,0,0,0,N/A,0,N/A,0,N/A,0,N/A,0,N/A,0,N/A,0,N/A,0,N/A,0,N/A,0,N/A,0,N/A,0,N/A,0,N/A,0,N/A,0,N/A,0,N/A,0,N/A,0,N/A,0,N/A,0,N/A,0,N/A,0,0,0,0,N/A,0,N/A,0,0,0,N/A,0,N/A,0,N/A,0,N/A,0,N/A,0,N/A,0,N/A,0,N/A,0,N/A,0,N/A,0,N/A,0,N/A,0,N/A,0,N/A,0,N/A,0,N/A,0,0,0,0,0,0,0,0,0,0,0,0,0,0,0,0,0,0,0,0,0,0,0,0,0,0,0,0,0,0,0,0,0,0,0,0,0,0,0,0,0,–,0,0,0,0,N/A,0,0,0,N/A,0,0,0,N/A,0,N/A,0,N/A,0,N/A,0,N/A,0,N/A,0,N/A,0,N/A,0,N/A,0,0,0,N/A,0,313,59.2906630174,66,21.863,146,0
Oregon,Hawaii,Dana Altman,Eran Ganot,Big Ten,Big West,11/4/2025,,"Eugene, OR",HOME,,1,0,0,0,0,,,0,,,,0,0,0,0,23,0,0,0,0,0,0,0,0,N/A,0,N/A,0,0,0,N/A,0,N/A,0,N/A,0,N/A,0,0,0,N/A,0,N/A,0,N/A,0,N/A,0,N/A,0,N/A,0,N/A,0,N/A,0,N/A,0,N/A,0,N/A,0,N/A,0,N/A,0,N/A,0,N/A,0,N/A,0,N/A,0,N/A,0,N/A,0,N/A,0,N/A,0,0,0,0,N/A,0,N/A,0,0,0,N/A,0,N/A,0,N/A,0,N/A,0,N/A,0,N/A,0,N/A,0,N/A,0,N/A,0,N/A,0,N/A,0,N/A,0,N/A,0,N/A,0,N/A,0,N/A,0,0,0,0,0,0,0,0,0,0,0,0,0,0,0,0,0,0,0,0,0,0,0,0,0,0,0,0,0,0,0,0,0,0,0,0,0,0,0,0,0,–,0,0,0,0,N/A,0,0,0,N/A,0,0,0,N/A,0,N/A,0,N/A,0,N/A,0,N/A,0,N/A,0,N/A,0,N/A,0,N/A,0,0,0,N/A,0.6955,34,152.745577317135,8,71.489,13,-5
Hawaii,Oregon,Eran Ganot,Dana Altman,Big West,Big Ten,11/4/2025,,"Eugene, OR",AWAY,,1,0,0,0,1,0,0,0,,,,0,0,0,0,-7,0,1,0,0,0,0,0,0,N/A,0,N/A,0,0,0,N/A,0,N/A,0,N/A,0,N/A,0,0,0,N/A,0,N/A,0,N/A,0,N/A,0,N/A,0,N/A,0,N/A,0,N/A,0,N/A,0,N/A,0,N/A,0,N/A,0,N/A,0,N/A,0,N/A,0,N/A,0,N/A,0,N/A,0,N/A,0,N/A,0,N/A,0,0,0,0,N/A,0,N/A,0,0,0,N/A,0,N/A,0,N/A,0,N/A,0,N/A,0,N/A,0,N/A,0,N/A,0,N/A,0,N/A,0,N/A,0,N/A,0,N/A,0,N/A,0,N/A,0,N/A,0,0,0,0,0,0,0,0,0,0,0,0,0,0,0,0,0,0,0,0,0,0,0,0,0,0,0,0,0,0,0,0,0,0,0,0,0,0,0,0,0,–,0,0,0,0,N/A,0,0,0,N/A,0,0,0,N/A,0,N/A,0,N/A,0,N/A,0,N/A,0,N/A,0,N/A,0,N/A,0,N/A,0,0,0,N/A,0.5917,92,8.49961210578182,300,13.125,233,67
Purdue,Evansville,Matt Painter,David Ragland,Big Ten,Missouri Valley,11/4/2025,,"West Lafayette, IN",HOME,,1,0,0,0,0,,,0,,,,0,0,0,0,43,1,0,0,0,0,0,0,0,N/A,0,N/A,0,0,0,N/A,0,N/A,0,N/A,0,N/A,0,0,0,N/A,0,N/A,0,N/A,0,N/A,0,N/A,0,N/A,0,N/A,0,N/A,0,N/A,0,N/A,0,N/A,0,N/A,0,N/A,0,N/A,0,N/A,0,N/A,0,N/A,0,N/A,0,N/A,0,N/A,0,N/A,0,0,0,0,N/A,0,N/A,0,0,0,N/A,0,N/A,0,N/A,0,N/A,0,N/A,0,N/A,0,N/A,0,N/A,0,N/A,0,N/A,0,N/A,0,N/A,0,N/A,0,N/A,0,N/A,0,N/A,0,0,0,0,0,0,0,0,0,0,0,0,0,0,0,0,0,0,0,0,0,0,0,0,0,0,0,0,0,0,0,0,0,0,0,0,0,0,0,0,0,–,0,0,0,0,N/A,0,0,0,N/A,0,0,0,N/A,0,N/A,0,N/A,0,N/A,0,N/A,0,N/A,0,N/A,0,N/A,0,N/A,0,0,0,N/A,0.6866,40,121.415740553707,16,78.697,9,7
Evansville,Purdue,David Ragland,Matt Painter,Missouri Valley,Big Ten,11/4/2025,,"West Lafayette, IN",AWAY,,1,0,0,1,1,0,0,0,,,,0,0,0,0,-13,0,1,0,0,0,0,0,0,N/A,0,N/A,0,0,0,N/A,0,N/A,0,N/A,0,N/A,0,0,0,N/A,0,N/A,0,N/A,0,N/A,0,N/A,0,N/A,0,N/A,0,N/A,0,N/A,0,N/A,0,N/A,0,N/A,0,N/A,0,N/A,0,N/A,0,N/A,0,N/A,0,N/A,0,N/A,0,N/A,0,N/A,0,0,0,0,N/A,0,N/A,0,0,0,N/A,0,N/A,0,N/A,0,N/A,0,N/A,0,N/A,0,N/A,0,N/A,0,N/A,0,N/A,0,N/A,0,N/A,0,N/A,0,N/A,0,N/A,0,N/A,0,0,0,0,0,0,0,0,0,0,0,0,0,0,0,0,0,0,0,0,0,0,0,0,0,0,0,0,0,0,0,0,0,0,0,0,0,0,0,0,0,0,0,0,0,0,N/A,0,0,0,N/A,0,0,0,N/A,0,N/A,0,N/A,0,N/A,0,N/A,0,N/A,0,N/A,0,N/A,0,N/A,0,0,0,N/A,0.3333,281,8.6701860106,298,13.367,231,0
San Diego St.,Long Beach St.,Brian Dutcher,Chris Acker,Mountain West,Big West,11/4/2025,,"San Diego, CA",HOME,,1,0,0,0,0,,,0,,,,0,0,0,0,39,1,0,0,0,0,0,0,0,N/A,0,N/A,0,0,0,N/A,0,N/A,0,N/A,0,N/A,0,0,0,N/A,0,N/A,0,N/A,0,N/A,0,N/A,0,N/A,0,N/A,0,N/A,0,N/A,0,N/A,0,N/A,0,N/A,0,N/A,0,N/A,0,N/A,0,N/A,0,N/A,0,N/A,0,N/A,0,N/A,0,N/A,0,0,0,0,N/A,0,N/A,0,0,0,N/A,0,N/A,0,N/A,0,N/A,0,N/A,0,N/A,0,N/A,0,N/A,0,N/A,0,N/A,0,N/A,0,N/A,0,N/A,0,N/A,0,N/A,0,N/A,0,0,0,0,0,0,0,0,0,0,0,0,0,0,0,0,0,0,0,0,0,0,0,0,0,0,0,0,0,0,0,0,0,0,0,0,0,0,0,0,0,–,0,0,0,0,N/A,0,0,0,N/A,0,0,0,N/A,0,N/A,0,N/A,0,N/A,0,N/A,0,N/A,0,N/A,0,N/A,0,N/A,0,0,0,N/A,0.7444,18,104.834316151398,22,69.381,16,6
Long Beach St.,San Diego St.,Chris Acker,Brian Dutcher,Big West,Mountain West,11/4/2025,,"San Diego, CA",AWAY,,1,0,0,0,1,0,0,0,,,,0,0,0,0,-16,0,1,0,0,0,0,0,0,N/A,0,N/A,0,0,0,N/A,0,N/A,0,N/A,0,N/A,0,0,0,N/A,0,N/A,0,N/A,0,N/A,0,N/A,0,N/A,0,N/A,0,N/A,0,N/A,0,N/A,0,N/A,0,N/A,0,N/A,0,N/A,0,N/A,0,N/A,0,N/A,0,N/A,0,N/A,0,N/A,0,N/A,0,0,0,0,N/A,0,N/A,0,0,0,N/A,0,N/A,0,N/A,0,N/A,0,N/A,0,N/A,0,N/A,0,N/A,0,N/A,0,N/A,0,N/A,0,N/A,0,N/A,0,N/A,0,N/A,0,N/A,0,0,0,0,0,0,0,0,0,0,0,0,0,0,0,0,0,0,0,0,0,0,0,0,0,0,0,0,0,0,0,0,0,0,0,0,0,0,0,0,0,–,0,0,0,0,N/A,0,0,0,N/A,0,0,0,N/A,0,N/A,0,N/A,0,N/A,0,N/A,0,N/A,0,N/A,0,N/A,0,N/A,0,0,0,N/A,0.2188,302,7.3129153016,308,24.069,134,0
South Carolina,North Carolina A&T,Lamont Paris,Monté Ross,SEC,CAA,11/4/2025,,"Columbia, SC",HOME,,1,0,0,0,0,,,0,,,,0,0,0,0,-3,0,0,0,0,0,0,0,0,N/A,0,N/A,0,0,0,N/A,0,N/A,0,N/A,0,N/A,0,0,0,N/A,0,N/A,0,N/A,0,N/A,0,N/A,0,N/A,0,N/A,0,N/A,0,N/A,0,N/A,0,N/A,0,N/A,0,N/A,0,N/A,0,N/A,0,N/A,0,N/A,0,N/A,0,N/A,0,N/A,0,N/A,0,0,0,0,N/A,0,N/A,0,0,0,N/A,0,N/A,0,N/A,0,N/A,0,N/A,0,N/A,0,N/A,0,N/A,0,N/A,0,N/A,0,N/A,0,N/A,0,N/A,0,N/A,0,N/A,0,N/A,0,0,0,0,0,0,0,0,0,0,0,0,0,0,0,0,0,0,0,0,0,0,0,0,0,0,0,0,0,0,0,0,0,0,0,0,0,0,0,0,0,–,0,0,0,0,N/A,0,0,0,N/A,0,0,0,N/A,0,N/A,0,N/A,0,N/A,0,N/A,0,N/A,0,N/A,0,N/A,0,N/A,0,0,0,N/A,0.5,163,28.3956929677111,180,3.413,347,0
North Carolina A&T,South Carolina,Monté Ross,Lamont Paris,CAA,SEC,11/4/2025,,"Columbia, SC",AWAY,,1,0,0,0,0,0,0,0,,,,0,0,0,0,-10,0,1,0,0,0,0,0,0,N/A,0,N/A,0,0,0,N/A,0,N/A,0,N/A,0,N/A,0,0,0,N/A,0,N/A,0,N/A,0,N/A,0,N/A,0,N/A,0,N/A,0,N/A,0,N/A,0,N/A,0,N/A,0,N/A,0,N/A,0,N/A,0,N/A,0,N/A,0,N/A,0,N/A,0,N/A,0,N/A,0,N/A,0,0,0,0,N/A,0,N/A,0,0,0,N/A,0,N/A,0,N/A,0,N/A,0,N/A,0,N/A,0,N/A,0,N/A,0,N/A,0,N/A,0,N/A,0,N/A,0,N/A,0,N/A,0,N/A,0,N/A,0,0,0,0,0,0,0,0,0,0,0,0,0,0,0,0,0,0,0,0,0,0,0,0,0,0,0,0,0,0,0,0,0,0,0,0,0,0,0,0,0,–,0,0,0,0,N/A,0,0,0,N/A,0,0,0,N/A,0,N/A,0,N/A,0,N/A,0,N/A,0,N/A,0,N/A,0,N/A,0,N/A,0,0,0,N/A,0.2188,302,-5.99720536553939,354,2.888,348,0
Nevada,Louisiana Tech,Steve Alford,Talvin Hester,Mountain West,CUSA,11/4/2025,,"Reno, NV",HOME,,1,0,0,0,0,,,0,,,,0,0,0,0,2,0,1,0,0,0,0,0,0,N/A,0,N/A,0,0,0,N/A,0,N/A,0,N/A,0,N/A,0,0,0,N/A,0,N/A,0,N/A,0,N/A,0,N/A,0,N/A,0,N/A,0,N/A,0,N/A,0,N/A,0,N/A,0,N/A,0,N/A,0,N/A,0,N/A,0,N/A,0,N/A,0,N/A,0,N/A,0,N/A,0,N/A,0,0,0,0,N/A,0,N/A,0,0,0,N/A,0,N/A,0,N/A,0,N/A,0,N/A,0,N/A,0,N/A,0,N/A,0,N/A,0,N/A,0,N/A,0,N/A,0,N/A,0,N/A,0,N/A,0,N/A,0,0,0,0,0,0,0,0,0,0,0,0,0,0,0,0,0,0,0,0,0,0,0,0,0,0,0,0,0,0,0,0,0,0,0,0,0,0,0,0,0,–,0,0,0,0,N/A,0,0,0,N/A,0,0,0,N/A,0,N/A,0,N/A,0,N/A,0,N/A,0,N/A,0,N/A,0,N/A,0,N/A,0,0,0,N/A,0.6054,78,89.1520418008362,30,29.589,96,-66
Louisiana Tech,Nevada,Talvin Hester,Steve Alford,CUSA,Mountain West,11/4/2025,,"Reno, NV",AWAY,,1,0,0,0,0,0,0,0,,,,0,0,0,0,-5,0,1,0,0,0,0,0,0,N/A,0,N/A,0,0,0,N/A,0,N/A,0,N/A,0,N/A,0,0,0,N/A,0,N/A,0,N/A,0,N/A,0,N/A,0,N/A,0,N/A,0,N/A,0,N/A,0,N/A,0,N/A,0,N/A,0,N/A,0,N/A,0,N/A,0,N/A,0,N/A,0,N/A,0,N/A,0,N/A,0,N/A,0,0,0,0,N/A,0,N/A,0,0,0,N/A,0,N/A,0,N/A,0,N/A,0,N/A,0,N/A,0,N/A,0,N/A,0,N/A,0,N/A,0,N/A,0,N/A,0,N/A,0,N/A,0,N/A,0,N/A,0,0,0,0,0,0,0,0,0,0,0,0,0,0,0,0,0,0,0,0,0,0,0,0,0,0,0,0,0,0,0,0,0,0,0,0,0,0,0,0,0,–,0,0,0,0,N/A,0,0,0,N/A,0,0,0,N/A,0,N/A,0,N/A,0,N/A,0,N/A,0,N/A,0,N/A,0,N/A,0,N/A,0,0,0,N/A,0.5876,94,28.8674777492,176,15.731,204,0
Valparaiso,Eastern Illinois,Roger Powell,Marty Simmons,Missouri Valley,Ohio Valley,11/4/2025,,"Valparaiso, IN",HOME,,1,0,0,0,0,,,0,,,,0,0,0,0,-13,0,1,0,0,0,0,0,0,N/A,0,N/A,0,0,0,N/A,0,N/A,0,N/A,0,N/A,0,0,0,N/A,0,N/A,0,N/A,0,N/A,0,N/A,0,N/A,0,N/A,0,N/A,0,N/A,0,N/A,0,N/A,0,N/A,0,N/A,0,N/A,0,N/A,0,N/A,0,N/A,0,N/A,0,N/A,0,N/A,0,N/A,0,0,0,0,N/A,0,N/A,0,0,0,N/A,0,N/A,0,N/A,0,N/A,0,N/A,0,N/A,0,N/A,0,N/A,0,N/A,0,N/A,0,N/A,0,N/A,0,N/A,0,N/A,0,N/A,0,N/A,0,0,0,0,0,0,0,0,0,0,0,0,0,0,0,0,0,0,0,0,0,0,0,0,0,0,0,0,0,0,0,0,0,0,0,0,0,0,0,0,0,–,0,0,0,0,N/A,0,0,0,N/A,0,0,0,N/A,0,N/A,0,N/A,0,N/A,0,N/A,0,N/A,0,N/A,0,N/A,0,N/A,0,0,0,N/A,0.3333,281,12.8787103866,278,11.611,256,0
Eastern Illinois,Valparaiso,Marty Simmons,Roger Powell,Ohio Valley,Missouri Valley,11/4/2025,,"Valparaiso, IN",AWAY,,1,0,0,0,0,0,0,0,,,,0,0,0,0,-10,0,1,0,0,0,0,0,0,N/A,0,N/A,0,0,0,N/A,0,N/A,0,N/A,0,N/A,0,0,0,N/A,0,N/A,0,N/A,0,N/A,0,N/A,0,N/A,0,N/A,0,N/A,0,N/A,0,N/A,0,N/A,0,N/A,0,N/A,0,N/A,0,N/A,0,N/A,0,N/A,0,N/A,0,N/A,0,N/A,0,N/A,0,0,0,0,N/A,0,N/A,0,0,0,N/A,0,N/A,0,N/A,0,N/A,0,N/A,0,N/A,0,N/A,0,N/A,0,N/A,0,N/A,0,N/A,0,N/A,0,N/A,0,N/A,0,N/A,0,N/A,0,0,0,0,0,0,0,0,0,0,0,0,0,0,0,0,0,0,0,0,0,0,0,0,0,0,0,0,0,0,0,0,0,0,0,0,0,0,0,0,0,0,0,0,0,0,N/A,0,0,0,N/A,0,0,0,N/A,0,N/A,0,N/A,0,N/A,0,N/A,0,N/A,0,N/A,0,N/A,0,N/A,0,0,0,N/A,0.32,284,18.8512414936,241,6.876,329,-88
UNLV,Tennessee Martin,Josh Pastner,Jeremy Shulman,Mountain West,Ohio Valley,11/4/2025,,"Las Vegas, NV",HOME,,1,0,0,0,0,,,0,,,,0,0,0,0,-6,0,1,0,0,0,0,0,0,N/A,0,N/A,0,0,0,N/A,0,N/A,0,N/A,0,N/A,0,0,0,N/A,0,N/A,0,N/A,0,N/A,0,N/A,0,N/A,0,N/A,0,N/A,0,N/A,0,N/A,0,N/A,0,N/A,0,N/A,0,N/A,0,N/A,0,N/A,0,N/A,0,N/A,0,N/A,0,N/A,0,N/A,0,0,0,0,N/A,0,N/A,0,0,0,N/A,0,N/A,0,N/A,0,N/A,0,N/A,0,N/A,0,N/A,0,N/A,0,N/A,0,N/A,0,N/A,0,N/A,0,N/A,0,N/A,0,N/A,0,N/A,0,0,0,0,0,0,0,0,0,0,0,0,0,0,0,0,0,0,0,0,0,0,0,0,0,0,0,0,0,0,0,0,0,0,0,0,0,0,0,0,0,–,0,0,0,0,N/A,0,0,0,N/A,0,0,0,N/A,0,N/A,0,N/A,0,N/A,0,N/A,0,N/A,0,N/A,0,N/A,0,N/A,0,0,0,N/A,0,313,69.8704282792,48,18.095,175,0
Tennessee Martin,UNLV,Jeremy Shulman,Josh Pastner,Ohio Valley,Mountain West,11/4/2025,,"Las Vegas, NV",AWAY,,1,0,0,0,0,0,0,0,,,,0,0,0,0,-16,0,1,0,0,0,0,0,0,N/A,0,N/A,0,0,0,N/A,0,N/A,0,N/A,0,N/A,0,0,0,N/A,0,N/A,0,N/A,0,N/A,0,N/A,0,N/A,0,N/A,0,N/A,0,N/A,0,N/A,0,N/A,0,N/A,0,N/A,0,N/A,0,N/A,0,N/A,0,N/A,0,N/A,0,N/A,0,N/A,0,N/A,0,0,0,0,N/A,0,N/A,0,0,0,N/A,0,N/A,0,N/A,0,N/A,0,N/A,0,N/A,0,N/A,0,N/A,0,N/A,0,N/A,0,N/A,0,N/A,0,N/A,0,N/A,0,N/A,0,N/A,0,0,0,0,0,0,0,0,0,0,0,0,0,0,0,0,0,0,0,0,0,0,0,0,0,0,0,0,0,0,0,0,0,0,0,0,0,0,0,0,0,–,0,0,0,0,N/A,0,0,0,N/A,0,0,0,N/A,0,N/A,0,N/A,0,N/A,0,N/A,0,N/A,0,N/A,0,N/A,0,N/A,0,0,0,N/A,0.4242,227,18.9203388484,239,9.238,301,0
Kentucky,Nicholls St.,Mark Pope,Tevon Saddler,SEC,Southland,11/4/2025,,"Lexington, KY",HOME,,1,0,0,0,0,,,0,,,,0,0,0,0,35,1,0,0,0,0,0,0,0,N/A,0,N/A,0,0,0,N/A,0,N/A,0,N/A,0,N/A,0,0,0,N/A,0,N/A,0,N/A,0,N/A,0,N/A,0,N/A,0,N/A,0,N/A,0,N/A,0,N/A,0,N/A,0,N/A,0,N/A,0,N/A,0,N/A,0,N/A,0,N/A,0,N/A,0,N/A,0,N/A,0,N/A,0,0,0,0,N/A,0,N/A,0,0,0,N/A,0,N/A,0,N/A,0,N/A,0,N/A,0,N/A,0,N/A,0,N/A,0,N/A,0,N/A,0,N/A,0,N/A,0,N/A,0,N/A,0,N/A,0,N/A,0,0,0,0,0,0,0,0,0,0,0,0,0,0,0,0,0,0,0,0,0,0,0,0,0,0,0,0,0,0,0,0,0,0,0,0,0,0,0,0,0,–,0,0,0,0,N/A,0,0,0,N/A,0,0,0,N/A,0,N/A,0,N/A,0,N/A,0,N/A,0,N/A,0,N/A,0,N/A,0,N/A,0,0,0,N/A,0.6667,47,74.0708329534242,43,51.085,36,0
Nicholls St.,Kentucky,Tevon Saddler,Mark Pope,Southland,SEC,11/4/2025,,"Lexington, KY",AWAY,,1,0,0,1,1,0,0,0,,,,0,0,0,0,-5,0,1,0,0,0,0,0,0,N/A,0,N/A,0,0,0,N/A,0,N/A,0,N/A,0,N/A,0,0,0,N/A,0,N/A,0,N/A,0,N/A,0,N/A,0,N/A,0,N/A,0,N/A,0,N/A,0,N/A,0,N/A,0,N/A,0,N/A,0,N/A,0,N/A,0,N/A,0,N/A,0,N/A,0,N/A,0,N/A,0,N/A,0,0,0,0,N/A,0,N/A,0,0,0,N/A,0,N/A,0,N/A,0,N/A,0,N/A,0,N/A,0,N/A,0,N/A,0,N/A,0,N/A,0,N/A,0,N/A,0,N/A,0,N/A,0,N/A,0,N/A,0,0,0,0,0,0,0,0,0,0,0,0,0,0,0,0,0,0,0,0,0,0,0,0,0,0,0,0,0,0,0,0,0,0,0,0,0,0,0,0,0,–,0,0,0,0,N/A,0,0,0,N/A,0,0,0,N/A,0,N/A,0,N/A,0,N/A,0,N/A,0,N/A,0,N/A,0,N/A,0,N/A,0,0,0,N/A,0.597,88,31.432605122,163,22.612,143,0
Southern,Marquette,Kevin Johnson,Shaka Smart,SWAC,Big East,11/5/2025,,"Milwaukee, WI",AWAY,,1,0,0,0,1,,,,25.5,,145.5,,0,1,0,-10,0,1,77,-32,27,69,69,0.391304347826087,N/A,27,N/A,12,27,0.444444444444444,N/A,12,N/A,0.467532467532468,N/A,0.391304347826087,N/A,11,24,0.458333333333333,N/A,11,N/A,0.347826086956522,N/A,104.279523293608,N/A,0.956521739130435,N/A,12,N/A,0.27906976744186,N/A,25,N/A,37,N/A,0.451219512195122,N/A,10,N/A,0.37037037037037,N/A,12,N/A,3,N/A,20,N/A,-2,N/A,-5,N/A,7,N/A,12,N/A,28,N/A,109,N/A,37,73,73,0.506849315068493,N/A,37,N/A,10,28,0.357142857142857,N/A,10,N/A,0.275229357798165,N/A,0.383561643835616,N/A,1.1830985915493,N/A,14,N/A,0.358974358974359,N/A,31,N/A,45,N/A,23,N/A,0.621621621621622,N/A,9,N/A,18,N/A,16,N/A,32,N/A,48,N/A,23,53,8,17,11,24,0.433962264150943,0.470588235294118,0.458333333333333,10,17,27,10,9,3,10,17,10,9,3,10,17,10,9,3,65,0.8519,1.109,1.0588,1,0.8333,0.68,0.7297,1,0.75,1,0.8442,0.6,9.676877538372,9.676877538372,9.676877538372,–,9.676877538372,0,0,0,N/A,0,0,0,N/A,0,0,0,N/A,0,N/A,0,N/A,0,N/A,0,N/A,0,N/A,0,N/A,0,N/A,0,N/A,0,0,0,N/A,0.5968,90,28.7896970656,178,10.472,274,0
Marquette,Southern,Shaka Smart,Kevin Johnson,Big East,SWAC,11/5/2025,,"Milwaukee, WI",HOME,,1,0,0,0,0,,,,-25.5,,145.5,,1,0,1,43,1,0,80,27,24,58,58,0.413793103448276,N/A,24,N/A,5,24,0.208333333333333,N/A,5,N/A,0.1875,N/A,0.413793103448276,N/A,27,39,0.692307692307692,N/A,27,N/A,0.672413793103448,N/A,116.144018583043,N/A,0.929824561403509,N/A,15,N/A,0.384615384615385,N/A,30,N/A,45,N/A,0.511363636363636,N/A,16,N/A,0.666666666666667,N/A,14,N/A,18,N/A,16,N/A,11,N/A,5,N/A,16,N/A,21,N/A,36,N/A,53,N/A,19,67,67,0.283582089552239,N/A,19,N/A,5,30,0.166666666666667,N/A,5,N/A,0.283018867924528,N/A,0.447761194029851,N/A,0.693548387096774,N/A,19,N/A,0.387755102040816,N/A,24,N/A,43,N/A,11,N/A,0.578947368421053,N/A,23,N/A,27,N/A,5,N/A,9,N/A,28,N/A,15,37,3,18,25,34,0.405405405405405,0.166666666666667,0.735294117647059,8,20,28,13,13,12,8,20,13,13,12,8,20,13,13,12,58,0.625,0.9797,0.8,1.0621,0.5333,0.6667,0.6222,0.8125,0.9286,0.6667,0.725,1,-4.40534027275963,-4.40534027275963,-4.40534027275963,–,-4.40534027275963,0,0,0,N/A,0,0,0,N/A,0,0,0,N/A,0,N/A,0,N/A,0,N/A,0,N/A,0,N/A,0,N/A,0,N/A,0,N/A,0,0,0,N/A,0.7071,29,119.36105955159,18,44.645,52,-34
South Dakota,Creighton,Eric Peterson,Greg McDermott,Summit,Big East,11/5/2025,,"Omaha, NE",AWAY,,1,0,0,1,1,,,,29.5,1800,168.5,,0,1,0,-13,0,1,79,-2,25,66,66,0.378787878787879,N/A,25,N/A,2,17,0.117647058823529,N/A,2,N/A,0.0759493670886076,N/A,0.257575757575758,N/A,27,35,0.771428571428571,N/A,27,N/A,0.53030303030303,N/A,101.438109912686,N/A,0.787878787878788,N/A,14,N/A,0.318181818181818,N/A,31,N/A,45,N/A,0.517241379310345,N/A,7,N/A,0.28,N/A,14,N/A,4,N/A,12,N/A,4,N/A,3,N/A,11,N/A,0,N/A,42,N/A,81,N/A,33,73,73,0.452054794520548,N/A,33,N/A,7,27,0.259259259259259,N/A,7,N/A,0.259259259259259,N/A,0.36986301369863,N/A,0.973333333333333,N/A,12,N/A,0.27906976744186,N/A,30,N/A,42,N/A,17,N/A,0.515151515151515,N/A,15,N/A,16,N/A,21,N/A,12,N/A,44,N/A,20,55,2,16,23,29,0.363636363636364,0.125,0.793103448275862,11,23,34,5,9,3,11,23,5,9,3,11,23,5,9,3,65,0.8,0.96,1.0625,1.0281,0.7857,0.7419,0.7556,0.7143,0.6429,0.75,0.8228,0.6,-11.640538900002,-11.640538900002,-11.640538900002,–,-11.640538900002,5,12,41.6666666666667,11,0,3,0,12,11,12,91.6666666666667,5,-1,357,6,6,7,3,2,3,2,358,4,362,3,361,0,14,0,1,0,13,0.4433,215,25.7449560866,196,11.341,259,0
Creighton,South Dakota,Greg McDermott,Eric Peterson,Big East,Summit,11/5/2025,,"Omaha, NE",HOME,,1,0,0,0,0,,,,-29.5,-5000,168.5,,0,0,0,23,0,0,0,0,0,0,0,0,N/A,0,N/A,0,0,0,N/A,0,N/A,0,N/A,0,N/A,0,0,0,N/A,0,N/A,0,N/A,0,N/A,0,N/A,0,N/A,0,N/A,0,N/A,0,N/A,0,N/A,0,N/A,0,N/A,0,N/A,0,N/A,0,N/A,0,N/A,0,N/A,0,N/A,0,N/A,0,N/A,0,N/A,0,0,0,0,N/A,0,N/A,0,0,0,N/A,0,N/A,0,N/A,0,N/A,0,N/A,0,N/A,0,N/A,0,N/A,0,N/A,0,N/A,0,N/A,0,N/A,0,N/A,0,N/A,0,N/A,0,N/A,0,0,0,0,0,0,0,0,0,0,0,0,0,0,0,0,0,0,0,0,0,0,0,0,0,0,0,0,0,0,0,0,0,0,0,0,0,0,0,0,0,0,0,0,0,0,N/A,0,0,0,N/A,0,0,0,N/A,0,N/A,0,N/A,0,N/A,0,N/A,0,N/A,0,N/A,0,N/A,0,N/A,0,0,0,N/A,0.8314,9,94.2520977683205,27,86.305,5,22
Southern Indiana,Butler,Stan Gouard,Thad Matta,Ohio Valley,Big East,11/5/2025,,"Indianapolis, IN",AWAY,,1,0,0,0,0,,,,22.5,1400,155.5,,0,0,0,-13,0,1,0,0,0,0,0,0,N/A,0,N/A,0,0,0,N/A,0,N/A,0,N/A,0,N/A,0,0,0,N/A,0,N/A,0,N/A,0,N/A,0,N/A,0,N/A,0,N/A,0,N/A,0,N/A,0,N/A,0,N/A,0,N/A,0,N/A,0,N/A,0,N/A,0,N/A,0,N/A,0,N/A,0,N/A,0,N/A,0,N/A,0,0,0,0,N/A,0,N/A,0,0,0,N/A,0,N/A,0,N/A,0,N/A,0,N/A,0,N/A,0,N/A,0,N/A,0,N/A,0,N/A,0,N/A,0,N/A,0,N/A,0,N/A,0,N/A,0,N/A,0,0,0,0,0,0,0,0,0,0,0,0,0,0,0,0,0,0,0,0,0,0,0,0,0,0,0,0,0,0,0,0,0,0,0,0,0,0,0,0,0,–,0,0,0,0,N/A,0,0,0,N/A,0,0,0,N/A,0,N/A,0,N/A,0,N/A,0,N/A,0,N/A,0,N/A,0,N/A,0,N/A,0,0,0,N/A,0.3579,271,10.6437468758,289,11.638,255,0
Butler,Southern Indiana,Thad Matta,Stan Gouard,Big East,Ohio Valley,11/5/2025,,"Indianapolis, IN",HOME,,1,0,0,0,0,,,,-22.5,-3200,155.5,,0,0,0,8,0,1,0,0,0,0,0,0,N/A,0,N/A,0,0,0,N/A,0,N/A,0,N/A,0,N/A,0,0,0,N/A,0,N/A,0,N/A,0,N/A,0,N/A,0,N/A,0,N/A,0,N/A,0,N/A,0,N/A,0,N/A,0,N/A,0,N/A,0,N/A,0,N/A,0,N/A,0,N/A,0,N/A,0,N/A,0,N/A,0,N/A,0,0,0,0,N/A,0,N/A,0,0,0,N/A,0,N/A,0,N/A,0,N/A,0,N/A,0,N/A,0,N/A,0,N/A,0,N/A,0,N/A,0,N/A,0,N/A,0,N/A,0,N/A,0,N/A,0,N/A,0,0,0,0,0,0,0,0,0,0,0,0,0,0,0,0,0,0,0,0,0,0,0,0,0,0,0,0,0,0,0,0,0,0,0,0,0,0,0,0,0,0,0,0,0,0,N/A,0,0,0,N/A,0,0,0,N/A,0,N/A,0,N/A,0,N/A,0,N/A,0,N/A,0,N/A,0,N/A,0,N/A,0,0,0,N/A,0.47,192,83.3545933504016,37,4.101,346,0
North Alabama,Mississippi St.,Tony Pujol,Chris Jans,ASUN,SEC,11/5/2025,,"Starkville, MS",AWAY,,1,0,0,0,1,,,,24.5,,152.5,,0,0,0,-5,0,1,0,0,0,0,0,0,N/A,0,N/A,0,0,0,N/A,0,N/A,0,N/A,0,N/A,0,0,0,N/A,0,N/A,0,N/A,0,N/A,0,N/A,0,N/A,0,N/A,0,N/A,0,N/A,0,N/A,0,N/A,0,N/A,0,N/A,0,N/A,0,N/A,0,N/A,0,N/A,0,N/A,0,N/A,0,N/A,0,N/A,0,0,0,0,N/A,0,N/A,0,0,0,N/A,0,N/A,0,N/A,0,N/A,0,N/A,0,N/A,0,N/A,0,N/A,0,N/A,0,N/A,0,N/A,0,N/A,0,N/A,0,N/A,0,N/A,0,N/A,0,0,0,0,0,0,0,0,0,0,0,0,0,0,0,0,0,0,0,0,0,0,0,0,0,0,0,0,0,0,0,0,0,0,0,0,0,0,0,0,0,–,0,0,0,0,N/A,0,0,0,N/A,0,0,0,N/A,0,N/A,0,N/A,0,N/A,0,N/A,0,N/A,0,N/A,0,N/A,0,N/A,0,0,0,N/A,0.4722,189,17.8824065354,244,25.958,123,121
Mississippi St.,North Alabama,Chris Jans,Tony Pujol,SEC,ASUN,11/5/2025,,"Starkville, MS",HOME,,1,0,0,0,0,,,,-24.5,,152.5,,0,0,0,41,1,1,0,0,0,0,0,0,N/A,0,N/A,0,0,0,N/A,0,N/A,0,N/A,0,N/A,0,0,0,N/A,0,N/A,0,N/A,0,N/A,0,N/A,0,N/A,0,N/A,0,N/A,0,N/A,0,N/A,0,N/A,0,N/A,0,N/A,0,N/A,0,N/A,0,N/A,0,N/A,0,N/A,0,N/A,0,N/A,0,N/A,0,0,0,0,N/A,0,N/A,0,0,0,N/A,0,N/A,0,N/A,0,N/A,0,N/A,0,N/A,0,N/A,0,N/A,0,N/A,0,N/A,0,N/A,0,N/A,0,N/A,0,N/A,0,N/A,0,N/A,0,0,0,0,0,0,0,0,0,0,0,0,0,0,0,0,0,0,0,0,0,0,0,0,0,0,0,0,0,0,0,0,0,0,0,0,0,0,0,0,0,–,0,0,0,0,N/A,0,0,0,N/A,0,0,0,N/A,0,N/A,0,N/A,0,N/A,0,N/A,0,N/A,0,N/A,0,N/A,0,N/A,0,0,0,N/A,0.6117,73,81.0615503651714,39,43.439,53,0
Temple,Delaware St.,Adam Fisher,Stan Waterman,American,MEAC,11/5/2025,,"Philadelphia, PA",HOME,,1,0,0,0,0,,,,-17.5,,154.5,,0,0,0,-13,0,1,0,0,0,0,0,0,N/A,0,N/A,0,0,0,N/A,0,N/A,0,N/A,0,N/A,0,0,0,N/A,0,N/A,0,N/A,0,N/A,0,N/A,0,N/A,0,N/A,0,N/A,0,N/A,0,N/A,0,N/A,0,N/A,0,N/A,0,N/A,0,N/A,0,N/A,0,N/A,0,N/A,0,N/A,0,N/A,0,N/A,0,0,0,0,N/A,0,N/A,0,0,0,N/A,0,N/A,0,N/A,0,N/A,0,N/A,0,N/A,0,N/A,0,N/A,0,N/A,0,N/A,0,N/A,0,N/A,0,N/A,0,N/A,0,N/A,0,N/A,0,0,0,0,0,0,0,0,0,0,0,0,0,0,0,0,0,0,0,0,0,0,0,0,0,0,0,0,0,0,0,0,0,0,0,0,0,0,0,0,0,–,0,0,0,0,N/A,0,0,0,N/A,0,0,0,N/A,0,N/A,0,N/A,0,N/A,0,N/A,0,N/A,0,N/A,0,N/A,0,N/A,0,0,0,N/A,0.4853,179,30.2208182239333,169,14.392,216,0
Delaware St.,Temple,Stan Waterman,Adam Fisher,MEAC,American,11/5/2025,,"Philadelphia, PA",AWAY,,1,0,0,0,0,,,,17.5,,154.5,,0,0,0,-13,0,1,0,0,0,0,0,0,N/A,0,N/A,0,0,0,N/A,0,N/A,0,N/A,0,N/A,0,0,0,N/A,0,N/A,0,N/A,0,N/A,0,N/A,0,N/A,0,N/A,0,N/A,0,N/A,0,N/A,0,N/A,0,N/A,0,N/A,0,N/A,0,N/A,0,N/A,0,N/A,0,N/A,0,N/A,0,N/A,0,N/A,0,0,0,0,N/A,0,N/A,0,0,0,N/A,0,N/A,0,N/A,0,N/A,0,N/A,0,N/A,0,N/A,0,N/A,0,N/A,0,N/A,0,N/A,0,N/A,0,N/A,0,N/A,0,N/A,0,N/A,0,0,0,0,0,0,0,0,0,0,0,0,0,0,0,0,0,0,0,0,0,0,0,0,0,0,0,0,0,0,0,0,0,0,0,0,0,0,0,0,0,0,0,0,0,0,N/A,0,0,0,N/A,0,0,0,N/A,0,N/A,0,N/A,0,N/A,0,N/A,0,N/A,0,N/A,0,N/A,0,N/A,0,0,0,N/A,0.3197,285,14.3436446314,266,15.297,207,59
La Salle,Coppin St.,Darris Nichols,Larry Stewart,A10,MEAC,11/5/2025,,"Philadelphia, PA",HOME,,1,0,0,0,0,,,,-17.5,,,,0,0,0,-13,0,1,0,0,0,0,0,0,N/A,0,N/A,0,0,0,N/A,0,N/A,0,N/A,0,N/A,0,0,0,N/A,0,N/A,0,N/A,0,N/A,0,N/A,0,N/A,0,N/A,0,N/A,0,N/A,0,N/A,0,N/A,0,N/A,0,N/A,0,N/A,0,N/A,0,N/A,0,N/A,0,N/A,0,N/A,0,N/A,0,N/A,0,0,0,0,N/A,0,N/A,0,0,0,N/A,0,N/A,0,N/A,0,N/A,0,N/A,0,N/A,0,N/A,0,N/A,0,N/A,0,N/A,0,N/A,0,N/A,0,N/A,0,N/A,0,N/A,0,N/A,0,0,0,0,0,0,0,0,0,0,0,0,0,0,0,0,0,0,0,0,0,0,0,0,0,0,0,0,0,0,0,0,0,0,0,0,0,0,0,0,0,–,0,0,0,0,N/A,0,0,0,N/A,0,0,0,N/A,0,N/A,0,N/A,0,N/A,0,N/A,0,N/A,0,N/A,0,N/A,0,N/A,0,0,0,N/A,0,313,22.6882341742,214,11.448,258,0
Coppin St.,La Salle,Larry Stewart,Darris Nichols,MEAC,A10,11/5/2025,,"Philadelphia, PA",AWAY,,1,0,0,0,0,,,,17.5,,,,0,1,0,-13,0,1,61,-22,21,49,49,0.428571428571429,N/A,21,N/A,7,19,0.368421052631579,N/A,7,N/A,0.344262295081967,N/A,0.387755102040816,N/A,12,16,0.75,N/A,12,N/A,0.326530612244898,N/A,92.033796016898,N/A,0.80327868852459,N/A,8,N/A,0.258064516129032,N/A,21,N/A,29,N/A,0.46031746031746,N/A,11,N/A,0.523809523809524,N/A,20,N/A,4,N/A,17,N/A,1,N/A,-11,N/A,11,N/A,5,N/A,24,N/A,83,N/A,25,55,55,0.454545454545455,N/A,25,N/A,10,29,0.344827586206897,N/A,10,N/A,0.36144578313253,N/A,0.527272727272727,N/A,0.9375,N/A,11,N/A,0.34375,N/A,23,N/A,34,N/A,16,N/A,0.64,N/A,12,N/A,18,N/A,30,N/A,14,N/A,30,N/A,19,39,6,12,12,16,0.487179487179487,0.5,0.75,5,14,19,8,15,2,5,14,8,15,2,5,14,8,15,2,56,0.9048,1.1368,1.3571,1,0.625,0.6667,0.6552,0.7273,0.75,0.5,0.918,1,31.227891052152,31.227891052152,31.227891052152,0,31.227891052152,0,0,0,N/A,0,0,0,N/A,0,0,0,N/A,0,N/A,0,N/A,0,N/A,0,N/A,0,N/A,0,N/A,0,N/A,0,N/A,0,0,0,N/A,0.1333,308,0.5414422586,333,5.405,343,0
Loyola Marymount,Eastern Washington,Stan Johnson,Dan Monsoon,WCC,Big Sky,11/5/2025,,"Los Angeles, CA",HOME,,1,0,0,0,0,,,,-8.5,-395,154.5,,0,0,0,-13,0,1,0,0,0,0,0,0,N/A,0,N/A,0,0,0,N/A,0,N/A,0,N/A,0,N/A,0,0,0,N/A,0,N/A,0,N/A,0,N/A,0,N/A,0,N/A,0,N/A,0,N/A,0,N/A,0,N/A,0,N/A,0,N/A,0,N/A,0,N/A,0,N/A,0,N/A,0,N/A,0,N/A,0,N/A,0,N/A,0,N/A,0,0,0,0,N/A,0,N/A,0,0,0,N/A,0,N/A,0,N/A,0,N/A,0,N/A,0,N/A,0,N/A,0,N/A,0,N/A,0,N/A,0,N/A,0,N/A,0,N/A,0,N/A,0,N/A,0,N/A,0,0,0,0,0,0,0,0,0,0,0,0,0,0,0,0,0,0,0,0,0,0,0,0,0,0,0,0,0,0,0,0,0,0,0,0,0,0,0,0,0,–,0,0,0,0,N/A,0,0,0,N/A,0,0,0,N/A,0,N/A,0,N/A,0,N/A,0,N/A,0,N/A,0,N/A,0,N/A,0,N/A,0,0,0,N/A,0.4966,169,10.7286311918667,288,11.676,253,35
Eastern Washington,Loyola Marymount,Dan Monsoon,Stan Johnson,Big Sky,WCC,11/5/2025,,"Los Angeles, CA",AWAY,,1,0,0,0,0,,,,8.5,310,154.5,,0,1,0,1,0,1,74,-6,29,54,54,0.537037037037037,N/A,29,N/A,7,25,0.28,N/A,7,N/A,0.283783783783784,N/A,0.462962962962963,N/A,9,14,0.642857142857143,N/A,9,N/A,0.259259259259259,N/A,108.887580929959,N/A,1.015625,N/A,6,N/A,0.206896551724138,N/A,24,N/A,30,N/A,0.461538461538462,N/A,22,N/A,0.758620689655172,N/A,16,N/A,5,N/A,13,N/A,-1,N/A,-14,N/A,11,N/A,6,N/A,38,N/A,80,N/A,33,70,70,0.471428571428571,N/A,33,N/A,8,26,0.307692307692308,N/A,8,N/A,0.3,N/A,0.371428571428571,N/A,1,N/A,12,N/A,0.333333333333333,N/A,23,N/A,35,N/A,19,N/A,0.575757575757576,N/A,8,N/A,12,N/A,13,N/A,12,N/A,38,N/A,27,49,7,22,9,14,0.551020408163265,0.318181818181818,0.642857142857143,6,21,27,20,14,3,6,21,20,14,3,6,21,20,14,3,70,0.931,1.026,1.1364,1,1,0.875,0.9,0.9091,0.875,0.6,0.9459,1,139.614508691543,139.614508691543,139.614508691543,0,139.614508691543,5,8,62.5,4,1,4,25,10,1,2,50,16,8,1,7,3,5,10,1,9,2,358,2,355,1,349,1,7,1,0,0.5,8,0.303,289,35.8384302091097,142,18.485,173,0
USC Upstate,Fresno St.,Marty Richter,Vance Walberg,Big South,Mountain West,11/5/2025,,"Fresno, CA",AWAY,,1,0,0,0,0,,,,9.5,400,165.5,,0,1,0,-16,0,1,75,-12,25,54,54,0.462962962962963,N/A,25,N/A,5,17,0.294117647058824,N/A,5,N/A,0.2,N/A,0.314814814814815,N/A,20,29,0.689655172413793,N/A,20,N/A,0.537037037037037,N/A,109.011627906977,N/A,0.916666666666667,N/A,8,N/A,0.242424242424242,N/A,22,N/A,30,N/A,0.441176470588235,N/A,3,N/A,0.12,N/A,14,N/A,5,N/A,19,N/A,2,N/A,-12,N/A,7,N/A,11,N/A,34,N/A,87,N/A,34,64,64,0.53125,N/A,34,N/A,7,16,0.4375,N/A,7,N/A,0.241379310344828,N/A,0.25,N/A,1.15384615384615,N/A,13,N/A,0.371428571428571,N/A,25,N/A,38,N/A,16,N/A,0.470588235294118,N/A,7,N/A,21,N/A,19,N/A,6,N/A,54,N/A,21,48,5,17,17,26,0.4375,0.294117647058824,0.653846153846154,5,18,23,1,11,5,5,18,1,11,5,5,18,1,11,5,64,0.84,0.945,1,0.9481,0.625,0.8182,0.7667,0.3333,0.7857,1,0.8533,1,19.37116061279,19.37116061279,19.37116061279,–,19.37116061279,0,0,0,N/A,0,0,0,N/A,0,0,0,N/A,0,N/A,0,N/A,0,N/A,0,N/A,0,N/A,0,N/A,0,N/A,0,N/A,0,0,0,N/A,0.1818,307,9.7263502996,293,12.234,245,0
Fresno St.,USC Upstate,Vance Walberg,Marty Richter,Mountain West,Big South,11/5/2025,,"Fresno, CA",HOME,,1,0,0,0,0,,,,-9.5,-600,165.5,,0,0,0,-16,0,1,0,0,0,0,0,0,N/A,0,N/A,0,0,0,N/A,0,N/A,0,N/A,0,N/A,0,0,0,N/A,0,N/A,0,N/A,0,N/A,0,N/A,0,N/A,0,N/A,0,N/A,0,N/A,0,N/A,0,N/A,0,N/A,0,N/A,0,N/A,0,N/A,0,N/A,0,N/A,0,N/A,0,N/A,0,N/A,0,N/A,0,0,0,0,N/A,0,N/A,0,0,0,N/A,0,N/A,0,N/A,0,N/A,0,N/A,0,N/A,0,N/A,0,N/A,0,N/A,0,N/A,0,N/A,0,N/A,0,N/A,0,N/A,0,N/A,0,N/A,0,0,0,0,0,0,0,0,0,0,0,0,0,0,0,0,0,0,0,0,0,0,0,0,0,0,0,0,0,0,0,0,0,0,0,0,0,0,0,0,0,–,0,0,0,0,N/A,0,0,0,N/A,0,0,0,N/A,0,N/A,0,N/A,0,N/A,0,N/A,0,N/A,0,N/A,0,N/A,0,N/A,0,0,0,N/A,0.1875,306,17.8454482858,245,9.623,293,0
Indiana,Alabama A&M,Darian DeVries,Donte Jackson,Big Ten,SWAC,11/5/2025,,"Bloomington, IN",HOME,,1,0,0,0,0,,,,-29.5,,146.5,,0,0,0,-5,0,0,0,0,0,0,0,0,N/A,0,N/A,0,0,0,N/A,0,N/A,0,N/A,0,N/A,0,0,0,N/A,0,N/A,0,N/A,0,N/A,0,N/A,0,N/A,0,N/A,0,N/A,0,N/A,0,N/A,0,N/A,0,N/A,0,N/A,0,N/A,0,N/A,0,N/A,0,N/A,0,N/A,0,N/A,0,N/A,0,N/A,0,0,0,0,N/A,0,N/A,0,0,0,N/A,0,N/A,0,N/A,0,N/A,0,N/A,0,N/A,0,N/A,0,N/A,0,N/A,0,N/A,0,N/A,0,N/A,0,N/A,0,N/A,0,N/A,0,N/A,0,0,0,0,0,0,0,0,0,0,0,0,0,0,0,0,0,0,0,0,0,0,0,0,0,0,0,0,0,0,0,0,0,0,0,0,0,0,0,0,0,–,0,0,0,0,N/A,0,0,0,N/A,0,0,0,N/A,0,N/A,0,N/A,0,N/A,0,N/A,0,N/A,0,N/A,0,N/A,0,N/A,0,0,0,N/A,0,313,63.2609695842952,54,15.516,205,0
Alabama A&M,Indiana,Donte Jackson,Darian DeVries,SWAC,Big Ten,11/5/2025,,"Bloomington, IN",AWAY,,1,0,0,0,0,,,,29.5,,146.5,,0,0,0,-15,0,1,0,0,0,0,0,0,N/A,0,N/A,0,0,0,N/A,0,N/A,0,N/A,0,N/A,0,0,0,N/A,0,N/A,0,N/A,0,N/A,0,N/A,0,N/A,0,N/A,0,N/A,0,N/A,0,N/A,0,N/A,0,N/A,0,N/A,0,N/A,0,N/A,0,N/A,0,N/A,0,N/A,0,N/A,0,N/A,0,N/A,0,0,0,0,N/A,0,N/A,0,0,0,N/A,0,N/A,0,N/A,0,N/A,0,N/A,0,N/A,0,N/A,0,N/A,0,N/A,0,N/A,0,N/A,0,N/A,0,N/A,0,N/A,0,N/A,0,N/A,0,0,0,0,0,0,0,0,0,0,0,0,0,0,0,0,0,0,0,0,0,0,0,0,0,0,0,0,0,0,0,0,0,0,0,0,0,0,0,0,0,–,0,0,0,0,N/A,0,0,0,N/A,0,0,0,N/A,0,N/A,0,N/A,0,N/A,0,N/A,0,N/A,0,N/A,0,N/A,0,N/A,0,0,0,N/A,0,313,19.2858722083111,236,10.112,285,0
Rutgers,Rider,Steve Pikiell,Kevin Baggett,Big Ten,MAAC,11/5/2025,,"Piscataway, NJ",HOME,,1,0,0,0,0,,,,-19.5,-3200,130.5,,0,0,0,3,0,0,0,0,0,0,0,0,N/A,0,N/A,0,0,0,N/A,0,N/A,0,N/A,0,N/A,0,0,0,N/A,0,N/A,0,N/A,0,N/A,0,N/A,0,N/A,0,N/A,0,N/A,0,N/A,0,N/A,0,N/A,0,N/A,0,N/A,0,N/A,0,N/A,0,N/A,0,N/A,0,N/A,0,N/A,0,N/A,0,N/A,0,0,0,0,N/A,0,N/A,0,0,0,N/A,0,N/A,0,N/A,0,N/A,0,N/A,0,N/A,0,N/A,0,N/A,0,N/A,0,N/A,0,N/A,0,N/A,0,N/A,0,N/A,0,N/A,0,N/A,0,0,0,0,0,0,0,0,0,0,0,0,0,0,0,0,0,0,0,0,0,0,0,0,0,0,0,0,0,0,0,0,0,0,0,0,0,0,0,0,0,–,0,0,0,0,N/A,0,0,0,N/A,0,0,0,N/A,0,N/A,0,N/A,0,N/A,0,N/A,0,N/A,0,N/A,0,N/A,0,N/A,0,0,0,N/A,0.5122,152,36.3573883079838,141,15.149,209,-68
Rider,Rutgers,Kevin Baggett,Steve Pikiell,MAAC,Big Ten,11/5/2025,,"Piscataway, NJ",AWAY,,1,0,0,0,0,,,,19.5,1400,139.5,,0,1,0,-7,0,1,53,-34,16,49,49,0.326530612244898,N/A,16,N/A,3,12,0.25,N/A,3,N/A,0.169811320754717,N/A,0.244897959183673,N/A,18,29,0.620689655172414,N/A,18,N/A,0.591836734693878,N/A,91.5055248618785,N/A,0.7,N/A,13,N/A,0.325,N/A,19,N/A,32,N/A,0.395061728395062,N/A,7,N/A,0.4375,N/A,14,N/A,3,N/A,23,N/A,-15,N/A,-17,N/A,6,N/A,7,N/A,16,N/A,87,N/A,30,64,64,0.46875,N/A,30,N/A,8,30,0.266666666666667,N/A,8,N/A,0.275862068965517,N/A,0.46875,N/A,1.21428571428571,N/A,22,N/A,0.536585365853659,N/A,27,N/A,49,N/A,14,N/A,0.466666666666667,N/A,6,N/A,8,N/A,22,N/A,11,N/A,42,N/A,11,31,2,8,12,18,0.354838709677419,0.25,0.666666666666667,8,15,23,4,8,0,8,15,4,8,0,8,15,4,8,0,36,0.6875,1.0867,1,1.0741,0.6154,0.7895,0.7188,0.5714,0.5714,0,0.6792,1,10.613126094778,10.613126094778,10.613126094778,–,10.613126094778,0,0,0,N/A,0,0,0,N/A,0,0,0,N/A,0,N/A,0,N/A,0,N/A,0,N/A,0,N/A,0,N/A,0,N/A,0,N/A,0,0,0,N/A,0.5037,162,17.0452855874,255,10.664,272,-17
UC Davis,North Dakota St.,Jim Les,David Richman,Big West,Summit,11/5/2025,,"Davis, CA",HOME,,1,0,0,0,0,,,,-3.5,-155,143.5,,0,0,0,-1,0,1,0,0,0,0,0,0,N/A,0,N/A,0,0,0,N/A,0,N/A,0,N/A,0,N/A,0,0,0,N/A,0,N/A,0,N/A,0,N/A,0,N/A,0,N/A,0,N/A,0,N/A,0,N/A,0,N/A,0,N/A,0,N/A,0,N/A,0,N/A,0,N/A,0,N/A,0,N/A,0,N/A,0,N/A,0,N/A,0,N/A,0,0,0,0,N/A,0,N/A,0,0,0,N/A,0,N/A,0,N/A,0,N/A,0,N/A,0,N/A,0,N/A,0,N/A,0,N/A,0,N/A,0,N/A,0,N/A,0,N/A,0,N/A,0,N/A,0,N/A,0,0,0,0,0,0,0,0,0,0,0,0,0,0,0,0,0,0,0,0,0,0,0,0,0,0,0,0,0,0,0,0,0,0,0,0,0,0,0,0,0,–,0,0,0,0,N/A,0,0,0,N/A,0,0,0,N/A,0,N/A,0,N/A,0,N/A,0,N/A,0,N/A,0,N/A,0,N/A,0,N/A,0,0,0,N/A,0.493,173,22.529944116258,217,12.377,243,-26
North Dakota St.,UC Davis,David Richman,Jim Les,Summit,Big West,11/5/2025,,"Davis, CA",AWAY,,1,0,0,0,0,,,,3.5,130,143.5,,0,1,0,4,0,1,65,-2,26,66,66,0.393939393939394,N/A,26,N/A,6,31,0.193548387096774,N/A,6,N/A,0.276923076923077,N/A,0.46969696969697,N/A,7,11,0.636363636363636,N/A,7,N/A,0.166666666666667,N/A,99.8770743700061,N/A,0.935483870967742,N/A,11,N/A,0.282051282051282,N/A,25,N/A,36,N/A,0.521739130434783,N/A,17,N/A,0.653846153846154,N/A,7,N/A,7,N/A,22,N/A,-8,N/A,11,N/A,14,N/A,8,N/A,32,N/A,67,N/A,20,45,45,0.444444444444444,N/A,20,N/A,8,22,0.363636363636364,N/A,8,N/A,0.358208955223881,N/A,0.488888888888889,N/A,1.02127659574468,N/A,5,N/A,0.166666666666667,N/A,28,N/A,33,N/A,13,N/A,0.65,N/A,12,N/A,14,N/A,10,N/A,5,N/A,20,N/A,25,62,6,29,7,11,0.403225806451613,0.206896551724138,0.636363636363636,10,20,30,17,7,6,10,20,17,7,6,10,20,17,7,6,63,0.9615,1.0236,1.069,1,0.9091,0.8,0.8333,1,1,0.8571,0.9692,1,34.2963338792019,34.2963338792019,34.2963338792019,–,34.2963338792019,3,10,30,18,0,6,0,12,0,0,0,18,0,10,4,14,5,10,1,9,0,1,0,1,4,362,2,2,0,0,0,13,0.596,91,32.5687279087879,161,12.565,239,-78
Maryland Eastern Shore,Georgia,Cleo Hill Jr,Mike White,MEAC,SEC,11/5/2025,,"Athens, GA",AWAY,,1,0,0,0,0,,,,32.5,,141.5,,0,0,0,-16,0,1,0,0,0,0,0,0,N/A,0,N/A,0,0,0,N/A,0,N/A,0,N/A,0,N/A,0,0,0,N/A,0,N/A,0,N/A,0,N/A,0,N/A,0,N/A,0,N/A,0,N/A,0,N/A,0,N/A,0,N/A,0,N/A,0,N/A,0,N/A,0,N/A,0,N/A,0,N/A,0,N/A,0,N/A,0,N/A,0,N/A,0,0,0,0,N/A,0,N/A,0,0,0,N/A,0,N/A,0,N/A,0,N/A,0,N/A,0,N/A,0,N/A,0,N/A,0,N/A,0,N/A,0,N/A,0,N/A,0,N/A,0,N/A,0,N/A,0,N/A,0,0,0,0,0,0,0,0,0,0,0,0,0,0,0,0,0,0,0,0,0,0,0,0,0,0,0,0,0,0,0,0,0,0,0,0,0,0,0,0,0,–,0,0,0,0,N/A,0,0,0,N/A,0,0,0,N/A,0,N/A,0,N/A,0,N/A,0,N/A,0,N/A,0,N/A,0,N/A,0,N/A,0,0,0,N/A,0.1935,304,6.719901579,312,8.115,314,0
Georgia,Maryland Eastern Shore,Mike White,Cleo Hill Jr,SEC,MEAC,11/5/2025,,"Athens, GA",HOME,,1,0,0,0,0,,,,-32.5,,141.5,,1,0,1,23,0,1,104,45,38,70,70,0.542857142857143,N/A,38,N/A,9,29,0.310344827586207,N/A,9,N/A,0.259615384615385,N/A,0.414285714285714,N/A,19,21,0.904761904761905,N/A,19,N/A,0.3,N/A,138.004246284501,N/A,1.26865671641791,N/A,9,N/A,0.28125,N/A,29,N/A,38,N/A,0.567164179104478,N/A,13,N/A,0.342105263157895,N/A,6,N/A,16,N/A,5,N/A,10,N/A,19,N/A,31,N/A,31,N/A,58,N/A,59,N/A,23,57,57,0.403508771929825,N/A,23,N/A,8,28,0.285714285714286,N/A,8,N/A,0.406779661016949,N/A,0.491228070175439,N/A,0.947368421052632,N/A,6,N/A,0.171428571428571,N/A,23,N/A,29,N/A,16,N/A,0.695652173913043,N/A,22,N/A,15,N/A,9,N/A,4,N/A,30,N/A,27,49,5,19,12,13,0.551020408163265,0.263157894736842,0.923076923076923,6,22,28,11,6,10,6,22,11,6,10,6,22,11,6,10,71,0.7105,1.015,0.848,1.0202,0.6667,0.7586,0.7368,0.8462,1,0.625,0.6827,1,45.7590206555754,45.7590206555754,45.7590206555754,–,45.7590206555754,0,0,0,N/A,0,0,0,N/A,0,0,0,N/A,0,N/A,0,N/A,0,N/A,0,N/A,0,N/A,0,N/A,0,N/A,0,N/A,0,0,0,N/A,0.5534,117,78.8461696178086,41,16.086,198,0
New Mexico,East Texas A&M,Eric Olen,Jaret von Rosenberg,Mountain West,Southland,11/5/2025,,"Albuquerque, NM",HOME,,1,0,0,0,0,,,,-21.5,-3600,142.5,,0,0,0,-3,0,0,0,0,0,0,0,0,N/A,0,N/A,0,0,0,N/A,0,N/A,0,N/A,0,N/A,0,0,0,N/A,0,N/A,0,N/A,0,N/A,0,N/A,0,N/A,0,N/A,0,N/A,0,N/A,0,N/A,0,N/A,0,N/A,0,N/A,0,N/A,0,N/A,0,N/A,0,N/A,0,N/A,0,N/A,0,N/A,0,N/A,0,0,0,0,N/A,0,N/A,0,0,0,N/A,0,N/A,0,N/A,0,N/A,0,N/A,0,N/A,0,N/A,0,N/A,0,N/A,0,N/A,0,N/A,0,N/A,0,N/A,0,N/A,0,N/A,0,N/A,0,0,0,0,0,0,0,0,0,0,0,0,0,0,0,0,0,0,0,0,0,0,0,0,0,0,0,0,0,0,0,0,0,0,0,0,0,0,0,0,0,–,0,0,0,0,N/A,0,0,0,N/A,0,0,0,N/A,0,N/A,0,N/A,0,N/A,0,N/A,0,N/A,0,N/A,0,N/A,0,N/A,0,0,0,N/A,0,313,35.1158055576667,146,47.097,41,0
East Texas A&M,New Mexico,Jaret von Rosenberg,Eric Olen,Southland,Mountain West,11/5/2025,,"Albuquerque, NM",AWAY,,1,0,0,0,1,,,,21.5,1500,142.5,,0,0,0,-13,0,1,0,0,0,0,0,0,N/A,0,N/A,0,0,0,N/A,0,N/A,0,N/A,0,N/A,0,0,0,N/A,0,N/A,0,N/A,0,N/A,0,N/A,0,N/A,0,N/A,0,N/A,0,N/A,0,N/A,0,N/A,0,N/A,0,N/A,0,N/A,0,N/A,0,N/A,0,N/A,0,N/A,0,N/A,0,N/A,0,N/A,0,0,0,0,N/A,0,N/A,0,0,0,N/A,0,N/A,0,N/A,0,N/A,0,N/A,0,N/A,0,N/A,0,N/A,0,N/A,0,N/A,0,N/A,0,N/A,0,N/A,0,N/A,0,N/A,0,N/A,0,0,0,0,0,0,0,0,0,0,0,0,0,0,0,0,0,0,0,0,0,0,0,0,0,0,0,0,0,0,0,0,0,0,0,0,0,0,0,0,0,–,0,0,0,0,N/A,0,0,0,N/A,0,0,0,N/A,0,N/A,0,N/A,0,N/A,0,N/A,0,N/A,0,N/A,0,N/A,0,N/A,0,0,0,N/A,0.3196,286,13.9301680632,272,12.498,240,0