,Team,,Top25,Home,OT,Opponent,Date,,FGM,FGA,,3M,3A,,FTM,FTA,,SM,Clutch SM,REB,OPPReb,Off REB,Opp Off Reb,Turn,OppTurn,steal,Win,ComeFromBehindWins,BlownLeadClutchLoss,Away,Neutral,Top 25,Overtime,Opp Historical Value,Opp Historical Value 1-100,Opp Historical Value 101-200,Opp Historical Value 300+,Opp Current Value,SOS of Game,% of points in clutch,Opp % of points in clutch,"Had Lead, but Lost",Came back from deficit and won,Perfect Fg,Perfect 3Fg,Perfect Ft,Free throws lost game,Made a 10+ marg into clutch game ,20% of scoring came during clut,"Clutch Shot differential? Move Value to part of SOS, average clutch last year?, percentage of clutch points from 3 and ft, opp 2 fg and 3fg",Clutch Value
Team:,,,,,,,,,Sum:,Sum:,,Sum:,Sum:,,Sum:,Sum:,,,Average:,Average:,Average:,Average:,Average:,Average:,Average:,Average:,Average:,Sum:,Sum:,,Sum:,Sum:,Sum:,,,,,,,,,,,,,,,,,,Sum:
Abilene Christian,,,,,,,,,2,3,,0,0,,5,7,,,-2,4,3,0,1,4,1,1,1,0,0,,0,0,0,,,,,,,,,,,,,,,,,,2.0182
,Abilene Christian,,0,HOME,0,Nebraska Omaha,"November 6, 2025",,2,3,0.666666666666667,0,0,0,5,7,0.714285714285714,2,-2,4,3,0,1,4,1,1,1,0,0,0,0,0,0,27.277,,,,,,0.123287671232877,0.154929577464789,0,0,0,0,0,0,0,0,,2.0182
Air Force,,,,,,,,,0,0,,0,0,,0,0,,,0,0,0,0,0,0,0,0,0,0,0,,0,0,0,,,,,,,,,,,,,,,,,,0
,Air Force,,,,,,,,,,,,,,,,,,,,,,,,,,,,,,,,,,,,,,,,,,,,,,,,,,
Akron,,,,,,,,,0,0,,0,0,,0,0,,,0,0,0,0,0,0,0,0,0,0,0,,0,0,0,,,,,,,,,,,,,,,,,,0
,Akron,,,,,,,,,,,,,,,,,,,,,,,,,,,,,,,,,,,,,,,,,,,,,,,,,,
Alabama,,,,,,,,,4,7,,1,2,,5,8,,,5,5,8,0,2,0,4,4,1,0,0,,0,1,0,,,,,,,,,,,,,,,,,,12.3574
,Alabama,,1,AWAY,0,St. John's,"November 8, 2025",,4,7,0.571428571428571,1,2,0.5,5,8,0.625,7,5,5,8,0,2,0,4,4,1,0,0,1,0,1,0,31.841,,,,,,0.135922330097087,0.09375,0,0,0,0,0,0,0,0,,12.3574
Alabama A&M,,,,,,,,,0,0,,0,0,,0,0,,,0,0,0,0,0,0,0,0,0,0,0,,0,0,0,,,,,,,,,,,,,,,,,,0
,Alabama A&M,,,,,,,,,,,,,,,,,,,,,,,,,,,,,,,,,,,,,,,,,,,,,,,,,,
Alabama St.,,,,,,,,,0,0,,0,0,,0,0,,,0,0,0,0,0,0,0,0,0,0,0,,0,0,0,,,,,,,,,,,,,,,,,,0
,Alabama St.,,,,,,,,,,,,,,,,,,,,,,,,,,,,,,,,,,,,,,,,,,,,,,,,,,
Albany,,,,,,,,,0,0,,0,0,,0,0,,,0,0,0,0,0,0,0,0,0,0,0,,0,0,0,,,,,,,,,,,,,,,,,,0
,Albany,,,,,,,,,,,,,,,,,,,,,,,,,,,,,,,,,,,,,,,,,,,,,,,,,,
Alcorn St.,,,,,,,,,3,7,,2,6,,2,2,,,-3,3,4,1,2,2,0,0,0,0,0,,0,0,0,,,,,,,,,,,,,,,,,,1.1049
,Alcorn St.,,0,AWAY,0,South Alabama,"November 6, 2025",,3,7,0.428571428571429,2,6,0.333333333333333,2,2,1,-6,-3,3,4,1,2,2,0,0,0,0,0,1,0,0,0,14.692,,,,,,0.142857142857143,0.171052631578947,0,0,0,0,0,0,0,0,,1.1049
American,,,,,,,,,0,0,,0,0,,0,0,,,0,0,0,0,0,0,0,0,0,0,0,,0,0,0,,,,,,,,,,,,,,,,,,0
,American,,,,,,,,,,,,,,,,,,,,,,,,,,,,,,,,,,,,,,,,,,,,,,,,,,
Appalachian St.,,,,,,,,,0,0,,0,0,,0,0,,,0,0,0,0,0,0,0,0,0,0,0,,0,0,0,,,,,,,,,,,,,,,,,,0
,Appalachian St.,,,,,,,,,,,,,,,,,,,,,,,,,,,,,,,,,,,,,,,,,,,,,,,,,,
Arizona,,,,,,,,,0,0,,0,0,,0,0,,,0,0,0,0,0,0,0,0,0,0,0,,0,0,0,,,,,,,,,,,,,,,,,,0
,Arizona,,,,,,,,,,,,,,,,,,,,,,,,,,,,,,,,,,,,,,,,,,,,,,,,,,
Arizona St.,,,,,,,,,0,0,,0,0,,0,0,,,0,0,0,0,0,0,0,0,0,0,0,,0,0,0,,,,,,,,,,,,,,,,,,0
,Arizona St.,,,,,,,,,,,,,,,,,,,,,,,,,,,,,,,,,,,,,,,,,,,,,,,,,,
Arkansas,,,,,,,,,2,10,,1,5,,1,3,,,3,8,3,5,0,1,3,3,0,0,0,,0,1,0,,,,,,,,,,,,,,,,,,9.3577
,Arkansas,,1,AWAY,0,Michigan St.,"November 8, 2025",,2,10,0.2,1,5,0.2,1,3,0.333333333333333,-3,3,8,3,5,0,1,3,3,0,0,0,1,0,1,0,84.604,,,,,,0.0909090909090909,0.0434782608695652,0,0,0,0,0,0,0,0,,9.3577
Arkansas Pine Bluff,,,,,,,,,0,0,,0,0,,0,0,,,0,0,0,0,0,0,0,0,0,0,0,,0,0,0,,,,,,,,,,,,,,,,,,0
,Arkansas Pine Bluff,,,,,,,,,,,,,,,,,,,,,,,,,,,,,,,,,,,,,,,,,,,,,,,,,,
Arkansas St.,,,,,,,,,3,4,,2,2,,9,10,,,4,5,1,1,1,1,0,0,1,1,0,,0,0,0,,,,,,,,,,,,,,,,,,7.741
,Arkansas St.,,0,AWAY,0,Ohio,"November 3, 2025",,3,4,0.75,2,2,1,9,10,0.9,4,4,5,1,1,1,1,0,0,1,1,0,1,0,0,0,23.706,,,,,,0.191011235955056,0.152941176470588,0,0,0,0,0,0,0,0,,7.741
Army,,,,,,,,,0,0,,0,0,,0,0,,,0,0,0,0,0,0,0,0,0,0,0,,0,0,0,,,,,,,,,,,,,,,,,,0
,Army,,,,,,,,,,,,,,,,,,,,,,,,,,,,,,,,,,,,,,,,,,,,,,,,,,
Auburn,,,,,,,,,6,12,,0,2,,12,13,,,2,6,9,2,4,2,5,5,1,0,0,,0,0,1,,,,,,,,,,,,,,,,,,14.0992
,Auburn,,1,HOME,1,Bethune Cookman,"November 3, 2025",,6,12,0.5,0,2,0,12,13,0.923076923076923,5,2,6,9,2,4,2,5,5,1,0,0,0,0,0,1,17.215,,,,,,0.252631578947368,0.244444444444444,0,0,0,0,0,0,0,1,,14.0992
Austin Peay,,,,,,,,,0,0,,0,0,,0,0,,,0,0,0,0,0,0,0,0,0,0,0,,0,0,0,,,,,,,,,,,,,,,,,,0
,Austin Peay,,,,,,,,,,,,,,,,,,,,,,,,,,,,,,,,,,,,,,,,,,,,,,,,,,
Ball St.,,,,,,,,,4,7,,2,3,,7,9,,,6,7,2,2,0,1,1,0,1,0,0,,0,0,0,,,,,,,,,,,,,,,,,,9.5207
,Ball St.,,0,HOME,0,Louisiana,"November 3, 2025",,4,7,0.571428571428571,2,3,0.666666666666667,7,9,0.777777777777778,11,6,7,2,2,0,1,1,0,1,0,0,0,0,0,0,21.78,,,,,,0.226666666666667,0.171875,0,0,0,0,0,0,0,1,,9.5207
Baylor,,,,,,,,,0,0,,0,0,,0,0,,,0,0,0,0,0,0,0,0,0,0,0,,0,0,0,,,,,,,,,,,,,,,,,,0
,Baylor,,,,,,,,,,,,,,,,,,,,,,,,,,,,,,,,,,,,,,,,,,,,,,,,,,
Bellarmine,,,,,,,,,0,0,,0,0,,0,0,,,0,0,0,0,0,0,0,0,0,0,0,,0,0,0,,,,,,,,,,,,,,,,,,0
,Bellarmine,,,,,,,,,,,,,,,,,,,,,,,,,,,,,,,,,,,,,,,,,,,,,,,,,,
Belmont,,,,,,,,,3,5,,1,1,,9,12,,,-1,5,4,0,1,1,0,0,1,0,0,,0,0,0,,,,,,,,,,,,,,,,,,4.084
,Belmont,,0,HOME,0,Tennessee St.,"November 8, 2025",,3,5,0.6,1,1,1,9,12,0.75,8,-1,5,4,0,1,1,0,0,1,0,0,0,0,0,0,12.945,,,,,,0.183908045977011,0.215189873417722,0,0,0,0,0,0,0,0,,4.084
Bethune Cookman,,,,,,,,,7,15,,3,5,,5,5,,,-2,9,6,4,2,5,2,2,0,0,0,,0,1,1,,,,,,,,,,,,,,,,,,9.6107
,Bethune Cookman,,0,AWAY,1,Auburn,"November 3, 2025",,7,15,0.466666666666667,3,5,0.6,5,5,1,-5,-2,9,6,4,2,5,2,2,0,0,0,1,0,1,1,75.482,,,,,,0.244444444444444,0.252631578947368,0,0,0,0,1,0,0,1,,9.6107
Binghamton,,,,,,,,,0,0,,0,0,,0,0,,,0,0,0,0,0,0,0,0,0,0,0,,0,0,0,,,,,,,,,,,,,,,,,,0
,Binghamton,,,,,,,,,,,,,,,,,,,,,,,,,,,,,,,,,,,,,,,,,,,,,,,,,,
Boise St.,,,,,,,,,0,0,,0,0,,0,0,,,0,0,0,0,0,0,0,0,0,0,0,,0,0,0,,,,,,,,,,,,,,,,,,0
,Boise St.,,,,,,,,,,,,,,,,,,,,,,,,,,,,,,,,,,,,,,,,,,,,,,,,,,
Boston College,,,,,,,,,5,16,,3,7,,3,6,,,-14,12,9,5,2,4,1,1,0,0,1,,0,0,1,,,,,,,,,,,,,,,,,,-5.9539
,Boston College,,0,AWAY,1,Florida Atlantic,"November 3, 2025",,5,16,0.3125,3,7,0.428571428571429,3,6,0.5,-5,-14,12,9,5,2,4,1,1,0,0,1,1,0,0,1,57.266,,,,,,0.205128205128205,0.36144578313253,1,0,0,0,0,1,0,1,,-5.9539
Boston University,,,,,,,,,4,9,,0,3,,9,10,,,-2,3,8,0,2,4,4,2,1,0,0,,0,0,1,,,,,,,,,,,,,,,,,,5.2684
,Boston University,,0,AWAY,1,Northeastern,"November 3, 2025",,4,9,0.444444444444444,0,3,0,9,10,0.9,1,-2,3,8,0,2,4,4,2,1,0,0,1,0,0,1,9.622,,,,,,0.223684210526316,0.253333333333333,0,0,0,0,0,0,0,1,,5.2684
Bowling Green,,,,,,,,,0,0,,0,0,,0,0,,,0,0,0,0,0,0,0,0,0,0,0,,0,0,0,,,,,,,,,,,,,,,,,,0
,Bowling Green,,,,,,,,,,,,,,,,,,,,,,,,,,,,,,,,,,,,,,,,,,,,,,,,,,
Bradley,,,,,,,,,0,0,,0,0,,0,0,,,0,0,0,0,0,0,0,0,0,0,0,,0,0,0,,,,,,,,,,,,,,,,,,0
,Bradley,,,,,,,,,,,,,,,,,,,,,,,,,,,,,,,,,,,,,,,,,,,,,,,,,,
Brown,,,,,,,,,0,0,,0,0,,0,0,,,0,0,0,0,0,0,0,0,0,0,0,,0,0,0,,,,,,,,,,,,,,,,,,0
,Brown,,,,,,,,,,,,,,,,,,,,,,,,,,,,,,,,,,,,,,,,,,,,,,,,,,
Bryant,,,,,,,,,0,0,,0,0,,0,0,,,0,0,0,0,0,0,0,0,0,0,0,,0,0,0,,,,,,,,,,,,,,,,,,0
,Bryant,,,,,,,,,,,,,,,,,,,,,,,,,,,,,,,,,,,,,,,,,,,,,,,,,,
Bucknell,,,,,,,,,7,13,,2,5,,13,16,,,4,5.5,3,1.5,0.5,1,1,1,1,0,0,,0,0,0,,,,,,,,,,,,,,,,,,20.411
,Bucknell,,0,AWAY,0,Mount St. Mary's,"November 7, 2025",,4,5,0.8,1,1,1,7,10,0.7,11,8,4,4,0,1,0,1,1,1,0,0,1,0,0,0,32.212,,,,,,0.219178082191781,0.129032258064516,0,0,0,0,0,0,0,1,,11.619
,Bucknell,,0,HOME,0,Delaware,"November 3, 2025",,3,8,0.375,1,4,0.25,6,6,1,8,0,7,2,3,0,2,1,1,1,0,0,0,0,0,0,13.599,,,,,,0.166666666666667,0.185714285714286,0,0,0,0,1,0,0,0,,8.792
Buffalo,,,,,,,,,6,9,,3,5,,18,26,,,2,4,4.5,0.5,1,2,2.5,1.5,1,0,0,,0,0,0,,,,,,,,,,,,,,,,,,15.3225
,Buffalo,,0,HOME,0,Green Bay,"November 7, 2025",,4,5,0.8,2,3,0.666666666666667,10,14,0.714285714285714,7,2,5,3,1,0,2,1,1,1,0,0,0,0,0,0,-0.455,,,,,,0.240963855421687,0.236842105263158,0,0,0,0,0,0,0,1,,8.3362
,Buffalo,,0,HOME,0,Southern Miss,"November 3, 2025",,2,4,0.5,1,2,0.5,8,12,0.666666666666667,6,2,3,6,0,2,2,4,2,1,0,0,0,0,0,0,17.211,,,,,,0.152941176470588,0.139240506329114,0,0,0,0,0,0,0,0,,6.9863
Butler,,,,,,,,,0,0,,0,0,,0,0,,,0,0,0,0,0,0,0,0,0,0,0,,0,0,0,,,,,,,,,,,,,,,,,,0
,Butler,,,,,,,,,,,,,,,,,,,,,,,,,,,,,,,,,,,,,,,,,,,,,,,,,,
BYU,,,,,,,,,3,9,,0,2,,4,6,,,3,7,6,1,0,0,2,0,1,0,0,,1,0,0,,,,,,,,,,,,,,,,,,5.1077
,BYU,,1,NEUTRAL,0,Villanova,"November 3, 2025",,3,9,0.333333333333333,0,2,0,4,6,0.666666666666667,5,3,7,6,1,0,0,2,0,1,0,0,0,1,0,0,55.768,,,,,,0.140845070422535,0.106060606060606,0,0,0,0,0,0,0,0,,5.1077
Cal Baptist,,,,,,,,,1,3,,0,1,,8,10,,,-11,6,3,1,1,5,0,0,1,0,0,,0,0,0,,,,,,,,,,,,,,,,,,-4.0217
,Cal Baptist,,0,AWAY,0,UC Irvine,"November 7, 2025",,1,3,0.333333333333333,0,1,0,8,10,0.8,8,-11,6,3,1,1,5,0,0,1,0,0,1,0,0,0,37.729,,,,,,0.144927536231884,0.344262295081967,0,0,0,0,0,0,0,0,,-4.0217
Cal Poly,,,,,,,,,0,0,,0,0,,0,0,,,0,0,0,0,0,0,0,0,0,0,0,,0,0,0,,,,,,,,,,,,,,,,,,0
,Cal Poly,,,,,,,,,,,,,,,,,,,,,,,,,,,,,,,,,,,,,,,,,,,,,,,,,,
Cal St. Bakersfield,,,,,,,,,0,0,,0,0,,0,0,,,0,0,0,0,0,0,0,0,0,0,0,,0,0,0,,,,,,,,,,,,,,,,,,0
,Cal St. Bakersfield,,,,,,,,,,,,,,,,,,,,,,,,,,,,,,,,,,,,,,,,,,,,,,,,,,
Cal St. Fullerton,,,,,,,,,3,11,,0,1,,8,11,,,-4,8,7,3,1,2,1,1,0,0,0,,0,0,0,,,,,,,,,,,,,,,,,,2.4983
,Cal St. Fullerton,,0,AWAY,0,Wyoming,"November 8, 2025",,3,11,0.272727272727273,0,1,0,8,11,0.727272727272727,-10,-4,8,7,3,1,2,1,1,0,0,0,1,0,0,0,13.636,,,,,,0.170731707317073,0.195652173913043,0,0,0,0,0,0,0,0,,2.4983
Cal St. Northridge,,,,,,,,,0,0,,0,0,,0,0,,,0,0,0,0,0,0,0,0,0,0,0,,0,0,0,,,,,,,,,,,,,,,,,,0
,Cal St. Northridge,,,,,,,,,,,,,,,,,,,,,,,,,,,,,,,,,,,,,,,,,,,,,,,,,,
California,,,,,,,,,1,2,,1,2,,7,8,,,2,3,5,0,3,3,2,1,1,0,0,,0,0,0,,,,,,,,,,,,,,,,,,4.98
,California,,0,HOME,0,Wright St.,"November 6, 2025",,1,2,0.5,1,2,0.5,7,8,0.875,10,2,3,5,0,3,3,2,1,1,0,0,0,0,0,0,18.506,,,,,,0.12987012987013,0.119402985074627,0,0,0,0,0,0,0,0,,4.98
Campbell,,,,,,,,,4,9,,0,1,,8,10,,,0,6,4,3,1,1,0,0,0,0,0,,0,0,0,,,,,,,,,,,,,,,,,,4.9904
,Campbell,,0,AWAY,0,West Virginia,"November 6, 2025",,4,9,0.444444444444444,0,1,0,8,10,0.8,-8,0,6,4,3,1,1,0,0,0,0,0,1,0,0,0,2.488,,,,,,0.246153846153846,0.219178082191781,0,0,0,0,0,0,0,1,,4.9904
Canisius,,,,,,,,,0,0,,0,0,,0,0,,,0,0,0,0,0,0,0,0,0,0,0,,0,0,0,,,,,,,,,,,,,,,,,,0
,Canisius,,,,,,,,,,,,,,,,,,,,,,,,,,,,,,,,,,,,,,,,,,,,,,,,,,
Central Arkansas,,,,,,,,,0,0,,0,0,,0,0,,,0,0,0,0,0,0,0,0,0,0,0,,0,0,0,,,,,,,,,,,,,,,,,,0
,Central Arkansas,,,,,,,,,,,,,,,,,,,,,,,,,,,,,,,,,,,,,,,,,,,,,,,,,,
Central Connecticut,,,,,,,,,0,0,,0,0,,0,0,,,0,0,0,0,0,0,0,0,0,0,0,,0,0,0,,,,,,,,,,,,,,,,,,0
,Central Connecticut,,,,,,,,,,,,,,,,,,,,,,,,,,,,,,,,,,,,,,,,,,,,,,,,,,
Central Michigan,,,,,,,,,0,0,,0,0,,0,0,,,0,0,0,0,0,0,0,0,0,0,0,,0,0,0,,,,,,,,,,,,,,,,,,0
,Central Michigan,,,,,,,,,,,,,,,,,,,,,,,,,,,,,,,,,,,,,,,,,,,,,,,,,,
Charleston,,,,,,,,,0,0,,0,0,,0,0,,,0,0,0,0,0,0,0,0,0,0,0,,0,0,0,,,,,,,,,,,,,,,,,,0
,Charleston,,,,,,,,,,,,,,,,,,,,,,,,,,,,,,,,,,,,,,,,,,,,,,,,,,
Charleston Southern,,,,,,,,,0,0,,0,0,,0,0,,,0,0,0,0,0,0,0,0,0,0,0,,0,0,0,,,,,,,,,,,,,,,,,,0
,Charleston Southern,,,,,,,,,,,,,,,,,,,,,,,,,,,,,,,,,,,,,,,,,,,,,,,,,,
Charlotte,,,,,,,,,3,7,,0,3,,5,8,,,-5,6,2,3,0,2,1,1,1,0,0,,0,0,0,,,,,,,,,,,,,,,,,,2.5356
,Charlotte,,0,HOME,0,Tennessee Tech,"November 7, 2025",,3,7,0.428571428571429,0,3,0,5,8,0.625,5,-5,6,2,3,0,2,1,1,1,0,0,0,0,0,0,8.697,,,,,,0.157142857142857,0.246153846153846,0,0,0,0,0,0,0,0,,2.5356
Chattanooga,,,,,,,,,0,0,,0,0,,0,0,,,0,0,0,0,0,0,0,0,0,0,0,,0,0,0,,,,,,,,,,,,,,,,,,0
,Chattanooga,,,,,,,,,,,,,,,,,,,,,,,,,,,,,,,,,,,,,,,,,,,,,,,,,,
Chicago St.,,,,,,,,,0,0,,0,0,,0,0,,,0,0,0,0,0,0,0,0,0,0,0,,0,0,0,,,,,,,,,,,,,,,,,,0
,Chicago St.,,,,,,,,,,,,,,,,,,,,,,,,,,,,,,,,,,,,,,,,,,,,,,,,,,
Cincinnati,,,,,,,,,0,0,,0,0,,0,0,,,0,0,0,0,0,0,0,0,0,0,0,,0,0,0,,,,,,,,,,,,,,,,,,0
,Cincinnati,,,,,,,,,,,,,,,,,,,,,,,,,,,,,,,,,,,,,,,,,,,,,,,,,,
Clemson,,,,,,,,,0,0,,0,0,,0,0,,,0,0,0,0,0,0,0,0,0,0,0,,0,0,0,,,,,,,,,,,,,,,,,,0
,Clemson,,,,,,,,,,,,,,,,,,,,,,,,,,,,,,,,,,,,,,,,,,,,,,,,,,
Cleveland St.,,,,,,,,,4,7,,2,3,,2,2,,,1,6,5,2,4,1,0,0,0,0,0,,0,0,0,,,,,,,,,,,,,,,,,,4.4741
,Cleveland St.,,0,AWAY,0,Loyola Chicago,"November 3, 2025",,4,7,0.571428571428571,2,3,0.666666666666667,2,2,1,-3,1,6,5,2,4,1,0,0,0,0,0,1,0,0,0,41.822,,,,,,0.136363636363636,0.120879120879121,0,0,0,0,0,0,0,0,,4.4741
Coastal Carolina,,,,,,,,,4,10,,1,3,,3,5,,,-4,4,4,3,0,1,1,1,0,0,0,,0,0,0,,,,,,,,,,,,,,,,,,2.9023
,Coastal Carolina,,0,AWAY,0,Western Michigan,"November 3, 2025",,4,10,0.4,1,3,0.333333333333333,3,5,0.6,-5,-4,4,4,3,0,1,1,1,0,0,0,1,0,0,0,6.734,,,,,,0.169014084507042,0.197368421052632,0,0,0,0,0,0,0,0,,2.9023
Colgate,,,,,,,,,2,5,,0,2,,3,4,,,-8,3,4,0,1,4,1,1,0,0,1,,0,0,0,,,,,,,,,,,,,,,,,,-3.592
,Colgate,,0,HOME,0,Northeastern,"November 7, 2025",,2,5,0.4,0,2,0,3,4,0.75,-3,-8,3,4,0,1,4,1,1,0,0,1,0,0,0,0,9.622,,,,,,0.107692307692308,0.220588235294118,1,0,0,0,0,0,0,0,,-3.592
Colorado,,,,,,,,,9,17,,6,9,,26,31,,,4.5,6,3.5,1.5,1,1,1,1,1,0,0,,0,0,1,,,,,,,,,,,,,,,,,,23.0631
,Colorado,,0,HOME,1,Eastern Washington,"November 8, 2025",,7,12,0.583333333333333,5,7,0.714285714285714,17,22,0.772727272727273,5,4,8,3,3,1,2,1,1,1,0,0,0,0,0,1,18.485,,,,,,0.352941176470588,0.319587628865979,0,0,0,0,0,0,0,1,,11.7961
,Colorado,,0,HOME,0,Montana St.,"November 3, 2025",,2,5,0.4,1,2,0.5,9,9,1,6,5,4,4,0,1,0,1,1,1,0,0,0,0,0,0,38.671,,,,,,0.166666666666667,0.115384615384615,0,0,0,0,1,0,0,0,,11.267
Colorado St.,,,,,,,,,0,0,,0,0,,0,0,,,0,0,0,0,0,0,0,0,0,0,0,,0,0,0,,,,,,,,,,,,,,,,,,0
,Colorado St.,,,,,,,,,,,,,,,,,,,,,,,,,,,,,,,,,,,,,,,,,,,,,,,,,,
Columbia,,,,,,,,,0,0,,0,0,,0,0,,,0,0,0,0,0,0,0,0,0,0,0,,0,0,0,,,,,,,,,,,,,,,,,,0
,Columbia,,,,,,,,,,,,,,,,,,,,,,,,,,,,,,,,,,,,,,,,,,,,,,,,,,
Connecticut,,,,,,,,,0,0,,0,0,,0,0,,,0,0,0,0,0,0,0,0,0,0,0,,0,0,0,,,,,,,,,,,,,,,,,,0
,Connecticut,,,,,,,,,,,,,,,,,,,,,,,,,,,,,,,,,,,,,,,,,,,,,,,,,,
Coppin St.,,,,,,,,,0,0,,0,0,,0,0,,,0,0,0,0,0,0,0,0,0,0,0,,0,0,0,,,,,,,,,,,,,,,,,,0
,Coppin St.,,,,,,,,,,,,,,,,,,,,,,,,,,,,,,,,,,,,,,,,,,,,,,,,,,
Cornell,,,,,,,,,4,9,,2,6,,5,5,,,4,5,2,2,0,3,3,1,0,0,0,,0,0,0,,,,,,,,,,,,,,,,,,9.8248
,Cornell,,0,AWAY,0,Kent St.,"November 7, 2025",,4,9,0.444444444444444,2,6,0.333333333333333,5,5,1,-8,4,5,2,2,0,3,3,1,0,0,0,1,0,0,0,34.322,,,,,,0.147058823529412,0.1,0,0,0,0,1,0,1,0,,9.8248
Creighton,,,,,,,,,0,0,,0,0,,0,0,,,0,0,0,0,0,0,0,0,0,0,0,,0,0,0,,,,,,,,,,,,,,,,,,0
,Creighton,,,,,,,,,,,,,,,,,,,,,,,,,,,,,,,,,,,,,,,,,,,,,,,,,,
Dartmouth,,,,,,,,,0,0,,0,0,,0,0,,,0,0,0,0,0,0,0,0,0,0,0,,0,0,0,,,,,,,,,,,,,,,,,,0
,Dartmouth,,,,,,,,,,,,,,,,,,,,,,,,,,,,,,,,,,,,,,,,,,,,,,,,,,
Davidson,,,,,,,,,0,0,,0,0,,0,0,,,0,0,0,0,0,0,0,0,0,0,0,,0,0,0,,,,,,,,,,,,,,,,,,0
,Davidson,,,,,,,,,,,,,,,,,,,,,,,,,,,,,,,,,,,,,,,,,,,,,,,,,,
Dayton,,,,,,,,,1,4,,0,2,,8,10,,,1,5,3,2,1,1,0,0,1,0,0,,0,0,0,,,,,,,,,,,,,,,,,,4.08
,Dayton,,0,HOME,0,UMBC,"November 8, 2025",,1,4,0.25,0,2,0,8,10,0.8,6,1,5,3,2,1,1,0,0,1,0,0,0,0,0,0,9.973,,,,,,0.12987012987013,0.126760563380282,0,0,0,0,0,0,0,0,,4.08
Delaware,,,,,,,,,4,8,,3,5,,2,2,,,0,2,7,0,3,1,2,2,0,0,0,,0,0,0,,,,,,,,,,,,,,,,,,6.086
,Delaware,,0,AWAY,0,Bucknell,"November 3, 2025",,4,8,0.5,3,5,0.6,2,2,1,-8,0,2,7,0,3,1,2,2,0,0,0,1,0,0,0,12.218,,,,,,0.185714285714286,0.166666666666667,0,0,0,0,0,0,0,0,,6.086
Delaware St.,,,,,,,,,0,0,,0,0,,0,0,,,0,0,0,0,0,0,0,0,0,0,0,,0,0,0,,,,,,,,,,,,,,,,,,0
,Delaware St.,,,,,,,,,,,,,,,,,,,,,,,,,,,,,,,,,,,,,,,,,,,,,,,,,,
Denver,,,,,,,,,0,0,,0,0,,0,0,,,0,0,0,0,0,0,0,0,0,0,0,,0,0,0,,,,,,,,,,,,,,,,,,0
,Denver,,,,,,,,,,,,,,,,,,,,,,,,,,,,,,,,,,,,,,,,,,,,,,,,,,
DePaul,,,,,,,,,4,7,,1,1,,8,11,,,8,6,2,3,1,1,4,2,1,1,0,,0,0,0,,,,,,,,,,,,,,,,,,14.162
,DePaul,,0,HOME,0,Stonehill,"November 7, 2025",,4,7,0.571428571428571,1,1,1,8,11,0.727272727272727,8,8,6,2,3,1,1,4,2,1,1,0,0,0,0,0,11.766,,,,,,0.236111111111111,0.140625,0,0,0,0,0,0,0,1,,14.162
Detroit Mercy,,,,,,,,,0,0,,0,0,,0,0,,,0,0,0,0,0,0,0,0,0,0,0,,0,0,0,,,,,,,,,,,,,,,,,,0.1
,Detroit Mercy,,0,AWAY,0,Illinois Chicago,"November 3, 2025",,0,0,0,0,0,0,0,0,0,-20,0,0,0,0,0,0,0,0,0,0,0,1,0,0,0,9.362,,,,,,0,0,0,0,0,0,0,0,1,0,,0.1
Drake,,,,,,,,,6,14,,2,8,,18,23,,,2,6,7.5,1.5,3,1,2,1.5,0.5,0,0,,1,0,1,,,,,,,,,,,,,,,,,,15.2646
,Drake,,0,HOME,1,Robert Morris,"November 6, 2025",,4,10,0.4,1,5,0.2,10,12,0.833333333333333,-2,-1,4,11,1,5,0,3,3,0,0,0,0,0,0,1,28.542,,,,,,0.240506329113924,0.246913580246914,0,0,0,0,0,0,0,1,,8.7077
,Drake,,0,NEUTRAL,0,Northern Arizona,"November 3, 2025",,2,4,0.5,1,3,0.333333333333333,8,11,0.727272727272727,6,5,8,4,2,1,2,1,0,1,0,0,0,1,0,0,18.712,,,,,,0.168831168831169,0.0845070422535211,0,0,0,0,0,0,0,0,,6.5569
Drexel,,,,,,,,,0,0,,0,0,,0,0,,,0,0,0,0,0,0,0,0,0,0,0,,0,0,0,,,,,,,,,,,,,,,,,,0
,Drexel,,,,,,,,,,,,,,,,,,,,,,,,,,,,,,,,,,,,,,,,,,,,,,,,,,
Duke,,,,,,,,,0,0,,0,0,,0,0,,,0,0,0,0,0,0,0,0,0,0,0,,0,0,0,,,,,,,,,,,,,,,,,,0
,Duke,,,,,,,,,,,,,,,,,,,,,,,,,,,,,,,,,,,,,,,,,,,,,,,,,,
Duquesne,,,,,,,,,0,0,,0,0,,0,0,,,0,0,0,0,0,0,0,0,0,0,0,,0,0,0,,,,,,,,,,,,,,,,,,0
,Duquesne,,,,,,,,,,,,,,,,,,,,,,,,,,,,,,,,,,,,,,,,,,,,,,,,,,
East Carolina,,,,,,,,,4,7,,0,2,,7,11,,,0,7,3,4,2,5,4,2,1,0,0,,0,0,0,,,,,,,,,,,,,,,,,,5.9072
,East Carolina,,0,HOME,0,Georgia Southern,"November 4, 2025",,4,7,0.571428571428571,0,2,0,7,11,0.636363636363636,3,0,7,3,4,2,5,4,2,1,0,0,0,0,0,0,12.459,,,,,,0.16304347826087,0.168539325842697,0,0,0,0,0,0,0,0,,5.9072
East Tennessee St.,,,,,,,,,2,10,,1,6,,2,2,,,-10,4,6,3,2,0,1,1,0,0,1,,0,0,0,,,,,,,,,,,,,,,,,,-1.4243
,East Tennessee St.,,0,AWAY,0,Presbyterian,"November 8, 2025",,2,10,0.2,1,6,0.166666666666667,2,2,1,-4,-10,4,6,3,2,0,1,1,0,0,1,1,0,0,0,19.034,,,,,,0.109375,0.279411764705882,1,0,0,0,0,0,0,0,,-1.4243
East Texas A&M,,,,,,,,,0,0,,0,0,,0,0,,,0,0,0,0,0,0,0,0,0,0,0,,0,0,0,,,,,,,,,,,,,,,,,,0
,East Texas A&M,,,,,,,,,,,,,,,,,,,,,,,,,,,,,,,,,,,,,,,,,,,,,,,,,,
Eastern Illinois,,,,,,,,,5,13,,0,2,,16,23,,,-1.5,7.5,4,2,0,2,0.5,0,0.5,0,0,,0,0,0,,,,,,,,,,,,,,,,,,5.712
,Eastern Illinois,,0,HOME,0,Nicholls St.,"November 7, 2025",,1,3,0.333333333333333,0,0,0,14,19,0.736842105263158,8,0,8,4,1,0,2,0,0,1,0,0,0,0,0,0,22.612,,,,,,0.246153846153846,0.280701754385965,0,0,0,0,0,0,0,1,,4.753
,Eastern Illinois,,0,AWAY,0,Valparaiso,"November 4, 2025",,4,10,0.4,0,2,0,2,4,0.5,-3,-3,7,4,3,0,2,1,0,0,0,0,1,0,0,0,11.611,,,,,,0.158730158730159,0.196969696969697,0,0,0,0,0,0,0,0,,0.959
Eastern Kentucky,,,,,,,,,0,0,,0,0,,0,0,,,0,0,0,0,0,0,0,0,0,0,0,,0,0,0,,,,,,,,,,,,,,,,,,0
,Eastern Kentucky,,,,,,,,,,,,,,,,,,,,,,,,,,,,,,,,,,,,,,,,,,,,,,,,,,
Eastern Michigan,,,,,,,,,0,0,,0,0,,0,0,,,0,0,0,0,0,0,0,0,0,0,0,,0,0,0,,,,,,,,,,,,,,,,,,0
,Eastern Michigan,,,,,,,,,,,,,,,,,,,,,,,,,,,,,,,,,,,,,,,,,,,,,,,,,,
Eastern Washington,,,,,,,,,17,32,,4,11,,10,13,,,-1.33333333333333,5,6.66666666666667,1.33333333333333,2.33333333333333,1.33333333333333,1,0.666666666666667,0,0,0,,0,1,1,,,,,,,,,,,,,,,,,,11.0148
,Eastern Washington,,0,AWAY,1,Colorado,"November 8, 2025",,11,16,0.6875,3,4,0.75,6,7,0.857142857142857,-5,-4,3,8,1,3,1,2,1,0,0,0,1,0,0,1,56.291,,,,,,0.319587628865979,0.352941176470588,0,0,0,0,0,0,0,1,,5.4718
,Eastern Washington,,0,AWAY,0,Loyola Marymount,"November 5, 2025",,1,8,0.125,0,3,0,3,4,0.75,-8,-8,5,7,2,2,1,0,0,0,0,0,1,0,0,0,11.676,,,,,,0.0806451612903226,0.185714285714286,0,0,0,0,0,0,0,0,,-2.194
,Eastern Washington,,0,AWAY,0,UCLA,"November 3, 2025",,5,8,0.625,1,4,0.25,1,2,0.5,-6,8,7,5,1,2,2,1,1,0,0,0,1,0,1,0,55.924,,,,,,0.162162162162162,0.05,0,0,0,0,0,0,1,0,,7.737
Elon,,,,,,,,,5,16,,1,3,,6,7,,,7,12,11,4,4,2,4,2,1,1,0,,0,0,0,,,,,,,,,,,,,,,,,,12.5451
,Elon,,0,AWAY,0,UNC Greensboro,"November 8, 2025",,5,16,0.3125,1,3,0.333333333333333,6,7,0.857142857142857,2,7,12,11,4,4,2,4,2,1,1,0,1,0,0,0,19.88,,,,,,0.184782608695652,0.111111111111111,0,1,0,0,0,0,0,0,,12.5451
Evansville,,,,,,,,,0,0,,0,0,,0,0,,,0,0,0,0,0,0,0,0,0,0,0,,0,0,0,,,,,,,,,,,,,,,,,,0
,Evansville,,,,,,,,,,,,,,,,,,,,,,,,,,,,,,,,,,,,,,,,,,,,,,,,,,
Fairfield,,,,,,,,,2,6,,1,5,,2,2,,,-9,2,6,0,2,2,0,0,0,0,1,,0,0,0,,,,,,,,,,,,,,,,,,-4.4637
,Fairfield,,0,AWAY,0,Penn St.,"November 3, 2025",,2,6,0.333333333333333,1,5,0.2,2,2,1,-8,-9,2,6,0,2,2,0,0,0,0,1,1,0,0,0,1.023,,,,,,0.102941176470588,0.210526315789474,1,0,0,0,0,0,0,0,,-4.4637
Fairleigh Dickinson,,,,,,,,,0,0,,0,0,,0,0,,,0,0,0,0,0,0,0,0,0,0,0,,0,0,0,,,,,,,,,,,,,,,,,,0
,Fairleigh Dickinson,,,,,,,,,,,,,,,,,,,,,,,,,,,,,,,,,,,,,,,,,,,,,,,,,,
FIU,,,,,,,,,0,0,,0,0,,0,0,,,0,0,0,0,0,0,0,0,0,0,0,,0,0,0,,,,,,,,,,,,,,,,,,0
,FIU,,,,,,,,,,,,,,,,,,,,,,,,,,,,,,,,,,,,,,,,,,,,,,,,,,
Florida,,,,,,,,,0,0,,0,0,,0,0,,,0,0,0,0,0,0,0,0,0,0,0,,0,0,0,,,,,,,,,,,,,,,,,,0
,Florida,,,,,,,,,,,,,,,,,,,,,,,,,,,,,,,,,,,,,,,,,,,,,,,,,,
Florida A&M,,,,,,,,,0,0,,0,0,,0,0,,,0,0,0,0,0,0,0,0,0,0,0,,0,0,0,,,,,,,,,,,,,,,,,,0
,Florida A&M,,,,,,,,,,,,,,,,,,,,,,,,,,,,,,,,,,,,,,,,,,,,,,,,,,
Florida Atlantic,,,,,,,,,8,14,,5,8,,9,12,,,14,9,12,2,5,1,4,3,1,1,0,,0,0,1,,,,,,,,,,,,,,,,,,19.7574
,Florida Atlantic,,0,HOME,1,Boston College,"November 3, 2025",,8,14,0.571428571428571,5,8,0.625,9,12,0.75,5,14,9,12,2,5,1,4,3,1,1,0,0,0,0,1,-4.666,,,,,,0.36144578313253,0.205128205128205,0,1,0,0,0,0,0,1,,19.7574
Florida Gulf Coast,,,,,,,,,0,0,,0,0,,0,0,,,0,0,0,0,0,0,0,0,0,0,0,,0,0,0,,,,,,,,,,,,,,,,,,0
,Florida Gulf Coast,,,,,,,,,,,,,,,,,,,,,,,,,,,,,,,,,,,,,,,,,,,,,,,,,,
Florida St.,,,,,,,,,0,0,,0,0,,0,0,,,0,0,0,0,0,0,0,0,0,0,0,,0,0,0,,,,,,,,,,,,,,,,,,0
,Florida St.,,,,,,,,,,,,,,,,,,,,,,,,,,,,,,,,,,,,,,,,,,,,,,,,,,
Fordham,,,,,,,,,0,0,,0,0,,0,0,,,0,0,0,0,0,0,0,0,0,0,0,,0,0,0,,,,,,,,,,,,,,,,,,0
,Fordham,,,,,,,,,,,,,,,,,,,,,,,,,,,,,,,,,,,,,,,,,,,,,,,,,,
Fresno St.,,,,,,,,,2,9,,1,7,,3,4,,,0,5,7,2,2,0,2,1,0,0,0,,0,0,0,,,,,,,,,,,,,,,,,,4.4861
,Fresno St.,,0,HOME,0,USC Upstate,"November 5, 2025",,2,9,0.222222222222222,1,7,0.142857142857143,3,4,0.75,-1,0,5,7,2,2,0,2,1,0,0,0,0,0,0,0,12.234,,,,,,0.121212121212121,0.119402985074627,0,0,0,0,0,0,0,0,,4.4861
Furman,,,,,,,,,4,8,,3,5,,0,0,,,-1,6,2,2,0,3,0,0,0,0,0,,0,0,0,,,,,,,,,,,,,,,,,,0.98
,Furman,,0,HOME,0,Troy,"November 7, 2025",,4,8,0.5,3,5,0.6,0,0,0,-3,-1,6,2,2,0,3,0,0,0,0,0,0,0,0,0,34.931,,,,,,0.180327868852459,0.1875,0,0,0,0,0,0,0,0,,0.98
Gardner Webb,,,,,,,,,0,0,,0,0,,0,0,,,0,0,0,0,0,0,0,0,0,0,0,,0,0,0,,,,,,,,,,,,,,,,,,0
,Gardner Webb,,,,,,,,,,,,,,,,,,,,,,,,,,,,,,,,,,,,,,,,,,,,,,,,,,
George Mason,,,,,,,,,4,7,,2,3,,12,18,,,5,9,7,2,3,4,4,0,1,0,0,,0,0,0,,,,,,,,,,,,,,,,,,7.5004
,George Mason,,0,HOME,0,Winthrop,"November 7, 2025",,4,7,0.571428571428571,2,3,0.666666666666667,12,18,0.666666666666667,6,5,9,7,2,3,4,4,0,1,0,0,0,0,0,0,20.577,,,,,,0.229166666666667,0.188888888888889,0,0,0,0,0,0,0,1,,7.5004
George Washington,,,,,,,,,2,4,,1,3,,12,14,,,1,4,2,1,0,3,3,1,1,0,0,,1,0,0,,,,,,,,,,,,,,,,,,6.0196
,George Washington,,0,NEUTRAL,0,South Florida,"November 8, 2025",,2,4,0.5,1,3,0.333333333333333,12,14,0.857142857142857,4,1,4,2,1,0,3,3,1,1,0,0,0,1,0,0,14.081,,,,,,0.171717171717172,0.2,0,0,0,0,0,0,0,0,,6.0196
Georgetown,,,,,,,,,0,0,,0,0,,0,0,,,0,0,0,0,0,0,0,0,0,0,0,,0,0,0,,,,,,,,,,,,,,,,,,0
,Georgetown,,,,,,,,,,,,,,,,,,,,,,,,,,,,,,,,,,,,,,,,,,,,,,,,,,
Georgia,,,,,,,,,0,0,,0,0,,0,0,,,0,0,0,0,0,0,0,0,0,0,0,,0,0,0,,,,,,,,,,,,,,,,,,0
,Georgia,,,,,,,,,,,,,,,,,,,,,,,,,,,,,,,,,,,,,,,,,,,,,,,,,,
Georgia Southern,,,,,,,,,7,12,,1,5,,16,22,,,-0.5,2.5,6.5,1,3.5,3,4,3,0.5,0,0,,0,0,0,,,,,,,,,,,,,,,,,,13.041
,Georgia Southern,,0,HOME,0,UNC Asheville,"November 8, 2025",,4,6,0.666666666666667,1,3,0.333333333333333,7,10,0.7,3,-1,2,6,0,3,2,3,2,1,0,0,0,0,0,0,30.241,,,,,,0.172043010752688,0.188888888888889,0,0,0,0,0,0,0,0,,5.372
,Georgia Southern,,0,AWAY,0,East Carolina,"November 4, 2025",,3,6,0.5,0,2,0,9,12,0.75,-3,0,3,7,2,4,4,5,4,0,0,0,1,0,0,0,10.865,,,,,,0.168539325842697,0.16304347826087,0,0,0,0,0,0,0,0,,7.669
Georgia St.,,,,,,,,,0,0,,0,0,,0,0,,,0,0,0,0,0,0,0,0,0,0,0,,0,0,0,,,,,,,,,,,,,,,,,,0
,Georgia St.,,,,,,,,,,,,,,,,,,,,,,,,,,,,,,,,,,,,,,,,,,,,,,,,,,
Georgia Tech,,,,,,,,,5,15,,2,7,,6,10,,,5,12,9,6,3,2,3,2,1,1,0,,0,0,1,,,,,,,,,,,,,,,,,,13.34
,Georgia Tech,,0,HOME,1,Maryland Eastern Shore,"November 3, 2025",,5,15,0.333333333333333,2,7,0.285714285714286,6,10,0.6,4,5,12,9,6,3,2,3,2,1,1,0,0,0,0,1,8.115,,,,,,0.321428571428571,0.25,0,1,0,0,0,0,0,1,,13.34
Gonzaga,,,,,,,,,0,0,,0,0,,0,0,,,0,0,0,0,0,0,0,0,0,0,0,,0,0,0,,,,,,,,,,,,,,,,,,0
,Gonzaga,,,,,,,,,,,,,,,,,,,,,,,,,,,,,,,,,,,,,,,,,,,,,,,,,,
Grambling St.,,,,,,,,,0,0,,0,0,,0,0,,,0,0,0,0,0,0,0,0,0,0,0,,0,0,0,,,,,,,,,,,,,,,,,,0
,Grambling St.,,,,,,,,,,,,,,,,,,,,,,,,,,,,,,,,,,,,,,,,,,,,,,,,,,
Grand Canyon,,,,,,,,,0,0,,0,0,,0,0,,,0,0,0,0,0,0,0,0,0,0,0,,0,0,0,,,,,,,,,,,,,,,,,,0
,Grand Canyon,,,,,,,,,,,,,,,,,,,,,,,,,,,,,,,,,,,,,,,,,,,,,,,,,,
Green Bay,,,,,,,,,4,6,,1,3,,9,12,,,-2,3,5,0,1,1,2,1,0,0,0,,0,0,0,,,,,,,,,,,,,,,,,,5.037
,Green Bay,,0,AWAY,0,Buffalo,"November 7, 2025",,4,6,0.666666666666667,1,3,0.333333333333333,9,12,0.75,-7,-2,3,5,0,1,1,2,1,0,0,0,1,0,0,0,7.081,,,,,,0.236842105263158,0.240963855421687,0,0,0,0,0,0,0,1,,5.037
Hampton,,,,,,,,,0,0,,0,0,,0,0,,,0,0,0,0,0,0,0,0,0,0,0,,0,0,0,,,,,,,,,,,,,,,,,,0
,Hampton,,,,,,,,,,,,,,,,,,,,,,,,,,,,,,,,,,,,,,,,,,,,,,,,,,
Harvard,,,,,,,,,0,0,,0,0,,0,0,,,0,0,0,0,0,0,0,0,0,0,0,,0,0,0,,,,,,,,,,,,,,,,,,0
,Harvard,,,,,,,,,,,,,,,,,,,,,,,,,,,,,,,,,,,,,,,,,,,,,,,,,,
Hawaii,,,,,,,,,1,7,,0,2,,3,4,,,-1,4,9,1,5,0,1,0,0,0,0,,0,0,0,,,,,,,,,,,,,,,,,,1.0279
,Hawaii,,0,AWAY,0,Oregon,"November 4, 2025",,1,7,0.142857142857143,0,2,0,3,4,0.75,-1,-1,4,9,1,5,0,1,0,0,0,0,1,0,0,0,71.489,,,,,,0.0847457627118644,0.1,0,0,0,0,0,0,0,0,,1.0279
High Point,,,,,,,,,0,0,,0,0,,0,0,,,0,0,0,0,0,0,0,0,0,0,0,,0,0,0,,,,,,,,,,,,,,,,,,0
,High Point,,,,,,,,,,,,,,,,,,,,,,,,,,,,,,,,,,,,,,,,,,,,,,,,,,
Hofstra,,,,,,,,,3,9,,0,3,,5,6,,,3,6,4,4,2,1,2,2,0,0,0,,0,0,0,,,,,,,,,,,,,,,,,,8.341
,Hofstra,,0,AWAY,0,UCF,"November 3, 2025",,3,9,0.333333333333333,0,3,0,5,6,0.833333333333333,-4,3,6,4,4,2,1,2,2,0,0,0,1,0,0,0,26.79,,,,,,0.141025641025641,0.0975609756097561,0,0,0,0,0,0,0,0,,8.341
Holy Cross,,,,,,,,,0,0,,0,0,,0,0,,,0,0,0,0,0,0,0,0,0,0,0,,0,0,0,,,,,,,,,,,,,,,,,,0
,Holy Cross,,,,,,,,,,,,,,,,,,,,,,,,,,,,,,,,,,,,,,,,,,,,,,,,,,
Houston,,,,,,,,,0,0,,0,0,,0,0,,,0,0,0,0,0,0,0,0,0,0,0,,0,0,0,,,,,,,,,,,,,,,,,,0
,Houston,,,,,,,,,,,,,,,,,,,,,,,,,,,,,,,,,,,,,,,,,,,,,,,,,,
Houston Christian,,,,,,,,,0,0,,0,0,,0,0,,,0,0,0,0,0,0,0,0,0,0,0,,0,0,0,,,,,,,,,,,,,,,,,,0
,Houston Christian,,,,,,,,,,,,,,,,,,,,,,,,,,,,,,,,,,,,,,,,,,,,,,,,,,
Howard,,,,,,,,,0,0,,0,0,,0,0,,,0,0,0,0,0,0,0,0,0,0,0,,0,0,0,,,,,,,,,,,,,,,,,,0
,Howard,,,,,,,,,,,,,,,,,,,,,,,,,,,,,,,,,,,,,,,,,,,,,,,,,,
Idaho,,,,,,,,,1,5,,0,1,,1,5,,,-14,2,10,0,4,2,0,0,1,0,0,,0,0,0,,,,,,,,,,,,,,,,,,-7.864
,Idaho,,0,AWAY,0,Washington St.,"November 3, 2025",,1,5,0.2,0,1,0,1,5,0.2,2,-14,2,10,0,4,2,0,0,1,0,0,1,0,0,0,41.129,,,,,,0.036144578313253,0.259259259259259,0,0,0,0,0,0,0,0,,-7.864
Idaho St.,,,,,,,,,1,4,,1,2,,8,10,,,-14,1,4,0,1,1,0,0,1,0,0,,0,0,0,,,,,,,,,,,,,,,,,,-3.895
,Idaho St.,,0,AWAY,0,San Diego,"November 7, 2025",,1,4,0.25,1,2,0.5,8,10,0.8,3,-14,1,4,0,1,1,0,0,1,0,0,1,0,0,0,10.771,,,,,,0.154929577464789,0.367647058823529,0,0,0,0,0,0,0,0,,-3.895
Illinois,,,,,,,,,0,0,,0,0,,0,0,,,0,0,0,0,0,0,0,0,0,0,0,,0,0,0,,,,,,,,,,,,,,,,,,0
,Illinois,,,,,,,,,,,,,,,,,,,,,,,,,,,,,,,,,,,,,,,,,,,,,,,,,,
Illinois Chicago,,,,,,,,,3,8,,2,7,,2,2,,,-3,1,1.5,0.5,0,1,0.5,0,0.5,0,1,,0,0,0,,,,,,,,,,,,,,,,,,-1.2023
,Illinois Chicago,,0,HOME,0,Detroit Mercy,"November 3, 2025",,0,0,0,0,0,0,0,0,0,20,0,0,0,0,0,0,0,0,1,0,0,0,0,0,0,6.754,,,,,,0,0,0,0,0,0,0,0,0,0,,0.5
,Illinois Chicago,,0,AWAY,0,Oregon St.,"November 7, 2025",,3,8,0.375,2,7,0.285714285714286,2,2,1,-3,-6,2,3,1,0,2,1,0,0,0,1,1,0,0,0,2.096,,,,,,0.136986301369863,0.223684210526316,1,0,0,0,0,0,0,0,,-1.7023
Illinois St.,,,,,,,,,5,9,,2,4,,1,3,,,1,2,6,0,0,2,2,0,0,0,0,,0,0,0,,,,,,,,,,,,,,,,,,2.0132
,Illinois St.,,0,AWAY,0,Ohio,"November 6, 2025",,5,9,0.555555555555556,2,4,0.5,1,3,0.333333333333333,-4,1,2,6,0,0,2,2,0,0,0,0,1,0,0,0,23.706,,,,,,0.191176470588235,0.166666666666667,0,0,0,0,0,0,0,0,,2.0132
Incarnate Word,,,,,,,,,0,0,,0,0,,0,0,,,0,0,0,0,0,0,0,0,0,0,0,,0,0,0,,,,,,,,,,,,,,,,,,0
,Incarnate Word,,,,,,,,,,,,,,,,,,,,,,,,,,,,,,,,,,,,,,,,,,,,,,,,,,
Indiana,,,,,,,,,0,0,,0,0,,0,0,,,0,0,0,0,0,0,0,0,0,0,0,,0,0,0,,,,,,,,,,,,,,,,,,0
,Indiana,,,,,,,,,,,,,,,,,,,,,,,,,,,,,,,,,,,,,,,,,,,,,,,,,,
Indiana St.,,,,,,,,,0,0,,0,0,,0,0,,,0,0,0,0,0,0,0,0,0,0,0,,0,0,0,,,,,,,,,,,,,,,,,,0
,Indiana St.,,,,,,,,,,,,,,,,,,,,,,,,,,,,,,,,,,,,,,,,,,,,,,,,,,
Iona,,,,,,,,,0,0,,0,0,,0,0,,,0,0,0,0,0,0,0,0,0,0,0,,0,0,0,,,,,,,,,,,,,,,,,,0
,Iona,,,,,,,,,,,,,,,,,,,,,,,,,,,,,,,,,,,,,,,,,,,,,,,,,,
Iowa,,,,,,,,,0,0,,0,0,,0,0,,,0,0,0,0,0,0,0,0,0,0,0,,0,0,0,,,,,,,,,,,,,,,,,,0
,Iowa,,,,,,,,,,,,,,,,,,,,,,,,,,,,,,,,,,,,,,,,,,,,,,,,,,
Iowa St.,,,,,,,,,0,0,,0,0,,0,0,,,0,0,0,0,0,0,0,0,0,0,0,,0,0,0,,,,,,,,,,,,,,,,,,0
,Iowa St.,,,,,,,,,,,,,,,,,,,,,,,,,,,,,,,,,,,,,,,,,,,,,,,,,,
IU Indy,,,,,,,,,3,10,,0,5,,0,0,,,-5,8,4,3,0,2,1,0,0,0,1,,0,0,0,,,,,,,,,,,,,,,,,,-5.933
,IU Indy,,0,HOME,0,LIU,"November 6, 2025",,3,10,0.3,0,5,0,0,0,0,-4,-5,8,4,3,0,2,1,0,0,0,1,0,0,0,0,9.752,,,,,,0.0666666666666667,0.117021276595745,1,0,0,0,0,1,0,0,,-5.933
Jackson St.,,,,,,,,,0,0,,0,0,,0,0,,,0,0,0,0,0,0,0,0,0,0,0,,0,0,0,,,,,,,,,,,,,,,,,,0
,Jackson St.,,,,,,,,,,,,,,,,,,,,,,,,,,,,,,,,,,,,,,,,,,,,,,,,,,
Jacksonville,,,,,,,,,0,0,,0,0,,0,0,,,0,0,0,0,0,0,0,0,0,0,0,,0,0,0,,,,,,,,,,,,,,,,,,0
,Jacksonville,,,,,,,,,,,,,,,,,,,,,,,,,,,,,,,,,,,,,,,,,,,,,,,,,,
Jacksonville St.,,,,,,,,,0,0,,0,0,,0,0,,,0,0,0,0,0,0,0,0,0,0,0,,0,0,0,,,,,,,,,,,,,,,,,,0
,Jacksonville St.,,,,,,,,,,,,,,,,,,,,,,,,,,,,,,,,,,,,,,,,,,,,,,,,,,
James Madison,,,,,,,,,0,0,,0,0,,0,0,,,0,0,0,0,0,0,0,0,0,0,0,,0,0,0,,,,,,,,,,,,,,,,,,0
,James Madison,,,,,,,,,,,,,,,,,,,,,,,,,,,,,,,,,,,,,,,,,,,,,,,,,,
Kansas,,,,,,,,,0,0,,0,0,,0,0,,,0,0,0,0,0,0,0,0,0,0,0,,0,0,0,,,,,,,,,,,,,,,,,,0
,Kansas,,,,,,,,,,,,,,,,,,,,,,,,,,,,,,,,,,,,,,,,,,,,,,,,,,
Kansas St.,,,,,,,,,0,0,,0,0,,0,0,,,0,0,0,0,0,0,0,0,0,0,0,,0,0,0,,,,,,,,,,,,,,,,,,0
,Kansas St.,,,,,,,,,,,,,,,,,,,,,,,,,,,,,,,,,,,,,,,,,,,,,,,,,,
Kennesaw St.,,,,,,,,,0,0,,0,0,,0,0,,,0,0,0,0,0,0,0,0,0,0,0,,0,0,0,,,,,,,,,,,,,,,,,,0
,Kennesaw St.,,,,,,,,,,,,,,,,,,,,,,,,,,,,,,,,,,,,,,,,,,,,,,,,,,
Kent St.,,,,,,,,,14,30,,5,12,,18,25,,,-0.333333333333333,7,4.66666666666667,2.33333333333333,1,2,2,1.33333333333333,0.666666666666667,0,0,,1,0,1,,,,,,,,,,,,,,,,,,19.0453
,Kent St.,,0,HOME,0,UNC Wilmington,"November 10, 2025",,4,5,0.8,0,0,0,6,9,0.666666666666667,9,4,7,1,1,0,2,2,1,1,0,0,0,0,0,0,38.936,,,,,,0.162790697674419,0.12987012987013,0,0,0,0,0,0,0,0,,7.3963
,Kent St.,,0,HOME,0,Cornell,"November 7, 2025",,2,4,0.5,1,2,0.5,6,8,0.75,8,-4,2,5,0,2,3,3,2,1,0,0,0,0,0,0,19.283,,,,,,0.1,0.147058823529412,0,0,0,0,0,0,0,0,,3.3
,Kent St.,,0,HOME,1,Troy,"November 3, 2025",,8,21,0.380952380952381,4,10,0.4,6,8,0.75,-6,-1,12,8,6,1,1,1,1,0,0,0,0,1,0,1,34.931,,,,,,0.268041237113402,0.262135922330097,0,0,0,0,0,0,0,1,,8.349
Kentucky,,,,,,,,,0,0,,0,0,,0,0,,,0,0,0,0,0,0,0,0,0,0,0,,0,0,0,,,,,,,,,,,,,,,,,,0
,Kentucky,,,,,,,,,,,,,,,,,,,,,,,,,,,,,,,,,,,,,,,,,,,,,,,,,,
La Salle,,,,,,,,,0,0,,0,0,,0,0,,,0,0,0,0,0,0,0,0,0,0,0,,0,0,0,,,,,,,,,,,,,,,,,,0
,La Salle,,,,,,,,,,,,,,,,,,,,,,,,,,,,,,,,,,,,,,,,,,,,,,,,,,
Lafayette,,,,,,,,,0,0,,0,0,,0,0,,,0,0,0,0,0,0,0,0,0,0,0,,0,0,0,,,,,,,,,,,,,,,,,,0
,Lafayette,,,,,,,,,,,,,,,,,,,,,,,,,,,,,,,,,,,,,,,,,,,,,,,,,,
Lamar,,,,,,,,,0,0,,0,0,,0,0,,,0,0,0,0,0,0,0,0,0,0,0,,0,0,0,,,,,,,,,,,,,,,,,,0
,Lamar,,,,,,,,,,,,,,,,,,,,,,,,,,,,,,,,,,,,,,,,,,,,,,,,,,
Le Moyne,,,,,,,,,5,8,,2,4,,2,4,,,5,5,5,0,1,1,1,0,0,0,0,,0,0,0,,,,,,,,,,,,,,,,,,6.328
,Le Moyne,,0,AWAY,0,Xavier,"November 6, 2025",,5,8,0.625,2,4,0.5,2,4,0.5,-5,5,5,5,0,1,1,1,0,0,0,0,1,0,0,0,46.89,,,,,,0.202898550724638,0.121621621621622,0,0,0,0,0,0,1,1,,6.328
Lehigh,,,,,,,,,0,0,,0,0,,0,0,,,0,0,0,0,0,0,0,0,0,0,0,,0,0,0,,,,,,,,,,,,,,,,,,0
,Lehigh,,,,,,,,,,,,,,,,,,,,,,,,,,,,,,,,,,,,,,,,,,,,,,,,,,
Liberty,,,,,,,,,0,0,,0,0,,0,0,,,0,0,0,0,0,0,0,0,0,0,0,,0,0,0,,,,,,,,,,,,,,,,,,0
,Liberty,,,,,,,,,,,,,,,,,,,,,,,,,,,,,,,,,,,,,,,,,,,,,,,,,,
Lindenwood,,,,,,,,,0,0,,0,0,,0,0,,,0,0,0,0,0,0,0,0,0,0,0,,0,0,0,,,,,,,,,,,,,,,,,,0
,Lindenwood,,,,,,,,,,,,,,,,,,,,,,,,,,,,,,,,,,,,,,,,,,,,,,,,,,
Lipscomb,,,,,,,,,0,0,,0,0,,0,0,,,0,0,0,0,0,0,0,0,0,0,0,,0,0,0,,,,,,,,,,,,,,,,,,0
,Lipscomb,,,,,,,,,,,,,,,,,,,,,,,,,,,,,,,,,,,,,,,,,,,,,,,,,,
Little Rock,,,,,,,,,0,0,,0,0,,0,0,,,0,0,0,0,0,0,0,0,0,0,0,,0,0,0,,,,,,,,,,,,,,,,,,0
,Little Rock,,,,,,,,,,,,,,,,,,,,,,,,,,,,,,,,,,,,,,,,,,,,,,,,,,
LIU,,,,,,,,,4,7,,0,1,,3,5,,,5,4,8,0,3,1,2,1,1,1,0,,0,0,0,,,,,,,,,,,,,,,,,,7.5884
,LIU,,0,AWAY,0,IU Indy,"November 6, 2025",,4,7,0.571428571428571,0,1,0,3,5,0.6,4,5,4,8,0,3,1,2,1,1,1,0,1,0,0,0,2.264,,,,,,0.117021276595745,0.0666666666666667,0,1,0,0,0,0,0,0,,7.5884
Long Beach St.,,,,,,,,,0,0,,0,0,,0,0,,,0,0,0,0,0,0,0,0,0,0,0,,0,0,0,,,,,,,,,,,,,,,,,,0
,Long Beach St.,,,,,,,,,,,,,,,,,,,,,,,,,,,,,,,,,,,,,,,,,,,,,,,,,,
Longwood,,,,,,,,,0,0,,0,0,,0,0,,,0,0,0,0,0,0,0,0,0,0,0,,0,0,0,,,,,,,,,,,,,,,,,,0
,Longwood,,,,,,,,,,,,,,,,,,,,,,,,,,,,,,,,,,,,,,,,,,,,,,,,,,
Louisiana,,,,,,,,,6,13,,2,6,,5,9,,,-3.5,3.5,6.5,0.5,2,1.5,1,0,0.5,0,0,,0,0,0,,,,,,,,,,,,,,,,,,1.1615
,Louisiana,,0,HOME,0,Southeastern Louisiana,"November 7, 2025",,2,4,0.5,1,2,0.5,3,7,0.428571428571429,6,-1,5,6,1,2,2,1,0,1,0,0,0,0,0,0,10.623,,,,,,0.137931034482759,0.173076923076923,0,0,0,0,0,0,0,0,,1.6951
,Louisiana,,0,AWAY,0,Ball St.,"November 3, 2025",,4,9,0.444444444444444,1,4,0.25,2,2,1,-11,-6,2,7,0,2,1,1,0,0,0,0,1,0,0,0,8.773,,,,,,0.171875,0.226666666666667,0,0,0,0,0,0,0,0,,-0.5336
Louisiana Monroe,,,,,,,,,0,0,,0,0,,0,0,,,0,0,0,0,0,0,0,0,0,0,0,,0,0,0,,,,,,,,,,,,,,,,,,0
,Louisiana Monroe,,,,,,,,,,,,,,,,,,,,,,,,,,,,,,,,,,,,,,,,,,,,,,,,,,
Louisiana Tech,,,,,,,,,0,0,,0,0,,0,0,,,0,0,0,0,0,0,0,0,0,0,0,,0,0,0,,,,,,,,,,,,,,,,,,0
,Louisiana Tech,,,,,,,,,,,,,,,,,,,,,,,,,,,,,,,,,,,,,,,,,,,,,,,,,,
Louisville,,,,,,,,,0,0,,0,0,,0,0,,,0,0,0,0,0,0,0,0,0,0,0,,0,0,0,,,,,,,,,,,,,,,,,,0
,Louisville,,,,,,,,,,,,,,,,,,,,,,,,,,,,,,,,,,,,,,,,,,,,,,,,,,
Loyola Chicago,,,,,,,,,5,22,,2,10,,6,8,,,-4,7,5.5,5,1,1,1,0.5,0.5,0,1,,1,0,0,,,,,,,,,,,,,,,,,,4.2007
,Loyola Chicago,,0,NEUTRAL,0,North Texas,"November 9, 2025",,2,12,0.166666666666667,0,5,0,3,4,0.75,-2,-7,9,5,6,0,2,1,0,0,0,1,0,1,0,0,46.44,,,,,,0.112903225806452,0.21875,1,0,0,0,0,0,0,0,,-1.4203
,Loyola Chicago,,0,HOME,0,Cleveland St.,"November 3, 2025",,3,10,0.3,2,5,0.4,3,4,0.75,3,-1,5,6,4,2,0,1,1,1,0,0,0,0,0,0,41.248,,,,,,0.120879120879121,0.136363636363636,0,0,0,0,0,0,0,0,,5.621
Loyola Marymount,,,,,,,,,5,8,,2,3,,1,3,,,8,7,5,2,2,0,1,0,1,1,0,,0,0,0,,,,,,,,,,,,,,,,,,8.1443
,Loyola Marymount,,0,HOME,0,Eastern Washington,"November 5, 2025",,5,8,0.625,2,3,0.666666666666667,1,3,0.333333333333333,8,8,7,5,2,2,0,1,0,1,1,0,0,0,0,0,18.485,,,,,,0.185714285714286,0.0806451612903226,0,0,0,0,0,0,0,0,,8.1443
Loyola MD,,,,,,,,,0,0,,0,0,,0,0,,,0,0,0,0,0,0,0,0,0,0,0,,0,0,0,,,,,,,,,,,,,,,,,,0
,Loyola MD,,,,,,,,,,,,,,,,,,,,,,,,,,,,,,,,,,,,,,,,,,,,,,,,,,
LSU,,,,,,,,,0,0,,0,0,,0,0,,,0,0,0,0,0,0,0,0,0,0,0,,0,0,0,,,,,,,,,,,,,,,,,,0
,LSU,,,,,,,,,,,,,,,,,,,,,,,,,,,,,,,,,,,,,,,,,,,,,,,,,,
Maine,,,,,,,,,0,0,,0,0,,0,0,,,0,0,0,0,0,0,0,0,0,0,0,,0,0,0,,,,,,,,,,,,,,,,,,0
,Maine,,,,,,,,,,,,,,,,,,,,,,,,,,,,,,,,,,,,,,,,,,,,,,,,,,
Manhattan,,,,,,,,,0,0,,0,0,,0,0,,,0,0,0,0,0,0,0,0,0,0,0,,0,0,0,,,,,,,,,,,,,,,,,,0
,Manhattan,,,,,,,,,,,,,,,,,,,,,,,,,,,,,,,,,,,,,,,,,,,,,,,,,,
Marist,,,,,,,,,3,7,,1,2,,6,8,,,6,6,1,2,0,1,2,2,0,0,0,,0,0,0,,,,,,,,,,,,,,,,,,11.5386
,Marist,,0,AWAY,0,Xavier,"November 3, 2025",,3,7,0.428571428571429,1,2,0.5,6,8,0.75,-4,6,6,1,2,0,1,2,2,0,0,0,1,0,0,0,46.89,,,,,,0.209677419354839,0.106060606060606,0,0,0,0,0,0,1,1,,11.5386
Marquette,,,,,,,,,0,0,,0,0,,0,0,,,0,0,0,0,0,0,0,0,0,0,0,,0,0,0,,,,,,,,,,,,,,,,,,0
,Marquette,,,,,,,,,,,,,,,,,,,,,,,,,,,,,,,,,,,,,,,,,,,,,,,,,,
Marshall,,,,,,,,,0,0,,0,0,,0,0,,,0,0,0,0,0,0,0,0,0,0,0,,0,0,0,,,,,,,,,,,,,,,,,,0
,Marshall,,,,,,,,,,,,,,,,,,,,,,,,,,,,,,,,,,,,,,,,,,,,,,,,,,
Maryland,,,,,,,,,0,0,,0,0,,0,0,,,0,0,0,0,0,0,0,0,0,0,0,,0,0,0,,,,,,,,,,,,,,,,,,0
,Maryland,,,,,,,,,,,,,,,,,,,,,,,,,,,,,,,,,,,,,,,,,,,,,,,,,,
Maryland Eastern Shore,,,,,,,,,5,13,,1,3,,2,4,,,-5,9,12,3,6,3,2,0,0,0,1,,0,0,1,,,,,,,,,,,,,,,,,,-4.2321
,Maryland Eastern Shore,,0,AWAY,1,Georgia Tech,"November 3, 2025",,5,13,0.384615384615385,1,3,0.333333333333333,2,4,0.5,-4,-5,9,12,3,6,3,2,0,0,0,1,1,0,0,1,2.467,,,,,,0.25,0.321428571428571,1,0,0,0,0,1,0,1,,-4.2321
Massachusetts,,,,,,,,,0,0,,0,0,,0,0,,,0,0,0,0,0,0,0,0,0,0,0,,0,0,0,,,,,,,,,,,,,,,,,,0
,Massachusetts,,,,,,,,,,,,,,,,,,,,,,,,,,,,,,,,,,,,,,,,,,,,,,,,,,
McNeese St.,,,,,,,,,0,0,,0,0,,0,0,,,0,0,0,0,0,0,0,0,0,0,0,,0,0,0,,,,,,,,,,,,,,,,,,0
,McNeese St.,,,,,,,,,,,,,,,,,,,,,,,,,,,,,,,,,,,,,,,,,,,,,,,,,,
Memphis,,,,,,,,,4,7,,1,2,,3,5,,,-1,3,4,1,1,1,1,1,1,0,0,,0,0,0,,,,,,,,,,,,,,,,,,4.4294
,Memphis,,0,HOME,0,San Francisco,"November 8, 2025",,4,7,0.571428571428571,1,2,0.5,3,5,0.6,6,-1,3,4,1,1,1,1,1,1,0,0,0,0,0,0,36.097,,,,,,0.157894736842105,0.185714285714286,0,0,0,0,0,0,0,0,,4.4294
Mercer,,,,,,,,,0,0,,0,0,,0,0,,,0,0,0,0,0,0,0,0,0,0,0,,0,0,0,,,,,,,,,,,,,,,,,,0
,Mercer,,,,,,,,,,,,,,,,,,,,,,,,,,,,,,,,,,,,,,,,,,,,,,,,,,
Mercyhurst,,,,,,,,,0,0,,0,0,,0,0,,,0,0,0,0,0,0,0,0,0,0,0,,0,0,0,,,,,,,,,,,,,,,,,,0
,Mercyhurst,,,,,,,,,,,,,,,,,,,,,,,,,,,,,,,,,,,,,,,,,,,,,,,,,,
Merrimack,,,,,,,,,3,10,,2,5,,4,7,,,-8,6,6,4,1,1,1,1,0,0,0,,1,0,0,,,,,,,,,,,,,,,,,,1.1249
,Merrimack,,0,NEUTRAL,0,South Dakota St.,"November 3, 2025",,3,10,0.3,2,5,0.4,4,7,0.571428571428571,-9,-8,6,6,4,1,1,1,1,0,0,0,0,1,0,0,32.195,,,,,,0.181818181818182,0.266666666666667,0,0,0,0,0,0,0,0,,1.1249
Miami FL,,,,,,,,,0,0,,0,0,,0,0,,,0,0,0,0,0,0,0,0,0,0,0,,0,0,0,,,,,,,,,,,,,,,,,,0
,Miami FL,,,,,,,,,,,,,,,,,,,,,,,,,,,,,,,,,,,,,,,,,,,,,,,,,,
Miami OH,,,,,,,,,0,0,,0,0,,0,0,,,0,0,0,0,0,0,0,0,0,0,0,,0,0,0,,,,,,,,,,,,,,,,,,0
,Miami OH,,,,,,,,,,,,,,,,,,,,,,,,,,,,,,,,,,,,,,,,,,,,,,,,,,
Michigan,,,,,,,,,0,0,,0,0,,0,0,,,0,0,0,0,0,0,0,0,0,0,0,,0,0,0,,,,,,,,,,,,,,,,,,0
,Michigan,,,,,,,,,,,,,,,,,,,,,,,,,,,,,,,,,,,,,,,,,,,,,,,,,,
Michigan St.,,,,,,,,,0,2,,0,2,,3,7,,,-3,3,8,0,5,3,1,1,1,0,0,,0,1,0,,,,,,,,,,,,,,,,,,-0.6999
,Michigan St.,,1,HOME,0,Arkansas,"November 8, 2025",,0,2,0,0,2,0,3,7,0.428571428571429,3,-3,3,8,0,5,3,1,1,1,0,0,0,0,1,0,70.938,,,,,,0.0434782608695652,0.0909090909090909,0,0,0,0,0,0,0,0,,-0.6999
Middle Tennessee,,,,,,,,,0,0,,0,0,,0,0,,,0,0,0,0,0,0,0,0,0,0,0,,0,0,0,,,,,,,,,,,,,,,,,,0
,Middle Tennessee,,,,,,,,,,,,,,,,,,,,,,,,,,,,,,,,,,,,,,,,,,,,,,,,,,
Milwaukee,,,,,,,,,0,0,,0,0,,0,0,,,0,0,0,0,0,0,0,0,0,0,0,,0,0,0,,,,,,,,,,,,,,,,,,0
,Milwaukee,,,,,,,,,,,,,,,,,,,,,,,,,,,,,,,,,,,,,,,,,,,,,,,,,,
Minnesota,,,,,,,,,0,0,,0,0,,0,0,,,0,0,0,0,0,0,0,0,0,0,0,,0,0,0,,,,,,,,,,,,,,,,,,0
,Minnesota,,,,,,,,,,,,,,,,,,,,,,,,,,,,,,,,,,,,,,,,,,,,,,,,,,
Mississippi,,,,,,,,,0,0,,0,0,,0,0,,,0,0,0,0,0,0,0,0,0,0,0,,0,0,0,,,,,,,,,,,,,,,,,,0
,Mississippi,,,,,,,,,,,,,,,,,,,,,,,,,,,,,,,,,,,,,,,,,,,,,,,,,,
Mississippi St.,,,,,,,,,0,0,,0,0,,0,0,,,0,0,0,0,0,0,0,0,0,0,0,,0,0,0,,,,,,,,,,,,,,,,,,0
,Mississippi St.,,,,,,,,,,,,,,,,,,,,,,,,,,,,,,,,,,,,,,,,,,,,,,,,,,
Mississippi Valley St.,,,,,,,,,0,0,,0,0,,0,0,,,0,0,0,0,0,0,0,0,0,0,0,,0,0,0,,,,,,,,,,,,,,,,,,0
,Mississippi Valley St.,,,,,,,,,,,,,,,,,,,,,,,,,,,,,,,,,,,,,,,,,,,,,,,,,,
Missouri,,,,,,,,,3,4,,0,1,,9,11,,,4,2,3,0,1,3,3,2,1,0,0,,0,0,0,,,,,,,,,,,,,,,,,,7.8554
,Missouri,,0,HOME,0,Southeast Missouri St.,"November 7, 2025",,3,4,0.75,0,1,0,9,11,0.818181818181818,5,4,2,3,0,1,3,3,2,1,0,0,0,0,0,0,20.152,,,,,,0.168539325842697,0.130952380952381,0,0,0,0,0,0,0,0,,7.8554
Missouri St.,,,,,,,,,0,0,,0,0,,0,0,,,0,0,0,0,0,0,0,0,0,0,0,,0,0,0,,,,,,,,,,,,,,,,,,0
,Missouri St.,,,,,,,,,,,,,,,,,,,,,,,,,,,,,,,,,,,,,,,,,,,,,,,,,,
Monmouth,,,,,,,,,0,0,,0,0,,0,0,,,0,0,0,0,0,0,0,0,0,0,0,,0,0,0,,,,,,,,,,,,,,,,,,0
,Monmouth,,,,,,,,,,,,,,,,,,,,,,,,,,,,,,,,,,,,,,,,,,,,,,,,,,
Montana,,,,,,,,,0,0,,0,0,,0,0,,,0,0,0,0,0,0,0,0,0,0,0,,0,0,0,,,,,,,,,,,,,,,,,,0
,Montana,,,,,,,,,,,,,,,,,,,,,,,,,,,,,,,,,,,,,,,,,,,,,,,,,,
Montana St.,,,,,,,,,3,9,,0,4,,3,3,,,-5,4,4,1,0,1,0,0,0,0,0,,0,0,0,,,,,,,,,,,,,,,,,,2.8483
,Montana St.,,0,AWAY,0,Colorado,"November 3, 2025",,3,9,0.333333333333333,0,4,0,3,3,1,-6,-5,4,4,1,0,1,0,0,0,0,0,1,0,0,0,56.291,,,,,,0.115384615384615,0.166666666666667,0,0,0,0,1,0,0,0,,2.8483
Morehead St.,,,,,,,,,0,0,,0,0,,0,0,,,0,0,0,0,0,0,0,0,0,0,0,,0,0,0,,,,,,,,,,,,,,,,,,0
,Morehead St.,,,,,,,,,,,,,,,,,,,,,,,,,,,,,,,,,,,,,,,,,,,,,,,,,,
Morgan St.,,,,,,,,,0,0,,0,0,,0,0,,,0,0,0,0,0,0,0,0,0,0,0,,0,0,0,,,,,,,,,,,,,,,,,,0
,Morgan St.,,,,,,,,,,,,,,,,,,,,,,,,,,,,,,,,,,,,,,,,,,,,,,,,,,
Mount St. Mary's,,,,,,,,,2,8,,0,5,,4,4,,,-8,4,4,1,0,1,0,0,0,0,0,,0,0,0,,,,,,,,,,,,,,,,,,1.279
,Mount St. Mary's,,0,HOME,0,Bucknell,"November 7, 2025",,2,8,0.25,0,5,0,4,4,1,-11,-8,4,4,1,0,1,0,0,0,0,0,0,0,0,0,12.218,,,,,,0.129032258064516,0.219178082191781,0,0,0,0,1,0,0,0,,1.279
Murray St.,,,,,,,,,0,0,,0,0,,0,0,,,0,0,0,0,0,0,0,0,0,0,0,,0,0,0,,,,,,,,,,,,,,,,,,0
,Murray St.,,,,,,,,,,,,,,,,,,,,,,,,,,,,,,,,,,,,,,,,,,,,,,,,,,
N.C. State,,,,,,,,,0,0,,0,0,,0,0,,,0,0,0,0,0,0,0,0,0,0,0,,0,0,0,,,,,,,,,,,,,,,,,,0
,N.C. State,,,,,,,,,,,,,,,,,,,,,,,,,,,,,,,,,,,,,,,,,,,,,,,,,,
Navy,,,,,,,,,0,0,,0,0,,0,0,,,0,0,0,0,0,0,0,0,0,0,0,,0,0,0,,,,,,,,,,,,,,,,,,0
,Navy,,,,,,,,,,,,,,,,,,,,,,,,,,,,,,,,,,,,,,,,,,,,,,,,,,
Nebraska,,,,,,,,,0,0,,0,0,,0,0,,,0,0,0,0,0,0,0,0,0,0,0,,0,0,0,,,,,,,,,,,,,,,,,,0
,Nebraska,,,,,,,,,,,,,,,,,,,,,,,,,,,,,,,,,,,,,,,,,,,,,,,,,,
Nebraska Omaha,,,,,,,,,3,8,,1,2,,4,5,,,2,3,4,1,0,1,4,4,0,0,0,,0,0,0,,,,,,,,,,,,,,,,,,10.53
,Nebraska Omaha,,0,AWAY,0,Abilene Christian,"November 6, 2025",,3,8,0.375,1,2,0.5,4,5,0.8,-2,2,3,4,1,0,1,4,4,0,0,0,1,0,0,0,28.974,,,,,,0.154929577464789,0.123287671232877,0,0,0,0,0,0,0,0,,10.53
Nevada,,,,,,,,,4,5,,1,1,,6,10,,,6,5,3,1,1,1,1,1,1,1,0,,0,0,0,,,,,,,,,,,,,,,,,,10.792
,Nevada,,0,HOME,0,Pacific,"November 8, 2025",,4,5,0.8,1,1,1,6,10,0.6,1,6,5,3,1,1,1,1,1,1,1,0,0,0,0,0,5.636,,,,,,0.192307692307692,0.116883116883117,0,1,0,0,0,0,0,0,,10.792
New Hampshire,,,,,,,,,0,0,,0,0,,0,0,,,0,0,0,0,0,0,0,0,0,0,0,,0,0,0,,,,,,,,,,,,,,,,,,0
,New Hampshire,,,,,,,,,,,,,,,,,,,,,,,,,,,,,,,,,,,,,,,,,,,,,,,,,,
New Haven,,,,,,,,,0,0,,0,0,,0,0,,,0,0,0,0,0,0,0,0,0,0,0,,0,0,0,,,,,,,,,,,,,,,,,,0
,New Haven,,,,,,,,,,,,,,,,,,,,,,,,,,,,,,,,,,,,,,,,,,,,,,,,,,
New Mexico,,,,,,,,,0,0,,0,0,,0,0,,,0,0,0,0,0,0,0,0,0,0,0,,0,0,0,,,,,,,,,,,,,,,,,,0
,New Mexico,,,,,,,,,,,,,,,,,,,,,,,,,,,,,,,,,,,,,,,,,,,,,,,,,,
New Mexico St.,,,,,,,,,0,0,,0,0,,0,0,,,0,0,0,0,0,0,0,0,0,0,0,,0,0,0,,,,,,,,,,,,,,,,,,0
,New Mexico St.,,,,,,,,,,,,,,,,,,,,,,,,,,,,,,,,,,,,,,,,,,,,,,,,,,
New Orleans,,,,,,,,,1,6,,0,2,,6,8,,,-8,5,4,3,0,5,2,0,1,0,0,,0,0,0,,,,,,,,,,,,,,,,,,-2.3303
,New Orleans,,0,AWAY,0,TCU,"November 3, 2025",,1,6,0.166666666666667,0,2,0,6,8,0.75,4,-8,5,4,3,0,5,2,0,1,0,0,1,0,0,0,28.789,,,,,,0.102564102564103,0.216216216216216,0,0,0,0,0,0,0,0,,-2.3303
Niagara,,,,,,,,,0,0,,0,0,,0,0,,,0,0,0,0,0,0,0,0,0,0,0,,0,0,0,,,,,,,,,,,,,,,,,,0
,Niagara,,,,,,,,,,,,,,,,,,,,,,,,,,,,,,,,,,,,,,,,,,,,,,,,,,
Nicholls St.,,,,,,,,,5,11,,1,7,,5,6,,,0,4,8,0,1,0,2,1,0,0,0,,0,0,0,,,,,,,,,,,,,,,,,,5.8451
,Nicholls St.,,0,AWAY,0,Eastern Illinois,"November 7, 2025",,5,11,0.454545454545455,1,7,0.142857142857143,5,6,0.833333333333333,-8,0,4,8,0,1,0,2,1,0,0,0,1,0,0,0,6.876,,,,,,0.280701754385965,0.246153846153846,0,0,0,0,0,0,0,1,,5.8451
NJIT,,,,,,,,,0,0,,0,0,,0,0,,,0,0,0,0,0,0,0,0,0,0,0,,0,0,0,,,,,,,,,,,,,,,,,,0
,NJIT,,,,,,,,,,,,,,,,,,,,,,,,,,,,,,,,,,,,,,,,,,,,,,,,,,
Norfolk St.,,,,,,,,,0,9,,0,5,,4,7,,,-12,7,4,7,2,3,1,0,0,0,1,,0,0,0,,,,,,,,,,,,,,,,,,-8.1061
,Norfolk St.,,0,HOME,0,William & Mary,"November 8, 2025",,0,9,0,0,5,0,4,7,0.571428571428571,-3,-12,7,4,7,2,3,1,0,0,0,1,0,0,0,0,9.398,,,,,,0.0512820512820513,0.197530864197531,1,0,0,0,0,1,0,0,,-8.1061
North Alabama,,,,,,,,,0,0,,0,0,,0,0,,,0,0,0,0,0,0,0,0,0,0,0,,0,0,0,,,,,,,,,,,,,,,,,,0
,North Alabama,,,,,,,,,,,,,,,,,,,,,,,,,,,,,,,,,,,,,,,,,,,,,,,,,,
North Carolina,,,,,,,,,0,0,,0,0,,0,0,,,0,0,0,0,0,0,0,0,0,0,0,,0,0,0,,,,,,,,,,,,,,,,,,0
,North Carolina,,,,,,,,,,,,,,,,,,,,,,,,,,,,,,,,,,,,,,,,,,,,,,,,,,
North Carolina A&T,,,,,,,,,0,0,,0,0,,0,0,,,0,0,0,0,0,0,0,0,0,0,0,,0,0,0,,,,,,,,,,,,,,,,,,0
,North Carolina A&T,,,,,,,,,,,,,,,,,,,,,,,,,,,,,,,,,,,,,,,,,,,,,,,,,,
North Carolina Central,,,,,,,,,0,0,,0,0,,0,0,,,0,0,0,0,0,0,0,0,0,0,0,,0,0,0,,,,,,,,,,,,,,,,,,0
,North Carolina Central,,,,,,,,,,,,,,,,,,,,,,,,,,,,,,,,,,,,,,,,,,,,,,,,,,
North Dakota,,,,,,,,,7,9,,1,1,,2,2,,,2,2,2,1,1,0,1,1,0,0,0,,0,0,0,,,,,,,,,,,,,,,,,,8.8208
,North Dakota,,0,HOME,0,UC Riverside,"November 6, 2025",,7,9,0.777777777777778,1,1,1,2,2,1,-4,2,2,2,1,1,0,1,1,0,0,0,0,0,0,0,20.083,,,,,,0.242857142857143,0.202702702702703,0,0,0,0,0,0,0,1,,8.8208
North Dakota St.,,,,,,,,,3,10,,0,6,,0,0,,,0,4,5,1,0,0,4,2,0,0,0,,0,0,0,,,,,,,,,,,,,,,,,,4.292
,North Dakota St.,,0,AWAY,0,Oregon St.,"November 3, 2025",,3,10,0.3,0,6,0,0,0,0,-2,0,4,5,1,0,0,4,2,0,0,0,1,0,0,0,2.096,,,,,,0.0923076923076923,0.0895522388059701,0,0,0,0,0,0,0,0,,4.292
North Florida,,,,,,,,,0,0,,0,0,,0,0,,,0,0,0,0,0,0,0,0,0,0,0,,0,0,0,,,,,,,,,,,,,,,,,,0
,North Florida,,,,,,,,,,,,,,,,,,,,,,,,,,,,,,,,,,,,,,,,,,,,,,,,,,
North Texas,,,,,,,,,4,5,,0,0,,6,9,,,7,5,9,0,6,1,2,2,1,1,0,,1,0,0,,,,,,,,,,,,,,,,,,11.5523
,North Texas,,0,NEUTRAL,0,Loyola Chicago,"November 9, 2025",,4,5,0.8,0,0,0,6,9,0.666666666666667,2,7,5,9,0,6,1,2,2,1,1,0,0,1,0,0,41.822,,,,,,0.21875,0.112903225806452,0,1,0,0,0,0,0,1,,11.5523
Northeastern,,,,,,,,,10,19,,2,5,,12,13,,,5,6,3,1.5,0,2.5,4,4,0.5,1,0,,0,0,1,,,,,,,,,,,,,,,,,,32.5097
,Northeastern,,0,AWAY,0,Colgate,"November 7, 2025",,4,7,0.571428571428571,1,1,1,6,7,0.857142857142857,3,8,4,3,1,0,1,4,4,1,1,0,1,0,0,0,45.446,,,,,,0.220588235294118,0.107692307692308,0,1,0,0,0,0,0,1,,17.9067
,Northeastern,,0,HOME,1,Boston University,"November 3, 2025",,6,12,0.5,1,4,0.25,6,6,1,-1,2,8,3,2,0,4,4,4,0,0,0,0,0,0,1,13.941,,,,,,0.253333333333333,0.223684210526316,0,0,0,0,1,0,0,1,,14.603
Northern Arizona,,,,,,,,,3,9,,0,2,,0,2,,,-5,4,8,1,2,1,2,1,0,0,0,,1,0,0,,,,,,,,,,,,,,,,,,-0.8817
,Northern Arizona,,0,NEUTRAL,0,Drake,"November 3, 2025",,3,9,0.333333333333333,0,2,0,0,2,0,-6,-5,4,8,1,2,1,2,1,0,0,0,0,1,0,0,73.492,,,,,,0.0845070422535211,0.168831168831169,0,0,0,0,0,0,0,0,,-0.8817
Northern Colorado,,,,,,,,,0,0,,0,0,,0,0,,,0,0,0,0,0,0,0,0,0,0,0,,0,0,0,,,,,,,,,,,,,,,,,,0
,Northern Colorado,,,,,,,,,,,,,,,,,,,,,,,,,,,,,,,,,,,,,,,,,,,,,,,,,,
Northern Illinois,,,,,,,,,0,0,,0,0,,0,0,,,0,0,0,0,0,0,0,0,0,0,0,,0,0,0,,,,,,,,,,,,,,,,,,0
,Northern Illinois,,,,,,,,,,,,,,,,,,,,,,,,,,,,,,,,,,,,,,,,,,,,,,,,,,
Northern Iowa,,,,,,,,,0,0,,0,0,,0,0,,,0,0,0,0,0,0,0,0,0,0,0,,0,0,0,,,,,,,,,,,,,,,,,,0
,Northern Iowa,,,,,,,,,,,,,,,,,,,,,,,,,,,,,,,,,,,,,,,,,,,,,,,,,,
Northern Kentucky,,,,,,,,,0,0,,0,0,,0,0,,,0,0,0,0,0,0,0,0,0,0,0,,0,0,0,,,,,,,,,,,,,,,,,,0
,Northern Kentucky,,,,,,,,,,,,,,,,,,,,,,,,,,,,,,,,,,,,,,,,,,,,,,,,,,
Northwestern,,,,,,,,,0,0,,0,0,,0,0,,,0,0,0,0,0,0,0,0,0,0,0,,0,0,0,,,,,,,,,,,,,,,,,,0
,Northwestern,,,,,,,,,,,,,,,,,,,,,,,,,,,,,,,,,,,,,,,,,,,,,,,,,,
Northwestern St.,,,,,,,,,0,0,,0,0,,0,0,,,0,0,0,0,0,0,0,0,0,0,0,,0,0,0,,,,,,,,,,,,,,,,,,0
,Northwestern St.,,,,,,,,,,,,,,,,,,,,,,,,,,,,,,,,,,,,,,,,,,,,,,,,,,
Notre Dame,,,,,,,,,0,0,,0,0,,0,0,,,0,0,0,0,0,0,0,0,0,0,0,,0,0,0,,,,,,,,,,,,,,,,,,0
,Notre Dame,,,,,,,,,,,,,,,,,,,,,,,,,,,,,,,,,,,,,,,,,,,,,,,,,,
Oakland,,,,,,,,,0,0,,0,0,,0,0,,,0,0,0,0,0,0,0,0,0,0,0,,0,0,0,,,,,,,,,,,,,,,,,,0
,Oakland,,,,,,,,,,,,,,,,,,,,,,,,,,,,,,,,,,,,,,,,,,,,,,,,,,
Ohio,,,,,,,,,7,14,,0,4,,11,14,,,-2.5,3.5,3.5,0.5,0.5,1,1.5,0.5,0.5,0,0,,0,0,0,,,,,,,,,,,,,,,,,,5.245
,Ohio,,0,HOME,0,Illinois St.,"November 6, 2025",,4,6,0.666666666666667,0,0,0,4,6,0.666666666666667,4,-1,6,2,0,0,2,2,1,1,0,0,0,0,0,0,16.215,,,,,,0.166666666666667,0.191176470588235,0,0,0,0,0,0,0,0,,4.067
,Ohio,,0,HOME,0,Arkansas St.,"November 3, 2025",,3,8,0.375,0,4,0,7,8,0.875,-4,-4,1,5,1,1,0,1,0,0,0,0,0,0,0,0,31.408,,,,,,0.152941176470588,0.191011235955056,0,0,0,0,0,0,0,0,,1.178
Ohio St.,,,,,,,,,0,0,,0,0,,0,0,,,0,0,0,0,0,0,0,0,0,0,0,,0,0,0,,,,,,,,,,,,,,,,,,0
,Ohio St.,,,,,,,,,,,,,,,,,,,,,,,,,,,,,,,,,,,,,,,,,,,,,,,,,,
Oklahoma,,,,,,,,,0,0,,0,0,,0,0,,,0,0,0,0,0,0,0,0,0,0,0,,0,0,0,,,,,,,,,,,,,,,,,,0
,Oklahoma,,,,,,,,,,,,,,,,,,,,,,,,,,,,,,,,,,,,,,,,,,,,,,,,,,
Oklahoma St.,,,,,,,,,0,0,,0,0,,0,0,,,0,0,0,0,0,0,0,0,0,0,0,,0,0,0,,,,,,,,,,,,,,,,,,0
,Oklahoma St.,,,,,,,,,,,,,,,,,,,,,,,,,,,,,,,,,,,,,,,,,,,,,,,,,,
Old Dominion,,,,,,,,,0,0,,0,0,,0,0,,,0,0,0,0,0,0,0,0,0,0,0,,0,0,0,,,,,,,,,,,,,,,,,,0
,Old Dominion,,,,,,,,,,,,,,,,,,,,,,,,,,,,,,,,,,,,,,,,,,,,,,,,,,
Oral Roberts,,,,,,,,,0,0,,0,0,,0,0,,,0,0,0,0,0,0,0,0,0,0,0,,0,0,0,,,,,,,,,,,,,,,,,,0
,Oral Roberts,,,,,,,,,,,,,,,,,,,,,,,,,,,,,,,,,,,,,,,,,,,,,,,,,,
Oregon,,,,,,,,,3,13,,0,3,,13,18,,,0,6,5.5,3,2.5,0.5,1.5,1,1,1,0,,0,0,0,,,,,,,,,,,,,,,,,,9.019
,Oregon,,0,HOME,0,Rice,"November 7, 2025",,0,3,0,0,0,0,13,16,0.8125,4,-1,3,7,1,4,0,3,2,1,0,0,0,0,0,0,16.104,,,,,,0.194029850746269,0.222222222222222,0,0,0,0,0,0,0,0,,5.919
,Oregon,,0,HOME,0,Hawaii,"November 4, 2025",,3,10,0.3,0,3,0,0,2,0,1,1,9,4,5,1,1,0,0,1,1,0,0,0,0,0,13.125,,,,,,0.1,0.0847457627118644,0,0,0,0,0,0,0,0,,3.1
Oregon St.,,,,,,,,,7,8,,3,3,,6,10,,,3,4,3,0,1,2.5,1,1,1,1,0,,0,0,0,,,,,,,,,,,,,,,,,,16.9474
,Oregon St.,,0,HOME,0,Illinois Chicago,"November 7, 2025",,5,5,1,2,2,1,5,6,0.833333333333333,3,6,3,2,0,1,1,2,2,1,1,0,0,0,0,0,9.362,,,,,,0.223684210526316,0.136986301369863,0,1,1,0,0,0,0,1,,15.7907
,Oregon St.,,0,HOME,0,North Dakota St.,"November 3, 2025",,2,3,0.666666666666667,1,1,1,1,4,0.25,2,0,5,4,0,1,4,0,0,1,0,0,0,0,0,0,12.565,,,,,,0.0895522388059701,0.0923076923076923,0,0,0,0,0,0,0,0,,1.1567
Pacific,,,,,,,,,3,9,,1,3,,2,2,,,-6,3,5,1,1,1,1,1,0,0,1,,0,0,0,,,,,,,,,,,,,,,,,,-0.0163
,Pacific,,0,AWAY,0,Nevada,"November 8, 2025",,3,9,0.333333333333333,1,3,0.333333333333333,2,2,1,-1,-6,3,5,1,1,1,1,1,0,0,1,1,0,0,0,29.589,,,,,,0.116883116883117,0.192307692307692,1,0,0,0,0,0,0,0,,-0.0163
Penn,,,,,,,,,0,0,,0,0,,0,0,,,0,0,0,0,0,0,0,0,0,0,0,,0,0,0,,,,,,,,,,,,,,,,,,0
,Penn,,,,,,,,,,,,,,,,,,,,,,,,,,,,,,,,,,,,,,,,,,,,,,,,,,
Penn St.,,,,,,,,,5,9,,2,4,,4,5,,,9,6,2,2,0,0,2,2,1,1,0,,0,0,0,,,,,,,,,,,,,,,,,,15.6666
,Penn St.,,0,HOME,0,Fairfield,"November 3, 2025",,5,9,0.555555555555556,2,4,0.5,4,5,0.8,8,9,6,2,2,0,0,2,2,1,1,0,0,0,0,0,16.682,,,,,,0.210526315789474,0.102941176470588,0,1,0,0,0,0,0,1,,15.6666
Pepperdine,,,,,,,,,0,0,,0,0,,0,0,,,0,0,0,0,0,0,0,0,0,0,0,,0,0,0,,,,,,,,,,,,,,,,,,0
,Pepperdine,,,,,,,,,,,,,,,,,,,,,,,,,,,,,,,,,,,,,,,,,,,,,,,,,,
Pittsburgh,,,,,,,,,0,0,,0,0,,0,0,,,0,0,0,0,0,0,0,0,0,0,0,,0,0,0,,,,,,,,,,,,,,,,,,0
,Pittsburgh,,,,,,,,,,,,,,,,,,,,,,,,,,,,,,,,,,,,,,,,,,,,,,,,,,
Portland,,,,,,,,,3,6,,1,1,,3,5,,,3,2,7,1,3,2,4,2,1,0,0,,0,0,0,,,,,,,,,,,,,,,,,,7.449
,Portland,,0,HOME,0,UC Davis,"November 9, 2025",,3,6,0.5,1,1,1,3,5,0.6,4,3,2,7,1,3,2,4,2,1,0,0,0,0,0,0,12.377,,,,,,0.149253731343284,0.111111111111111,0,0,0,0,0,0,0,0,,7.449
Portland St.,,,,,,,,,0,0,,0,0,,0,0,,,0,0,0,0,0,0,0,0,0,0,0,,0,0,0,,,,,,,,,,,,,,,,,,0
,Portland St.,,,,,,,,,,,,,,,,,,,,,,,,,,,,,,,,,,,,,,,,,,,,,,,,,,
Prairie View A&M,,,,,,,,,0,0,,0,0,,0,0,,,0,0,0,0,0,0,0,0,0,0,0,,0,0,0,,,,,,,,,,,,,,,,,,0
,Prairie View A&M,,,,,,,,,,,,,,,,,,,,,,,,,,,,,,,,,,,,,,,,,,,,,,,,,,
Presbyterian,,,,,,,,,3,3,,1,1,,12,17,,,10,6,4,2,3,1,0,0,1,1,0,,0,0,0,,,,,,,,,,,,,,,,,,15.2908
,Presbyterian,,0,HOME,0,East Tennessee St.,"November 8, 2025",,3,3,1,1,1,1,12,17,0.705882352941176,4,10,6,4,2,3,1,0,0,1,1,0,0,0,0,0,10.223,,,,,,0.279411764705882,0.109375,0,1,1,0,0,0,0,1,,15.2908
Princeton,,,,,,,,,0,0,,0,0,,0,0,,,0,0,0,0,0,0,0,0,0,0,0,,0,0,0,,,,,,,,,,,,,,,,,,0
,Princeton,,,,,,,,,,,,,,,,,,,,,,,,,,,,,,,,,,,,,,,,,,,,,,,,,,
Providence,,,,,,,,,7,19,,0,7,,10,11,,,-6,11,11,5,4,3,1,0,0,0,0,,1,0,1,,,,,,,,,,,,,,,,,,2.1246
,Providence,,0,NEUTRAL,1,Virginia Tech,"November 8, 2025",,7,19,0.368421052631579,0,7,0,10,11,0.909090909090909,-6,-6,11,11,5,4,3,1,0,0,0,0,0,1,0,1,26.293,,,,,,0.237623762376238,0.280373831775701,0,0,0,0,0,0,0,1,,2.1246
Purdue,,,,,,,,,0,0,,0,0,,0,0,,,0,0,0,0,0,0,0,0,0,0,0,,0,0,0,,,,,,,,,,,,,,,,,,0
,Purdue,,,,,,,,,,,,,,,,,,,,,,,,,,,,,,,,,,,,,,,,,,,,,,,,,,
Purdue Fort Wayne,,,,,,,,,0,0,,0,0,,0,0,,,0,0,0,0,0,0,0,0,0,0,0,,0,0,0,,,,,,,,,,,,,,,,,,0
,Purdue Fort Wayne,,,,,,,,,,,,,,,,,,,,,,,,,,,,,,,,,,,,,,,,,,,,,,,,,,
Queens,,,,,,,,,1,6,,1,4,,2,2,,,-5,3,5,0,0,2,1,1,0,0,0,,0,0,0,,,,,,,,,,,,,,,,,,0.7847
,Queens,,0,AWAY,0,Winthrop,"November 3, 2025",,1,6,0.166666666666667,1,4,0.25,2,2,1,-7,-5,3,5,0,0,2,1,1,0,0,0,1,0,0,0,20.577,,,,,,0.0675675675675676,0.123456790123457,0,0,0,0,0,0,0,0,,0.7847
Quinnipiac,,,,,,,,,0,0,,0,0,,0,0,,,0,0,0,0,0,0,0,0,0,0,0,,0,0,0,,,,,,,,,,,,,,,,,,0
,Quinnipiac,,,,,,,,,,,,,,,,,,,,,,,,,,,,,,,,,,,,,,,,,,,,,,,,,,
Radford,,,,,,,,,4,8,,1,2,,5,7,,,4,4,5,3,3,0,2,2,1,0,0,,0,0,0,,,,,,,,,,,,,,,,,,9.8036
,Radford,,0,HOME,0,Western Illinois,"November 3, 2025",,4,8,0.5,1,2,0.5,5,7,0.714285714285714,5,4,4,5,3,3,0,2,2,1,0,0,0,0,0,0,11.267,,,,,,0.175,0.133333333333333,0,0,0,0,0,0,0,0,,9.8036
Rhode Island,,,,,,,,,0,0,,0,0,,0,0,,,0,0,0,0,0,0,0,0,0,0,0,,0,0,0,,,,,,,,,,,,,,,,,,0
,Rhode Island,,,,,,,,,,,,,,,,,,,,,,,,,,,,,,,,,,,,,,,,,,,,,,,,,,
Rice,,,,,,,,,4,8,,2,5,,4,6,,,1,7,3,4,1,3,0,0,0,0,0,,0,0,0,,,,,,,,,,,,,,,,,,4.9553
,Rice,,0,AWAY,0,Oregon,"November 7, 2025",,4,8,0.5,2,5,0.4,4,6,0.666666666666667,-4,1,7,3,4,1,3,0,0,0,0,0,1,0,0,0,71.489,,,,,,0.222222222222222,0.194029850746269,0,0,0,0,0,0,0,1,,4.9553
Richmond,,,,,,,,,0,0,,0,0,,0,0,,,0,0,0,0,0,0,0,0,0,0,0,,0,0,0,,,,,,,,,,,,,,,,,,0
,Richmond,,,,,,,,,,,,,,,,,,,,,,,,,,,,,,,,,,,,,,,,,,,,,,,,,,
Rider,,,,,,,,,0,0,,0,0,,0,0,,,0,0,0,0,0,0,0,0,0,0,0,,0,0,0,,,,,,,,,,,,,,,,,,0
,Rider,,,,,,,,,,,,,,,,,,,,,,,,,,,,,,,,,,,,,,,,,,,,,,,,,,
Robert Morris,,,,,,,,,8,16,,2,5,,2,2,,,1,11,4,5,1,3,0,0,1,0,0,,0,0,1,,,,,,,,,,,,,,,,,,7.247
,Robert Morris,,0,AWAY,1,Drake,"November 6, 2025",,8,16,0.5,2,5,0.4,2,2,1,2,1,11,4,5,1,3,0,0,1,0,0,1,0,0,1,73.492,,,,,,0.246913580246914,0.240506329113924,0,0,0,0,0,0,0,1,,7.247
Rutgers,,,,,,,,,0,0,,0,0,,0,0,,,0,0,0,0,0,0,0,0,0,0,0,,0,0,0,,,,,,,,,,,,,,,,,,0
,Rutgers,,,,,,,,,,,,,,,,,,,,,,,,,,,,,,,,,,,,,,,,,,,,,,,,,,
Sacramento St.,,,,,,,,,0,0,,0,0,,0,0,,,0,0,0,0,0,0,0,0,0,0,0,,0,0,0,,,,,,,,,,,,,,,,,,0
,Sacramento St.,,,,,,,,,,,,,,,,,,,,,,,,,,,,,,,,,,,,,,,,,,,,,,,,,,
Sacred Heart,,,,,,,,,0,0,,0,0,,0,0,,,0,0,0,0,0,0,0,0,0,0,0,,0,0,0,,,,,,,,,,,,,,,,,,0
,Sacred Heart,,,,,,,,,,,,,,,,,,,,,,,,,,,,,,,,,,,,,,,,,,,,,,,,,,
Saint Francis,,,,,,,,,0,0,,0,0,,0,0,,,0,0,0,0,0,0,0,0,0,0,0,,0,0,0,,,,,,,,,,,,,,,,,,0
,Saint Francis,,,,,,,,,,,,,,,,,,,,,,,,,,,,,,,,,,,,,,,,,,,,,,,,,,
Saint Joseph's,,,,,,,,,0,0,,0,0,,0,0,,,0,0,0,0,0,0,0,0,0,0,0,,0,0,0,,,,,,,,,,,,,,,,,,0
,Saint Joseph's,,,,,,,,,,,,,,,,,,,,,,,,,,,,,,,,,,,,,,,,,,,,,,,,,,
Saint Louis,,,,,,,,,0,0,,0,0,,0,0,,,0,0,0,0,0,0,0,0,0,0,0,,0,0,0,,,,,,,,,,,,,,,,,,0
,Saint Louis,,,,,,,,,,,,,,,,,,,,,,,,,,,,,,,,,,,,,,,,,,,,,,,,,,
Saint Mary's,,,,,,,,,0,0,,0,0,,0,0,,,0,0,0,0,0,0,0,0,0,0,0,,0,0,0,,,,,,,,,,,,,,,,,,0
,Saint Mary's,,,,,,,,,,,,,,,,,,,,,,,,,,,,,,,,,,,,,,,,,,,,,,,,,,
Saint Peter's,,,,,,,,,0,0,,0,0,,0,0,,,0,0,0,0,0,0,0,0,0,0,0,,0,0,0,,,,,,,,,,,,,,,,,,0
,Saint Peter's,,,,,,,,,,,,,,,,,,,,,,,,,,,,,,,,,,,,,,,,,,,,,,,,,,
Sam Houston St.,,,,,,,,,0,0,,0,0,,0,0,,,0,0,0,0,0,0,0,0,0,0,0,,0,0,0,,,,,,,,,,,,,,,,,,0
,Sam Houston St.,,,,,,,,,,,,,,,,,,,,,,,,,,,,,,,,,,,,,,,,,,,,,,,,,,
Samford,,,,,,,,,0,0,,0,0,,0,0,,,0,0,0,0,0,0,0,0,0,0,0,,0,0,0,,,,,,,,,,,,,,,,,,0
,Samford,,,,,,,,,,,,,,,,,,,,,,,,,,,,,,,,,,,,,,,,,,,,,,,,,,
San Diego,,,,,,,,,9,11,,5,5,,2,2,,,14,4,1,1,0,0,1,0,0,0,0,,0,0,0,,,,,,,,,,,,,,,,,,15.5862
,San Diego,,0,HOME,0,Idaho St.,"November 7, 2025",,9,11,0.818181818181818,5,5,1,2,2,1,-3,14,4,1,1,0,0,1,0,0,0,0,0,0,0,0,10.813,,,,,,0.367647058823529,0.154929577464789,0,0,0,1,0,0,1,1,,15.5862
San Diego St.,,,,,,,,,0,0,,0,0,,0,0,,,0,0,0,0,0,0,0,0,0,0,0,,0,0,0,,,,,,,,,,,,,,,,,,0
,San Diego St.,,,,,,,,,,,,,,,,,,,,,,,,,,,,,,,,,,,,,,,,,,,,,,,,,,
San Francisco,,,,,,,,,4,8,,3,6,,2,2,,,1,4,3,1,1,1,1,1,0,0,0,,0,0,0,,,,,,,,,,,,,,,,,,5.986
,San Francisco,,0,AWAY,0,Memphis,"November 8, 2025",,4,8,0.5,3,6,0.5,2,2,1,-6,1,4,3,1,1,1,1,1,0,0,0,1,0,0,0,47.037,,,,,,0.185714285714286,0.157894736842105,0,0,0,0,0,0,0,0,,5.986
San Jose St.,,,,,,,,,0,0,,0,0,,0,0,,,0,0,0,0,0,0,0,0,0,0,0,,0,0,0,,,,,,,,,,,,,,,,,,0
,San Jose St.,,,,,,,,,,,,,,,,,,,,,,,,,,,,,,,,,,,,,,,,,,,,,,,,,,
Santa Clara,,,,,,,,,0,0,,0,0,,0,0,,,0,0,0,0,0,0,0,0,0,0,0,,0,0,0,,,,,,,,,,,,,,,,,,0
,Santa Clara,,,,,,,,,,,,,,,,,,,,,,,,,,,,,,,,,,,,,,,,,,,,,,,,,,
Seattle,,,,,,,,,0,0,,0,0,,0,0,,,0,0,0,0,0,0,0,0,0,0,0,,0,0,0,,,,,,,,,,,,,,,,,,0
,Seattle,,,,,,,,,,,,,,,,,,,,,,,,,,,,,,,,,,,,,,,,,,,,,,,,,,
Seton Hall,,,,,,,,,1,4,,0,2,,8,15,,,1,8,7,3,3,2,4,0,1,0,0,,0,0,0,,,,,,,,,,,,,,,,,,3.4637
,Seton Hall,,0,HOME,0,Wagner,"November 7, 2025",,1,4,0.25,0,2,0,8,15,0.533333333333333,7,1,8,7,3,3,2,4,0,1,0,0,0,0,0,0,24.001,,,,,,0.147058823529412,0.147540983606557,0,0,0,0,0,0,0,0,,3.4637
Siena,,,,,,,,,0,0,,0,0,,0,0,,,0,0,0,0,0,0,0,0,0,0,0,,0,0,0,,,,,,,,,,,,,,,,,,0
,Siena,,,,,,,,,,,,,,,,,,,,,,,,,,,,,,,,,,,,,,,,,,,,,,,,,,
SIU Edwardsville,,,,,,,,,0,0,,0,0,,0,0,,,0,0,0,0,0,0,0,0,0,0,0,,0,0,0,,,,,,,,,,,,,,,,,,0
,SIU Edwardsville,,,,,,,,,,,,,,,,,,,,,,,,,,,,,,,,,,,,,,,,,,,,,,,,,,
SMU,,,,,,,,,0,0,,0,0,,0,0,,,0,0,0,0,0,0,0,0,0,0,0,,0,0,0,,,,,,,,,,,,,,,,,,0
,SMU,,,,,,,,,,,,,,,,,,,,,,,,,,,,,,,,,,,,,,,,,,,,,,,,,,
South Alabama,,,,,,,,,7,15,,2,4,,7,10,,,0,5,3,2.5,0.5,1.5,2,1,1,0,0,,0,0,0,,,,,,,,,,,,,,,,,,10.978
,South Alabama,,0,HOME,0,Alcorn St.,"November 6, 2025",,4,7,0.571428571428571,0,1,0,5,7,0.714285714285714,6,3,4,3,2,1,0,2,1,1,0,0,0,0,0,0,11.934,,,,,,0.171052631578947,0.142857142857143,0,0,0,0,0,0,0,0,,7.371
,South Alabama,,0,AWAY,0,Toledo,"November 3, 2025",,3,8,0.375,2,3,0.666666666666667,2,3,0.666666666666667,2,-3,6,3,3,0,3,2,1,1,0,0,1,0,0,0,32.869,,,,,,0.131578947368421,0.175675675675676,0,0,0,0,0,0,0,0,,3.607
South Carolina,,,,,,,,,0,0,,0,0,,0,0,,,0,0,0,0,0,0,0,0,0,0,0,,0,0,0,,,,,,,,,,,,,,,,,,0
,South Carolina,,,,,,,,,,,,,,,,,,,,,,,,,,,,,,,,,,,,,,,,,,,,,,,,,,
South Carolina St.,,,,,,,,,0,0,,0,0,,0,0,,,0,0,0,0,0,0,0,0,0,0,0,,0,0,0,,,,,,,,,,,,,,,,,,0
,South Carolina St.,,,,,,,,,,,,,,,,,,,,,,,,,,,,,,,,,,,,,,,,,,,,,,,,,,
South Dakota,,,,,,,,,5,12,,0,3,,11,12,,,-1,6,7,2,2,4,3,0,0,0,0,,0,0,1,,,,,,,,,,,,,,,,,,3.516
,South Dakota,,0,HOME,1,Utah Tech,"November 3, 2025",,5,12,0.416666666666667,0,3,0,11,12,0.916666666666667,-2,-1,6,7,2,2,4,3,0,0,0,0,0,0,0,1,13.512,,,,,,0.265822784810127,0.271604938271605,0,0,0,0,0,0,0,1,,3.516
South Dakota St.,,,,,,,,,6,7,,2,2,,6,8,,,8,6,6,1,4,1,1,0,1,0,0,,1,0,0,,,,,,,,,,,,,,,,,,10.0241
,South Dakota St.,,0,NEUTRAL,0,Merrimack,"November 3, 2025",,6,7,0.857142857142857,2,2,1,6,8,0.75,9,8,6,6,1,4,1,1,0,1,0,0,0,1,0,0,21.229,,,,,,0.266666666666667,0.181818181818182,0,0,0,0,0,0,0,1,,10.0241
South Florida,,,,,,,,,5,7,,1,3,,8,10,,,-1,2,4,0,1,3,3,1,0,0,0,,1,0,0,,,,,,,,,,,,,,,,,,4.7476
,South Florida,,0,NEUTRAL,0,George Washington,"November 8, 2025",,5,7,0.714285714285714,1,3,0.333333333333333,8,10,0.8,-4,-1,2,4,0,1,3,3,1,0,0,0,0,1,0,0,18.852,,,,,,0.2,0.171717171717172,0,0,0,0,0,0,0,1,,4.7476
Southeast Missouri St.,,,,,,,,,3,7,,1,3,,4,6,,,-4,3,2,1,0,3,3,1,0,0,0,,0,0,0,,,,,,,,,,,,,,,,,,1.7262
,Southeast Missouri St.,,0,AWAY,0,Missouri,"November 7, 2025",,3,7,0.428571428571429,1,3,0.333333333333333,4,6,0.666666666666667,-5,-4,3,2,1,0,3,3,1,0,0,0,1,0,0,0,25.617,,,,,,0.130952380952381,0.168539325842697,0,0,0,0,0,0,0,0,,1.7262
Southeastern Louisiana,,,,,,,,,1,6,,0,4,,7,9,,,1,6,5,2,1,1,2,1,0,0,0,,0,0,0,,,,,,,,,,,,,,,,,,4.9952
,Southeastern Louisiana,,0,AWAY,0,Louisiana,"November 7, 2025",,1,6,0.166666666666667,0,4,0,7,9,0.777777777777778,-6,1,6,5,2,1,1,2,1,0,0,0,1,0,0,0,21.78,,,,,,0.173076923076923,0.137931034482759,0,0,0,0,0,0,0,0,,4.9952
Southern,,,,,,,,,0,0,,0,0,,0,0,,,0,0,0,0,0,0,0,0,0,0,0,,0,0,0,,,,,,,,,,,,,,,,,,0
,Southern,,,,,,,,,,,,,,,,,,,,,,,,,,,,,,,,,,,,,,,,,,,,,,,,,,
Southern Illinois,,,,,,,,,0,0,,0,0,,0,0,,,0,0,0,0,0,0,0,0,0,0,0,,0,0,0,,,,,,,,,,,,,,,,,,0
,Southern Illinois,,,,,,,,,,,,,,,,,,,,,,,,,,,,,,,,,,,,,,,,,,,,,,,,,,
Southern Indiana,,,,,,,,,3,9,,0,4,,6,6,,,-4,4,4,2,0,3,1,0,0,0,0,,0,0,0,,,,,,,,,,,,,,,,,,3.0953
,Southern Indiana,,0,HOME,0,VMI,"November 7, 2025",,3,9,0.333333333333333,0,4,0,6,6,1,-4,-4,4,4,2,0,3,1,0,0,0,0,0,0,0,0,14.524,,,,,,0.162162162162162,0.205128205128205,0,0,0,0,1,0,0,0,,3.0953
Southern Miss,,,,,,,,,3,8,,1,3,,4,4,,,-2,6,3,2,0,4,2,2,0,0,0,,0,0,0,,,,,,,,,,,,,,,,,,7.2473
,Southern Miss,,0,AWAY,0,Buffalo,"November 3, 2025",,3,8,0.375,1,3,0.333333333333333,4,4,1,-6,-2,6,3,2,0,4,2,2,0,0,0,1,0,0,0,7.081,,,,,,0.139240506329114,0.152941176470588,0,0,0,0,1,0,0,0,,7.2473
Southern Utah,,,,,,,,,0,0,,0,0,,0,0,,,0,0,0,0,0,0,0,0,0,0,0,,0,0,0,,,,,,,,,,,,,,,,,,0
,Southern Utah,,,,,,,,,,,,,,,,,,,,,,,,,,,,,,,,,,,,,,,,,,,,,,,,,,
St. Bonaventure,,,,,,,,,0,0,,0,0,,0,0,,,0,0,0,0,0,0,0,0,0,0,0,,0,0,0,,,,,,,,,,,,,,,,,,0
,St. Bonaventure,,,,,,,,,,,,,,,,,,,,,,,,,,,,,,,,,,,,,,,,,,,,,,,,,,
St. John's,,,,,,,,,3,8,,1,4,,2,4,,,-5,8,5,2,0,4,0,0,0,0,0,,0,1,0,,,,,,,,,,,,,,,,,,-1.281
,St. John's,,1,HOME,0,Alabama,"November 8, 2025",,3,8,0.375,1,4,0.25,2,4,0.5,-7,-5,8,5,2,0,4,0,0,0,0,0,0,0,1,0,84.245,,,,,,0.09375,0.135922330097087,0,0,0,0,0,0,0,0,,-1.281
St. Thomas,,,,,,,,,0,0,,0,0,,0,0,,,0,0,0,0,0,0,0,0,0,0,0,,0,0,0,,,,,,,,,,,,,,,,,,0
,St. Thomas,,,,,,,,,,,,,,,,,,,,,,,,,,,,,,,,,,,,,,,,,,,,,,,,,,
Stanford,,,,,,,,,0,0,,0,0,,0,0,,,0,0,0,0,0,0,0,0,0,0,0,,0,0,0,,,,,,,,,,,,,,,,,,0
,Stanford,,,,,,,,,,,,,,,,,,,,,,,,,,,,,,,,,,,,,,,,,,,,,,,,,,
Stephen F. Austin,,,,,,,,,0,0,,0,0,,0,0,,,0,0,0,0,0,0,0,0,0,0,0,,0,0,0,,,,,,,,,,,,,,,,,,0
,Stephen F. Austin,,,,,,,,,,,,,,,,,,,,,,,,,,,,,,,,,,,,,,,,,,,,,,,,,,
Stetson,,,,,,,,,0,0,,0,0,,0,0,,,0,0,0,0,0,0,0,0,0,0,0,,0,0,0,,,,,,,,,,,,,,,,,,0
,Stetson,,,,,,,,,,,,,,,,,,,,,,,,,,,,,,,,,,,,,,,,,,,,,,,,,,
Stonehill,,,,,,,,,4,7,,1,2,,0,1,,,-8,2,6,1,3,4,1,1,0,0,0,,0,0,0,,,,,,,,,,,,,,,,,,-3.0876
,Stonehill,,0,AWAY,0,DePaul,"November 7, 2025",,4,7,0.571428571428571,1,2,0.5,0,1,0,-8,-8,2,6,1,3,4,1,1,0,0,0,1,0,0,0,-9.808,,,,,,0.140625,0.236111111111111,0,0,0,0,0,0,0,0,,-3.0876
Stony Brook,,,,,,,,,0,0,,0,0,,0,0,,,0,0,0,0,0,0,0,0,0,0,0,,0,0,0,,,,,,,,,,,,,,,,,,0
,Stony Brook,,,,,,,,,,,,,,,,,,,,,,,,,,,,,,,,,,,,,,,,,,,,,,,,,,
Syracuse,,,,,,,,,0,0,,0,0,,0,0,,,0,0,0,0,0,0,0,0,0,0,0,,0,0,0,,,,,,,,,,,,,,,,,,0
,Syracuse,,,,,,,,,,,,,,,,,,,,,,,,,,,,,,,,,,,,,,,,,,,,,,,,,,
Tarleton St.,,,,,,,,,0,0,,0,0,,0,0,,,0,0,0,0,0,0,0,0,0,0,0,,0,0,0,,,,,,,,,,,,,,,,,,0
,Tarleton St.,,,,,,,,,,,,,,,,,,,,,,,,,,,,,,,,,,,,,,,,,,,,,,,,,,
TCU,,,,,,,,,3,6,,0,3,,10,10,,,8,4,5,0,3,2,5,4,0,0,0,,0,0,0,,,,,,,,,,,,,,,,,,16.716
,TCU,,0,HOME,0,New Orleans,"November 3, 2025",,3,6,0.5,0,3,0,10,10,1,-4,8,4,5,0,3,2,5,4,0,0,0,0,0,0,0,9.884,,,,,,0.216216216216216,0.102564102564103,0,0,0,0,1,0,1,1,,16.716
Temple,,,,,,,,,0,0,,0,0,,0,0,,,0,0,0,0,0,0,0,0,0,0,0,,0,0,0,,,,,,,,,,,,,,,,,,0
,Temple,,,,,,,,,,,,,,,,,,,,,,,,,,,,,,,,,,,,,,,,,,,,,,,,,,
Tennessee,,,,,,,,,0,0,,0,0,,0,0,,,0,0,0,0,0,0,0,0,0,0,0,,0,0,0,,,,,,,,,,,,,,,,,,0
,Tennessee,,,,,,,,,,,,,,,,,,,,,,,,,,,,,,,,,,,,,,,,,,,,,,,,,,
Tennessee Martin,,,,,,,,,3,6,,2,3,,7,10,,,0,4,4,1,0,1,1,1,1,0,0,,0,0,0,,,,,,,,,,,,,,,,,,5.8407
,Tennessee Martin,,0,AWAY,0,UNLV,"November 4, 2025",,3,6,0.5,2,3,0.666666666666667,7,10,0.7,5,0,4,4,1,0,1,1,1,1,0,0,1,0,0,0,18.095,,,,,,0.174418604651163,0.185185185185185,0,0,0,0,0,0,0,0,,5.8407
Tennessee St.,,,,,,,,,5,12,,3,6,,4,4,,,1,4,5,1,0,0,1,1,0,0,0,,0,0,0,,,,,,,,,,,,,,,,,,10.1317
,Tennessee St.,,0,AWAY,0,Belmont,"November 8, 2025",,5,12,0.416666666666667,3,6,0.5,4,4,1,-8,1,4,5,1,0,0,1,1,0,0,0,1,0,0,0,21.527,,,,,,0.215189873417722,0.183908045977011,0,0,0,0,1,0,0,1,,10.1317
Tennessee Tech,,,,,,,,,7,8,,1,2,,1,3,,,5,2,6,0,3,1,2,2,0,0,0,,0,0,0,,,,,,,,,,,,,,,,,,8.7877
,Tennessee Tech,,0,AWAY,0,Charlotte,"November 7, 2025",,7,8,0.875,1,2,0.5,1,3,0.333333333333333,-5,5,2,6,0,3,1,2,2,0,0,0,1,0,0,0,14.71,,,,,,0.246153846153846,0.157142857142857,0,0,0,0,0,0,1,1,,8.7877
Texas,,,,,,,,,0,0,,0,0,,0,0,,,0,0,0,0,0,0,0,0,0,0,0,,0,0,0,,,,,,,,,,,,,,,,,,0
,Texas,,,,,,,,,,,,,,,,,,,,,,,,,,,,,,,,,,,,,,,,,,,,,,,,,,
Texas A&M,,,,,,,,,0,0,,0,0,,0,0,,,0,0,0,0,0,0,0,0,0,0,0,,0,0,0,,,,,,,,,,,,,,,,,,0
,Texas A&M,,,,,,,,,,,,,,,,,,,,,,,,,,,,,,,,,,,,,,,,,,,,,,,,,,
Texas A&M Corpus Chris,,,,,,,,,0,0,,0,0,,0,0,,,0,0,0,0,0,0,0,0,0,0,0,,0,0,0,,,,,,,,,,,,,,,,,,0
,Texas A&M Corpus Chris,,,,,,,,,,,,,,,,,,,,,,,,,,,,,,,,,,,,,,,,,,,,,,,,,,
Texas Southern,,,,,,,,,0,0,,0,0,,0,0,,,0,0,0,0,0,0,0,0,0,0,0,,0,0,0,,,,,,,,,,,,,,,,,,0
,Texas Southern,,,,,,,,,,,,,,,,,,,,,,,,,,,,,,,,,,,,,,,,,,,,,,,,,,
Texas St.,,,,,,,,,3,11,,1,4,,0,0,,,-9,2,6,2,0,0,1,1,0,0,1,,0,0,0,,,,,,,,,,,,,,,,,,-6.1783
,Texas St.,,0,AWAY,0,Tulane,"November 8, 2025",,3,11,0.272727272727273,1,4,0.25,0,0,0,-8,-9,2,6,2,0,0,1,1,0,0,1,1,0,0,0,20.462,,,,,,0.0985915492957746,0.20253164556962,1,0,0,0,0,1,0,0,,-6.1783
Texas Tech,,,,,,,,,0,0,,0,0,,0,0,,,0,0,0,0,0,0,0,0,0,0,0,,0,0,0,,,,,,,,,,,,,,,,,,0
,Texas Tech,,,,,,,,,,,,,,,,,,,,,,,,,,,,,,,,,,,,,,,,,,,,,,,,,,
The Citadel,,,,,,,,,0,0,,0,0,,0,0,,,0,0,0,0,0,0,0,0,0,0,0,,0,0,0,,,,,,,,,,,,,,,,,,0
,The Citadel,,,,,,,,,,,,,,,,,,,,,,,,,,,,,,,,,,,,,,,,,,,,,,,,,,
Toledo,,,,,,,,,5,8,,3,6,,0,0,,,3,3,6,0,3,2,3,1,0,0,0,,0,0,0,,,,,,,,,,,,,,,,,,3.801
,Toledo,,0,HOME,0,South Alabama,"November 3, 2025",,5,8,0.625,3,6,0.5,0,0,0,-2,3,3,6,0,3,2,3,1,0,0,0,0,0,0,0,14.692,,,,,,0.175675675675676,0.131578947368421,0,0,0,0,0,0,0,0,,3.801
Towson,,,,,,,,,0,0,,0,0,,0,0,,,0,0,0,0,0,0,0,0,0,0,0,,0,0,0,,,,,,,,,,,,,,,,,,0
,Towson,,,,,,,,,,,,,,,,,,,,,,,,,,,,,,,,,,,,,,,,,,,,,,,,,,
Troy,,,,,,,,,11,20,,4,9,,13,16,,,1,5,9,0.5,4,0.5,2,1.5,1,0,0,,1,0,1,,,,,,,,,,,,,,,,,,17.594
,Troy,,0,AWAY,0,Furman,"November 7, 2025",,3,7,0.428571428571429,2,4,0.5,4,4,1,3,1,2,6,0,2,0,3,3,1,0,0,1,0,0,0,41.248,,,,,,0.1875,0.180327868852459,0,0,0,0,1,0,0,0,,11.7166
,Troy,,0,AWAY,1,Kent St.,"November 3, 2025",,8,13,0.615384615384615,2,5,0.4,9,12,0.75,6,1,8,12,1,6,1,1,0,1,0,0,0,1,0,1,34.322,,,,,,0.262135922330097,0.268041237113402,0,0,0,0,0,0,0,1,,5.8774
Tulane,,,,,,,,,2,2,,1,1,,11,11,,,9,6,2,0,2,1,0,0,1,1,0,,0,0,0,,,,,,,,,,,,,,,,,,15.303
,Tulane,,0,HOME,0,Texas St.,"November 8, 2025",,2,2,1,1,1,1,11,11,1,8,9,6,2,0,2,1,0,0,1,1,0,0,0,0,0,20.683,,,,,,0.20253164556962,0.0985915492957746,0,1,0,0,1,0,0,1,,15.303
Tulsa,,,,,,,,,0,0,,0,0,,0,0,,,0,0,0,0,0,0,0,0,0,0,0,,0,0,0,,,,,,,,,,,,,,,,,,0
,Tulsa,,,,,,,,,,,,,,,,,,,,,,,,,,,,,,,,,,,,,,,,,,,,,,,,,,
UAB,,,,,,,,,0,0,,0,0,,0,0,,,0,0,0,0,0,0,0,0,0,0,0,,0,0,0,,,,,,,,,,,,,,,,,,0
,UAB,,,,,,,,,,,,,,,,,,,,,,,,,,,,,,,,,,,,,,,,,,,,,,,,,,
UC Davis,,,,,,,,,2,7,,1,4,,2,2,,,-3,7,2,3,1,4,2,0,0,0,0,,0,0,0,,,,,,,,,,,,,,,,,,1.1467
,UC Davis,,0,AWAY,0,Portland,"November 9, 2025",,2,7,0.285714285714286,1,4,0.25,2,2,1,-4,-3,7,2,3,1,4,2,0,0,0,0,1,0,0,0,10.328,,,,,,0.111111111111111,0.149253731343284,0,0,0,0,0,0,0,0,,1.1467
UC Irvine,,,,,,,,,7,11,,3,5,,4,7,,,11,3,6,1,1,0,5,3,0,0,0,,0,0,0,,,,,,,,,,,,,,,,,,15.6232
,UC Irvine,,0,HOME,0,Cal Baptist,"November 7, 2025",,7,11,0.636363636363636,3,5,0.6,4,7,0.571428571428571,-8,11,3,6,1,1,0,5,3,0,0,0,0,0,0,0,16.932,,,,,,0.344262295081967,0.144927536231884,0,0,0,0,0,0,1,1,,15.6232
UC Riverside,,,,,,,,,3,5,,1,2,,8,8,,,-2,2,2,1,1,1,0,0,1,0,0,,0,0,0,,,,,,,,,,,,,,,,,,7.203
,UC Riverside,,0,AWAY,0,North Dakota,"November 6, 2025",,3,5,0.6,1,2,0.5,8,8,1,4,-2,2,2,1,1,1,0,0,1,0,0,1,0,0,0,10.824,,,,,,0.202702702702703,0.242857142857143,0,0,0,0,1,0,0,1,,7.203
UC San Diego,,,,,,,,,0,0,,0,0,,0,0,,,0,0,0,0,0,0,0,0,0,0,0,,0,0,0,,,,,,,,,,,,,,,,,,0
,UC San Diego,,,,,,,,,,,,,,,,,,,,,,,,,,,,,,,,,,,,,,,,,,,,,,,,,,
UC Santa Barbara,,,,,,,,,0,0,,0,0,,0,0,,,0,0,0,0,0,0,0,0,0,0,0,,0,0,0,,,,,,,,,,,,,,,,,,0
,UC Santa Barbara,,,,,,,,,,,,,,,,,,,,,,,,,,,,,,,,,,,,,,,,,,,,,,,,,,
UCF,,,,,,,,,2,5,,1,1,,3,6,,,-3,4,6,2,4,2,1,0,1,0,0,,0,0,0,,,,,,,,,,,,,,,,,,1.198
,UCF,,0,HOME,0,Hofstra,"November 3, 2025",,2,5,0.4,1,1,1,3,6,0.5,4,-3,4,6,2,4,2,1,0,1,0,0,0,0,0,0,24.03,,,,,,0.0975609756097561,0.141025641025641,0,0,0,0,0,0,0,0,,1.198
UCLA,,,,,,,,,2,8,,0,3,,0,2,,,-8,5,7,2,1,1,2,1,1,0,0,,0,0,0,,,,,,,,,,,,,,,,,,-1.5
,UCLA,,1,HOME,0,Eastern Washington,"November 3, 2025",,2,8,0.25,0,3,0,0,2,0,6,-8,5,7,2,1,1,2,1,1,0,0,0,0,0,0,18.485,,,,,,0.05,0.162162162162162,0,0,0,0,0,0,0,0,,-1.5
UMass Lowell,,,,,,,,,0,0,,0,0,,0,0,,,0,0,0,0,0,0,0,0,0,0,0,,0,0,0,,,,,,,,,,,,,,,,,,0
,UMass Lowell,,,,,,,,,,,,,,,,,,,,,,,,,,,,,,,,,,,,,,,,,,,,,,,,,,
UMBC,,,,,,,,,3,7,,1,4,,2,2,,,-1,3,5,1,2,0,1,1,0,0,0,,0,0,0,,,,,,,,,,,,,,,,,,4.4056
,UMBC,,0,AWAY,0,Dayton,"November 8, 2025",,3,7,0.428571428571429,1,4,0.25,2,2,1,-6,-1,3,5,1,2,0,1,1,0,0,0,1,0,0,0,38.792,,,,,,0.126760563380282,0.12987012987013,0,0,0,0,0,0,0,0,,4.4056
UMKC,,,,,,,,,0,0,,0,0,,0,0,,,0,0,0,0,0,0,0,0,0,0,0,,0,0,0,,,,,,,,,,,,,,,,,,0
,UMKC,,,,,,,,,,,,,,,,,,,,,,,,,,,,,,,,,,,,,,,,,,,,,,,,,,
UNC Asheville,,,,,,,,,3,7,,1,3,,10,12,,,1,6,2,3,0,3,2,1,0,0,0,,0,0,0,,,,,,,,,,,,,,,,,,6.0176
,UNC Asheville,,0,AWAY,0,Georgia Southern,"November 8, 2025",,3,7,0.428571428571429,1,3,0.333333333333333,10,12,0.833333333333333,-3,1,6,2,3,0,3,2,1,0,0,0,1,0,0,0,12.459,,,,,,0.188888888888889,0.172043010752688,0,0,0,0,0,0,0,0,,6.0176
UNC Greensboro,,,,,,,,,3,12,,0,4,,4,8,,,-7,11,12,4,4,4,2,1,0,0,1,,0,0,0,,,,,,,,,,,,,,,,,,-5.539
,UNC Greensboro,,0,HOME,0,Elon,"November 8, 2025",,3,12,0.25,0,4,0,4,8,0.5,-2,-7,11,12,4,4,4,2,1,0,0,1,0,0,0,0,14.099,,,,,,0.111111111111111,0.184782608695652,1,0,0,0,0,1,0,0,,-5.539
UNC Wilmington,,,,,,,,,3,8,,1,2,,3,5,,,-4,1,7,0,1,2,2,0,0,0,0,,0,0,0,,,,,,,,,,,,,,,,,,-0.595
,UNC Wilmington,,0,AWAY,0,Kent St.,"November 10, 2025",,3,8,0.375,1,2,0.5,3,5,0.6,-9,-4,1,7,0,1,2,2,0,0,0,0,1,0,0,0,34.322,,,,,,0.12987012987013,0.162790697674419,0,0,0,0,0,0,0,0,,-0.595
UNLV,,,,,,,,,2,4,,2,4,,9,12,,,0,4,4,0,1,1,1,1,0,0,0,,0,0,0,,,,,,,,,,,,,,,,,,4.985
,UNLV,,0,HOME,0,Tennessee Martin,"November 4, 2025",,2,4,0.5,2,4,0.5,9,12,0.75,-5,0,4,4,0,1,1,1,1,0,0,0,0,0,0,0,9.238,,,,,,0.185185185185185,0.174418604651163,0,0,0,0,0,0,0,0,,4.985
USC,,,,,,,,,0,0,,0,0,,0,0,,,0,0,0,0,0,0,0,0,0,0,0,,0,0,0,,,,,,,,,,,,,,,,,,0
,USC,,,,,,,,,,,,,,,,,,,,,,,,,,,,,,,,,,,,,,,,,,,,,,,,,,
USC Upstate,,,,,,,,,4,7,,0,0,,0,2,,,0,7,5,2,2,2,0,0,1,0,0,,0,0,0,,,,,,,,,,,,,,,,,,1.1904
,USC Upstate,,0,AWAY,0,Fresno St.,"November 5, 2025",,4,7,0.571428571428571,0,0,0,0,2,0,1,0,7,5,2,2,2,0,0,1,0,0,1,0,0,0,9.623,,,,,,0.119402985074627,0.121212121212121,0,0,0,0,0,0,0,0,,1.1904
UT Arlington,,,,,,,,,0,0,,0,0,,0,0,,,0,0,0,0,0,0,0,0,0,0,0,,0,0,0,,,,,,,,,,,,,,,,,,0
,UT Arlington,,,,,,,,,,,,,,,,,,,,,,,,,,,,,,,,,,,,,,,,,,,,,,,,,,
UT Rio Grande Valley,,,,,,,,,0,0,,0,0,,0,0,,,0,0,0,0,0,0,0,0,0,0,0,,0,0,0,,,,,,,,,,,,,,,,,,0
,UT Rio Grande Valley,,,,,,,,,,,,,,,,,,,,,,,,,,,,,,,,,,,,,,,,,,,,,,,,,,
Utah,,,,,,,,,8,18,,1,7,,6,10,,,6,13,9,5,2,1,1,1,1,1,0,,0,0,1,,,,,,,,,,,,,,,,,,12.6373
,Utah,,0,HOME,1,Weber St.,"November 8, 2025",,8,18,0.444444444444444,1,7,0.142857142857143,6,10,0.6,3,6,13,9,5,2,1,1,1,1,1,0,0,0,0,1,13.897,,,,,,0.25,0.191011235955056,0,1,0,0,0,0,0,1,,12.6373
Utah St.,,,,,,,,,2,7,,0,2,,6,8,,,-10,3,6,2,1,3,2,2,1,0,0,,1,0,0,,,,,,,,,,,,,,,,,,0.1107
,Utah St.,,0,NEUTRAL,0,VCU,"November 7, 2025",,2,7,0.285714285714286,0,2,0,6,8,0.75,3,-10,3,6,2,1,3,2,2,1,0,0,0,1,0,0,58.937,,,,,,0.125,0.25974025974026,0,0,0,0,0,0,0,0,,0.1107
Utah Tech,,,,,,,,,8,13,,2,4,,4,5,,,1,7,6,2,2,3,4,1,1,0,0,,0,0,1,,,,,,,,,,,,,,,,,,7.5874
,Utah Tech,,0,AWAY,1,South Dakota,"November 3, 2025",,8,13,0.615384615384615,2,4,0.5,4,5,0.8,2,1,7,6,2,2,3,4,1,1,0,0,1,0,0,1,11.341,,,,,,0.271604938271605,0.265822784810127,0,0,0,0,0,0,0,1,,7.5874
Utah Valley,,,,,,,,,0,0,,0,0,,0,0,,,0,0,0,0,0,0,0,0,0,0,0,,0,0,0,,,,,,,,,,,,,,,,,,0
,Utah Valley,,,,,,,,,,,,,,,,,,,,,,,,,,,,,,,,,,,,,,,,,,,,,,,,,,
UTEP,,,,,,,,,0,0,,0,0,,0,0,,,0,0,0,0,0,0,0,0,0,0,0,,0,0,0,,,,,,,,,,,,,,,,,,0
,UTEP,,,,,,,,,,,,,,,,,,,,,,,,,,,,,,,,,,,,,,,,,,,,,,,,,,
UTSA,,,,,,,,,0,0,,0,0,,0,0,,,0,0,0,0,0,0,0,0,0,0,0,,0,0,0,,,,,,,,,,,,,,,,,,0
,UTSA,,,,,,,,,,,,,,,,,,,,,,,,,,,,,,,,,,,,,,,,,,,,,,,,,,
Valparaiso,,,,,,,,,3,5,,1,3,,6,9,,,3,4,7,0,3,1,2,1,1,1,0,,0,0,0,,,,,,,,,,,,,,,,,,6.0637
,Valparaiso,,0,HOME,0,Eastern Illinois,"November 4, 2025",,3,5,0.6,1,3,0.333333333333333,6,9,0.666666666666667,3,3,4,7,0,3,1,2,1,1,1,0,0,0,0,0,6.876,,,,,,0.196969696969697,0.158730158730159,0,0,0,0,0,0,0,0,,6.0637
Vanderbilt,,,,,,,,,0,0,,0,0,,0,0,,,0,0,0,0,0,0,0,0,0,0,0,,0,0,0,,,,,,,,,,,,,,,,,,0
,Vanderbilt,,,,,,,,,,,,,,,,,,,,,,,,,,,,,,,,,,,,,,,,,,,,,,,,,,
VCU,,,,,,,,,7,9,,3,5,,3,4,,,10,6,3,1,2,2,3,2,0,0,0,,1,0,0,,,,,,,,,,,,,,,,,,13.2378
,VCU,,0,NEUTRAL,0,Utah St.,"November 7, 2025",,7,9,0.777777777777778,3,5,0.6,3,4,0.75,-3,10,6,3,1,2,2,3,2,0,0,0,0,1,0,0,56.176,,,,,,0.25974025974026,0.125,0,0,0,0,0,0,1,1,,13.2378
Vermont,,,,,,,,,0,0,,0,0,,0,0,,,0,0,0,0,0,0,0,0,0,0,0,,0,0,0,,,,,,,,,,,,,,,,,,0
,Vermont,,,,,,,,,,,,,,,,,,,,,,,,,,,,,,,,,,,,,,,,,,,,,,,,,,
Villanova,,,,,,,,,2,6,,0,3,,3,5,,,-3,6,7,0,1,2,0,0,0,0,0,,1,1,0,,,,,,,,,,,,,,,,,,-0.5607
,Villanova,,0,NEUTRAL,0,BYU,"November 3, 2025",,2,6,0.333333333333333,0,3,0,3,5,0.6,-5,-3,6,7,0,1,2,0,0,0,0,0,0,1,1,0,47.854,,,,,,0.106060606060606,0.140845070422535,0,0,0,0,0,0,0,0,,-0.5607
Virginia,,,,,,,,,0,0,,0,0,,0,0,,,0,0,0,0,0,0,0,0,0,0,0,,0,0,0,,,,,,,,,,,,,,,,,,0
,Virginia,,,,,,,,,,,,,,,,,,,,,,,,,,,,,,,,,,,,,,,,,,,,,,,,,,
Virginia Tech,,,,,,,,,12,20,,2,4,,4,8,,,6,11,11,4,5,1,3,3,1,1,0,,1,0,1,,,,,,,,,,,,,,,,,,13.98
,Virginia Tech,,0,NEUTRAL,1,Providence,"November 8, 2025",,12,20,0.6,2,4,0.5,4,8,0.5,6,6,11,11,4,5,1,3,3,1,1,0,0,1,0,1,26.926,,,,,,0.280373831775701,0.237623762376238,0,0,0,0,0,0,0,1,,13.98
VMI,,,,,,,,,3,4,,1,1,,9,12,,,4,4,4,0,2,1,3,3,1,1,0,,0,0,0,,,,,,,,,,,,,,,,,,12.355
,VMI,,0,AWAY,0,Southern Indiana,"November 7, 2025",,3,4,0.75,1,1,1,9,12,0.75,4,4,4,4,0,2,1,3,3,1,1,0,1,0,0,0,11.638,,,,,,0.205128205128205,0.162162162162162,0,0,0,0,0,0,0,1,,12.355
Wagner,,,,,,,,,3,9,,2,3,,1,4,,,-1,7,8,3,3,4,2,0,0,0,0,,0,0,0,,,,,,,,,,,,,,,,,,0.448
,Wagner,,0,AWAY,0,Seton Hall,"November 7, 2025",,3,9,0.333333333333333,2,3,0.666666666666667,1,4,0.25,-7,-1,7,8,3,3,4,2,0,0,0,0,1,0,0,0,16.5,,,,,,0.147540983606557,0.147058823529412,0,0,0,0,0,0,0,0,,0.448
Wake Forest,,,,,,,,,0,0,,0,0,,0,0,,,0,0,0,0,0,0,0,0,0,0,0,,0,0,0,,,,,,,,,,,,,,,,,,0
,Wake Forest,,,,,,,,,,,,,,,,,,,,,,,,,,,,,,,,,,,,,,,,,,,,,,,,,,
Washington,,,,,,,,,0,0,,0,0,,0,0,,,0,0,0,0,0,0,0,0,0,0,0,,0,0,0,,,,,,,,,,,,,,,,,,0
,Washington,,,,,,,,,,,,,,,,,,,,,,,,,,,,,,,,,,,,,,,,,,,,,,,,,,
Washington St.,,,,,,,,,8,12,,1,4,,4,7,,,14,10,2,4,0,0,2,0,0,0,0,,0,0,0,,,,,,,,,,,,,,,,,,13.9185
,Washington St.,,0,HOME,0,Idaho,"November 3, 2025",,8,12,0.666666666666667,1,4,0.25,4,7,0.571428571428571,-2,14,10,2,4,0,0,2,0,0,0,0,0,0,0,0,9.241,,,,,,0.259259259259259,0.036144578313253,0,0,0,0,0,0,1,1,,13.9185
Weber St.,,,,,,,,,5,14,,1,4,,6,8,,,-6,9,13,2,5,1,1,1,0,0,1,,0,0,1,,,,,,,,,,,,,,,,,,0.0981
,Weber St.,,0,AWAY,1,Utah,"November 8, 2025",,5,14,0.357142857142857,1,4,0.25,6,8,0.75,-3,-6,9,13,2,5,1,1,1,0,0,1,1,0,0,1,-3.877,,,,,,0.191011235955056,0.25,1,0,0,0,0,0,0,0,,0.0981
West Georgia,,,,,,,,,0,0,,0,0,,0,0,,,0,0,0,0,0,0,0,0,0,0,0,,0,0,0,,,,,,,,,,,,,,,,,,0
,West Georgia,,,,,,,,,,,,,,,,,,,,,,,,,,,,,,,,,,,,,,,,,,,,,,,,,,
West Virginia,,,,,,,,,3,6,,1,2,,9,11,,,0,4,6,1,3,0,1,1,1,0,0,,0,0,0,,,,,,,,,,,,,,,,,,7.0554
,West Virginia,,0,HOME,0,Campbell,"November 6, 2025",,3,6,0.5,1,2,0.5,9,11,0.818181818181818,8,0,4,6,1,3,0,1,1,1,0,0,0,0,0,0,10.836,,,,,,0.219178082191781,0.246153846153846,0,0,0,0,0,0,0,1,,7.0554
Western Carolina,,,,,,,,,0,0,,0,0,,0,0,,,0,0,0,0,0,0,0,0,0,0,0,,0,0,0,,,,,,,,,,,,,,,,,,0
,Western Carolina,,,,,,,,,,,,,,,,,,,,,,,,,,,,,,,,,,,,,,,,,,,,,,,,,,
Western Illinois,,,,,,,,,4,7,,0,1,,2,4,,,-4,5,4,3,3,2,0,0,0,0,0,,0,0,0,,,,,,,,,,,,,,,,,,0.0044
,Western Illinois,,0,AWAY,0,Radford,"November 3, 2025",,4,7,0.571428571428571,0,1,0,2,4,0.5,-5,-4,5,4,3,3,2,0,0,0,0,0,1,0,0,0,17.703,,,,,,0.133333333333333,0.175,0,0,0,0,0,0,0,0,,0.0044
Western Kentucky,,,,,,,,,0,0,,0,0,,0,0,,,0,0,0,0,0,0,0,0,0,0,0,,0,0,0,,,,,,,,,,,,,,,,,,0
,Western Kentucky,,,,,,,,,,,,,,,,,,,,,,,,,,,,,,,,,,,,,,,,,,,,,,,,,,
Western Michigan,,,,,,,,,3,4,,1,1,,8,9,,,4,4,4,0,3,1,1,1,1,0,0,,0,0,0,,,,,,,,,,,,,,,,,,8.2248
,Western Michigan,,0,HOME,0,Coastal Carolina,"November 3, 2025",,3,4,0.75,1,1,1,8,9,0.888888888888889,5,4,4,4,0,3,1,1,1,1,0,0,0,0,0,0,10.323,,,,,,0.197368421052632,0.169014084507042,0,0,0,0,0,0,0,0,,8.2248
Wichita St.,,,,,,,,,0,0,,0,0,,0,0,,,0,0,0,0,0,0,0,0,0,0,0,,0,0,0,,,,,,,,,,,,,,,,,,0
,Wichita St.,,,,,,,,,,,,,,,,,,,,,,,,,,,,,,,,,,,,,,,,,,,,,,,,,,
William & Mary,,,,,,,,,4,5,,1,2,,7,9,,,12,4,7,2,7,1,3,2,1,1,0,,0,0,0,,,,,,,,,,,,,,,,,,14.6536
,William & Mary,,0,AWAY,0,Norfolk St.,"November 8, 2025",,4,5,0.8,1,2,0.5,7,9,0.777777777777778,3,12,4,7,2,7,1,3,2,1,1,0,1,0,0,0,46.8,,,,,,0.197530864197531,0.0512820512820513,0,1,0,0,0,0,0,0,,14.6536
Winthrop,,,,,,,,,5,16,,1,11,,16,19,,,0,6,6,1.5,1,2.5,3,2,0.5,0,0,,0,0,0,,,,,,,,,,,,,,,,,,11.9913
,Winthrop,,0,AWAY,0,George Mason,"November 7, 2025",,3,12,0.25,1,9,0.111111111111111,10,11,0.909090909090909,-6,-5,7,9,3,2,4,4,2,0,0,0,1,0,0,0,25.267,,,,,,0.188888888888889,0.229166666666667,0,0,0,0,0,0,0,0,,3.1683
,Winthrop,,0,HOME,0,Queens,"November 3, 2025",,2,4,0.5,0,2,0,6,8,0.75,7,5,5,3,0,0,1,2,2,1,0,0,0,0,0,0,18.295,,,,,,0.123456790123457,0.0675675675675676,0,0,0,0,0,0,0,0,,8.823
Wisconsin,,,,,,,,,0,0,,0,0,,0,0,,,0,0,0,0,0,0,0,0,0,0,0,,0,0,0,,,,,,,,,,,,,,,,,,0
,Wisconsin,,,,,,,,,,,,,,,,,,,,,,,,,,,,,,,,,,,,,,,,,,,,,,,,,,
Wofford,,,,,,,,,0,0,,0,0,,0,0,,,0,0,0,0,0,0,0,0,0,0,0,,0,0,0,,,,,,,,,,,,,,,,,,0
,Wofford,,,,,,,,,,,,,,,,,,,,,,,,,,,,,,,,,,,,,,,,,,,,,,,,,,
Wright St.,,,,,,,,,3,9,,0,4,,2,2,,,-2,5,3,3,0,2,3,1,0,0,0,,0,0,0,,,,,,,,,,,,,,,,,,3.8523
,Wright St.,,0,AWAY,0,California,"November 6, 2025",,3,9,0.333333333333333,0,4,0,2,2,1,-10,-2,5,3,3,0,2,3,1,0,0,0,1,0,0,0,-19.144,,,,,,0.119402985074627,0.12987012987013,0,0,0,0,0,0,0,0,,3.8523
Wyoming,,,,,,,,,3,8,,2,3,,10,12,,,4,7,8,1,3,1,2,2,1,0,0,,0,0,0,,,,,,,,,,,,,,,,,,9.5043
,Wyoming,,0,HOME,0,Cal St. Fullerton,"November 8, 2025",,3,8,0.375,2,3,0.666666666666667,10,12,0.833333333333333,10,4,7,8,1,3,1,2,2,1,0,0,0,0,0,0,13.845,,,,,,0.195652173913043,0.170731707317073,0,0,0,0,0,0,0,0,,9.5043
Xavier,,,,,,,,,3,11,,1,5,,9,12,,,-5.5,3,5.5,0.5,1,1.5,1,0.5,1,0,0,,0,0,0,,,,,,,,,,,,,,,,,,0.6423
,Xavier,,0,HOME,0,Le Moyne,"November 6, 2025",,2,7,0.285714285714286,0,1,0,5,7,0.714285714285714,5,-5,5,5,1,0,1,1,1,1,0,0,0,0,0,0,12.666,,,,,,0.121621621621622,0.202898550724638,0,0,0,0,0,0,0,0,,1.9363
,Xavier,,0,HOME,0,Marist,"November 3, 2025",,1,4,0.25,1,4,0.25,4,5,0.8,4,-6,1,6,0,2,2,1,0,1,0,0,0,0,0,0,14.028,,,,,,0.106060606060606,0.209677419354839,0,0,0,0,0,0,0,0,,-1.294
Yale,,,,,,,,,0,0,,0,0,,0,0,,,0,0,0,0,0,0,0,0,0,0,0,,0,0,0,,,,,,,,,,,,,,,,,,0
,Yale,,,,,,,,,,,,,,,,,,,,,,,,,,,,,,,,,,,,,,,,,,,,,,,,,,
Youngstown St.,,,,,,,,,0,0,,0,0,,0,0,,,0,0,0,0,0,0,0,0,0,0,0,,0,0,0,,,,,,,,,,,,,,,,,,0
,Youngstown St.,,,,,,,,,,,,,,,,,,,,,,,,,,,,,,,,,,,,,,,,,,,,,,,,,,
(blank),,,,,,,,,0,0,,0,0,,0,0,,,0,0,0,0,0,0,0,0,0,0,0,,0,0,0,,,,,,,,,,,,,,,,,,0
