Florida Gators,FGM,FGA,3M,3A,FTM,FTA,REB,Oreb,Turn,steal,Merrimack Warriors,FGM,FGA,3M,3A,FTM,FTA,REB,Oreb,Turn,steal,Players,Chat GPT Team,Team,Location,Opponent,Opponent Conference,Conference Game,Power,Top 25,STR/BENCH,,STR,Min,FGM,FGA,3M,3A,FTM,FTA,OReb,DReb,AST,STL,TO,PF,PTS,OPP ACTIVE VALUE,OPP HISTORICAL VALUE,TEAM ACTIVE VALUE,TEAM HISTORICAL VALUE,Doubles,Double Doube,Triple Double,0-3+ FG,Perfect 2 FG min 3,Perfect 3 FG min 3,Points Leader,Def Reb Leader,Off Reb Leader,Steal Leader,Assist Leader,Foul Trouble,20+ minutes,20+ points,SM,Line,Clutch ,Overtime,Attendance,Player Points,Points Florida,Points Merrimack
,,,,,,,,,,,,Line initial,,,,,,,,,Top 25,Active,Historical,MM Team,Conference,Home Location,,,,,,,,,,,,,,,,,,,,,,,,,,,,,,,,,,,,,,,,,,,,,,,
Abilene Christian,,,,,,,,,,,Abilene Christian,ACU,,,,,,,,,0,,Abilene Christian - 28.974,NO,WAC,"Abilene, TX",,,,,,,,,,,,,,,,,,,,,,,,,,,,,,,,,,,,,,,,,,,,,,,
Air Force,,,,,,,,,,,Air Force,AF,,,,,,,,,0,,Air Force - 5.743,NO,Mountain West,"Colorado Springs, CO",,,,,,,,,,,,,,,,,,,,,,,,,,,,,,,,,,,,,,,,,,,,,,,
Akron,,,,,,,,,,,Akron,AKR,,,,,,,,,0,,Akron - 45.996,YES,MAC,"Akron, OH",,,,,,,,,,,,,,,,,,,,,,,,,,,,,,,,,,,,,,,,,,,,,,,
Alabama,,,,,,,,,,,Alabama,ALA,,,,,,,,,1,,Alabama - 84.245,YES,SEC,"Tuscaloosa, AL",,,,,,,,,,,,,,,,,,,,,,,,,,,,,,,,,,,,,,,,,,,,,,,
Alabama A&M,,,,,,,,,,,Alabama A&M,AAMU,,,,,,,,,0,,Alabama A&M - 10.112,NO,SWAC,"Huntsville, AL",,,,,,,,,,,,,,,,,,,,,,,,,,,,,,,,,,,,,,,,,,,,,,,
Alabama St.,,,,,,,,,,,Alabama St.,,,,,,,,,,0,,Alabama St. - 28.14,YES,SWAC,,,,,,,,,,,,,,,,,,,,,,,,,,,,,,,,,,,,,,,,,,,,,,,,
Albany,,,,,,,,,,,Albany,,,,,,,,,,0,,Albany - 10.277,NO,American East,,,,,,,,,,,,,,,,,,,,,,,,,,,,,,,,,,,,,,,,,,,,,,,,
Alcorn St.,,,,,,,,,,,Alcorn St.,,,,,,,,,,0,,Alcorn St. - 11.934,NO,SWAC,,,,,,,,,,,,,,,,,,,,,,,,,,,,,,,,,,,,,,,,,,,,,,,,
American,,,,,,,,,,,American,AMER,,,,,,,,,0,,American - 28.006,YES,Patriot,"Washington, DC",,,,,,,,,,,,,,,,,,,,,,,,,,,,,,,,,,,,,,,,,,,,,,,
Appalachian St.,,,,,,,,,,,Appalachian St.,APP,,,,,,,,,0,,Appalachian St. - 24.161,NO,Sun Belt,"Boone, NC",,,,,,,,,,,,,,,,,,,,,,,,,,,,,,,,,,,,,,,,,,,,,,,
Arizona,,,,,,,,,,,Arizona,ARIZ,,,,,,,,,1,,Arizona - 66.847,YES,Big 12,"Tucson, AZ",,,,,,,,,,,,,,,,,,,,,,,,,,,,,,,,,,,,,,,,,,,,,,,
Arizona St.,,,,,,,,,,,Arizona St.,ASU,,,,,,,,,0,,Arizona St. - 5.994,NO,Big 12,"Tempe, AZ",,,,,,,,,,,,,,,,,,,,,,,,,,,,,,,,,,,,,,,,,,,,,,,
Arkansas,,,,,,,,,,,Arkansas,ARK,,,,,,,,,1,,Arkansas - 70.938,YES,SEC,"Fayetteville, AR","North Little Rock, AR",,,,,,,,,,,,,,,,,,,,,,,,,,,,,,,,,,,,,,,,,,,,,,
Arkansas Pine Bluff,,,,,,,,,,,Arkansas Pine Bluff,,,,,,,,,,0,,Arkansas Pine Bluff - 6.35,NO,SWAC,,,,,,,,,,,,,,,,,,,,,,,,,,,,,,,,,,,,,,,,,,,,,,,,
Arkansas St.,,,,,,,,,,,Arkansas St.,ARST,,,,,,,,,0,,Arkansas St. - 31.408,NO,Sun Belt,"Jonesboro, AR",,,,,,,,,,,,,,,,,,,,,,,,,,,,,,,,,,,,,,,,,,,,,,,
Army,,,,,,,,,,,Army,ARMY,,,,,,,,,0,,Army - 17.727,NO,Patriot,"West Point, NY",,,,,,,,,,,,,,,,,,,,,,,,,,,,,,,,,,,,,,,,,,,,,,,
Auburn,,,,,,,,,,,Auburn,AUB,,,,,,,,,1,,Auburn - 75.482,YES,SEC,"Auburn, AL",,,,,,,,,,,,,,,,,,,,,,,,,,,,,,,,,,,,,,,,,,,,,,,
Austin Peay,,,,,,,,,,,Austin Peay,APSU,,,,,,,,,0,,Austin Peay - 16.897,NO,ASUN,"Clarksville, TN",,,,,,,,,,,,,,,,,,,,,,,,,,,,,,,,,,,,,,,,,,,,,,,
Ball St.,,,,,,,,,,,Ball St.,BALL,,,,,,,,,0,,Ball St. - 8.773,NO,MAC,"Muncie, IN",,,,,,,,,,,,,,,,,,,,,,,,,,,,,,,,,,,,,,,,,,,,,,,
Baylor,,,,,,,,,,,Baylor,BAY,,,,,,,,,0,,Baylor - 66.073,YES,Big 12,"Waco, TX",,,,,,,,,,,,,,,,,,,,,,,,,,,,,,,,,,,,,,,,,,,,,,,
Bellarmine,,,,,,,,,,,Bellarmine,BELL,,,,,,,,,0,,Bellarmine - 11.536,NO,ASUN,"Louisville, KY",,,,,,,,,,,,,,,,,,,,,,,,,,,,,,,,,,,,,,,,,,,,,,,
Belmont,,,,,,,,,,,Belmont,BEL,,,,,,,,,0,,Belmont - 21.527,NO,Missouri Valley,"Nashville, TN",,,,,,,,,,,,,,,,,,,,,,,,,,,,,,,,,,,,,,,,,,,,,,,
Bethune Cookman,,,,,,,,,,,Bethune Cookman,BCU,,,,,,,,,0,,Bethune Cookman - 17.215,NO,SWAC,,,,,,,,,,,,,,,,,,,,,,,,,,,,,,,,,,,,,,,,,,,,,,,,
Binghamton,,,,,,,,,,,Binghamton,BING,,,,,,,,,0,,Binghamton - 8.791,NO,American East,"Binghamton, NY",,,,,,,,,,,,,,,,,,,,,,,,,,,,,,,,,,,,,,,,,,,,,,,
Boise St.,,,,,,,,,,,Boise St.,BOIS,,,,,,,,,0,,Boise St. - 51.908,NO,Mountain West,"Boise, ID",,,,,,,,,,,,,,,,,,,,,,,,,,,,,,,,,,,,,,,,,,,,,,,
Boston College,,,,,,,,,,,Boston College,BC,,,,,,,,,0,,Boston College - -4.666,NO,ACC,"Chestnut Hill, MA",,,,,,,,,,,,,,,,,,,,,,,,,,,,,,,,,,,,,,,,,,,,,,,
Boston University,,,,,,,,,,,Boston University,BU,,,,,,,,,0,,Boston University - 13.941,NO,Patriot,"Boston, MA",,,,,,,,,,,,,,,,,,,,,,,,,,,,,,,,,,,,,,,,,,,,,,,
Bowling Green,,,,,,,,,,,Bowling Green,BGSU,,,,,,,,,0,,Bowling Green - 16.824,NO,MAC,"Bowling Green, OH",,,,,,,,,,,,,,,,,,,,,,,,,,,,,,,,,,,,,,,,,,,,,,,
Bradley,,,,,,,,,,,Bradley,BRAD,,,,,,,,,0,,Bradley - 40.224,NO,Missouri Valley,"Peoria, IL",,,,,,,,,,,,,,,,,,,,,,,,,,,,,,,,,,,,,,,,,,,,,,,
Brown,,,,,,,,,,,Brown,BRWN,,,,,,,,,0,,Brown - 12.865,NO,Ivy,"Providence, RI",,,,,,,,,,,,,,,,,,,,,,,,,,,,,,,,,,,,,,,,,,,,,,,
Bryant,,,,,,,,,,,Bryant,BRY,,,,,,,,,0,,Bryant - 36.596,YES,American East,"Smithfield, RI",,,,,,,,,,,,,,,,,,,,,,,,,,,,,,,,,,,,,,,,,,,,,,,
Bucknell,,,,,,,,,,,Bucknell,BUCK,,,,,,,,,0,,Bucknell - 12.218,NO,Patriot,"Lewisburg, PA",,,,,,,,,,,,,,,,,,,,,,,,,,,,,,,,,,,,,,,,,,,,,,,
Buffalo,,,,,,,,,,,Buffalo,BUF,,,,,,,,,0,,Buffalo - 7.081,NO,MAC,"Buffalo, NY",,,,,,,,,,,,,,,,,,,,,,,,,,,,,,,,,,,,,,,,,,,,,,,
Butler,,,,,,,,,,,Butler,BUT,,,,,,,,,0,,Butler - 4.101,NO,Big East,"Indianapolis, IN",,,,,,,,,,,,,,,,,,,,,,,,,,,,,,,,,,,,,,,,,,,,,,,
BYU,,,,,,,,,,,BYU,BYU,,,,,,,,,1,,BYU - 47.854,YES,Big 12,"Provo, UT",,,,,,,,,,,,,,,,,,,,,,,,,,,,,,,,,,,,,,,,,,,,,,,
Cal Baptist,,,,,,,,,,,Cal Baptist,CBU,,,,,,,,,0,,Cal Baptist - 16.932,NO,WAC,"Riverside, CA",,,,,,,,,,,,,,,,,,,,,,,,,,,,,,,,,,,,,,,,,,,,,,,
Cal Poly,,,,,,,,,,,Cal Poly,CP,,,,,,,,,0,,Cal Poly - 11.762,NO,Big West,"San Luis Obispo, CA",,,,,,,,,,,,,,,,,,,,,,,,,,,,,,,,,,,,,,,,,,,,,,,
Cal St. Bakersfield,,,,,,,,,,,Cal St. Bakersfield,CSUB,,,,,,,,,0,,Cal St. Bakersfield - 8.446,NO,Big West,"Bakersfield, CA",,,,,,,,,,,,,,,,,,,,,,,,,,,,,,,,,,,,,,,,,,,,,,,
Cal St. Fullerton,,,,,,,,,,,Cal St. Fullerton,CSUF,,,,,,,,,0,,Cal St. Fullerton - 13.845,NO,Big West,"Fullerton, CA",,,,,,,,,,,,,,,,,,,,,,,,,,,,,,,,,,,,,,,,,,,,,,,
Cal St. Northridge,,,,,,,,,,,Cal St. Northridge,CSUN,,,,,,,,,0,,Cal St. Northridge - 15.796,NO,Big West,"Northridge, CA",,,,,,,,,,,,,,,,,,,,,,,,,,,,,,,,,,,,,,,,,,,,,,,
California,,,,,,,,,,,California,CAL,,,,,,,,,0,,California - -19.144,NO,ACC,"Berkeley, CA",,,,,,,,,,,,,,,,,,,,,,,,,,,,,,,,,,,,,,,,,,,,,,,
Campbell,,,,,,,,,,,Campbell,CAM,,,,,,,,,0,,Campbell - 10.836,NO,CAA,"Buies Creek, NC",,,,,,,,,,,,,,,,,,,,,,,,,,,,,,,,,,,,,,,,,,,,,,,
Canisius,,,,,,,,,,,Canisius,CAN,,,,,,,,,0,,Canisius - 7.699,NO,MAAC,"Buffalo, NY",,,,,,,,,,,,,,,,,,,,,,,,,,,,,,,,,,,,,,,,,,,,,,,
Central Arkansas,,,,,,,,,,,Central Arkansas,CARK,,,,,,,,,0,,Central Arkansas - 7.332,NO,ASUN,"Conway, AR",,,,,,,,,,,,,,,,,,,,,,,,,,,,,,,,,,,,,,,,,,,,,,,
Central Connecticut,,,,,,,,,,,Central Connecticut,,,,,,,,,,0,,Central Connecticut - 18.864,NO,NEC,,,,,,,,,,,,,,,,,,,,,,,,,,,,,,,,,,,,,,,,,,,,,,,,
Central Michigan,,,,,,,,,,,Central Michigan,CMU,,,,,,,,,0,,Central Michigan - 6.391,NO,MAC,"Mount Pleasant, MI",,,,,,,,,,,,,,,,,,,,,,,,,,,,,,,,,,,,,,,,,,,,,,,
Charleston,,,,,,,,,,,Charleston,COFC,,,,,,,,,0,,Charleston - 38.671,NO,CAA,"Charleston, SC",,,,,,,,,,,,,,,,,,,,,,,,,,,,,,,,,,,,,,,,,,,,,,,
Charleston Southern,,,,,,,,,,,Charleston Southern,CHSO,,,,,,,,,0,,Charleston Southern - 7.056,NO,Big South,"Charleston, SC",,,,,,,,,,,,,,,,,,,,,,,,,,,,,,,,,,,,,,,,,,,,,,,
Charlotte,,,,,,,,,,,Charlotte,CLT,,,,,,,,,0,,Charlotte - 14.71,NO,American,"Charlotte, NC",,,,,,,,,,,,,,,,,,,,,,,,,,,,,,,,,,,,,,,,,,,,,,,
Chattanooga,,,,,,,,,,,Chattanooga,UTC,,,,,,,,,0,,Chattanooga - 27.877,NO,Southern,"Chattanooga, TN",,,,,,,,,,,,,,,,,,,,,,,,,,,,,,,,,,,,,,,,,,,,,,,
Chicago St.,,,,,,,,,,,Chicago St.,,,,,,,,,,0,,Chicago St. - 9.914,NO,NEC,"Chicago, IL",,,,,,,,,,,,,,,,,,,,,,,,,,,,,,,,,,,,,,,,,,,,,,,
Cincinnati,,,,,,,,,,,Cincinnati,CIN,,,,,,,,,0,,Cincinnati - 33.36,NO,Big 12,"Cincinnati, OH",,,,,,,,,,,,,,,,,,,,,,,,,,,,,,,,,,,,,,,,,,,,,,,
Clemson,,,,,,,,,,,Clemson,CLEM,,,,,,,,,0,,Clemson - 47.778,YES,ACC,"Clemson, SC",,,,,,,,,,,,,,,,,,,,,,,,,,,,,,,,,,,,,,,,,,,,,,,
Cleveland St.,,,,,,,,,,,Cleveland St.,CLE,,,,,,,,,0,,Cleveland St. - 41.248,NO,Horizon,"Cleveland, OH",,,,,,,,,,,,,,,,,,,,,,,,,,,,,,,,,,,,,,,,,,,,,,,
Coastal Carolina,,,,,,,,,,,Coastal Carolina,CCU,,,,,,,,,0,,Coastal Carolina - 10.323,NO,Sun Belt,"Conway, SC",,,,,,,,,,,,,,,,,,,,,,,,,,,,,,,,,,,,,,,,,,,,,,,
Colgate,,,,,,,,,,,Colgate,COLG,,,,,,,,,0,,Colgate - 45.446,NO,Patriot,"Hamilton, NY",,,,,,,,,,,,,,,,,,,,,,,,,,,,,,,,,,,,,,,,,,,,,,,
Colorado,,,,,,,,,,,Colorado,COLO,,,,,,,,,0,,Colorado - 56.291,NO,Big 12,"Boulder, CO",,,,,,,,,,,,,,,,,,,,,,,,,,,,,,,,,,,,,,,,,,,,,,,
Colorado St.,,,,,,,,,,,Colorado St.,CSU,,,,,,,,,0,,Colorado St. - 57.765,YES,Mountain West,"Fort Collins, CO",,,,,,,,,,,,,,,,,,,,,,,,,,,,,,,,,,,,,,,,,,,,,,,
Columbia,,,,,,,,,,,Columbia,COLU,,,,,,,,,0,,Columbia - 7.081,NO,Ivy,"New York, NY",,,,,,,,,,,,,,,,,,,,,,,,,,,,,,,,,,,,,,,,,,,,,,,
Connecticut,,,,,,,,,,,Connecticut,CONN,,,,,,,,,1,,Connecticut - 95.081,YES,Big East,"Storrs, CT","Hartford, CT",,,,,,,,,,,,,,,,,,,,,,,,,,,,,,,,,,,,,,,,,,,,,,
Coppin St.,,,,,,,,,,,Coppin St.,,,,,,,,,,0,,Coppin St. - 5.405,NO,MEAC,"Baltimore, MD",,,,,,,,,,,,,,,,,,,,,,,,,,,,,,,,,,,,,,,,,,,,,,,
Cornell,,,,,,,,,,,Cornell,COR,,,,,,,,,0,,Cornell - 19.283,NO,Ivy,"Ithaca, NY",,,,,,,,,,,,,,,,,,,,,,,,,,,,,,,,,,,,,,,,,,,,,,,
Creighton,,,,,,,,,,,Creighton,CREI,,,,,,,,,0,,Creighton - 86.305,YES,Big East,"Omaha, NE",,,,,,,,,,,,,,,,,,,,,,,,,,,,,,,,,,,,,,,,,,,,,,,
Dartmouth,,,,,,,,,,,Dartmouth,DART,,,,,,,,,0,,Dartmouth - 7.517,NO,Ivy,"Hanover, NH",,,,,,,,,,,,,,,,,,,,,,,,,,,,,,,,,,,,,,,,,,,,,,,
Davidson,,,,,,,,,,,Davidson,DAV,,,,,,,,,0,,Davidson - 21.293,NO,A10,"Davidson, NC",,,,,,,,,,,,,,,,,,,,,,,,,,,,,,,,,,,,,,,,,,,,,,,
Dayton,,,,,,,,,,,Dayton,DAY,,,,,,,,,0,,Dayton - 38.792,NO,A10,"Dayton, OH",,,,,,,,,,,,,,,,,,,,,,,,,,,,,,,,,,,,,,,,,,,,,,,
Delaware,,,,,,,,,,,Delaware,DEL,,,,,,,,,0,,Delaware - 13.599,NO,CUSA,"Newark, DE",,,,,,,,,,,,,,,,,,,,,,,,,,,,,,,,,,,,,,,,,,,,,,,
Delaware St.,,,,,,,,,,,Delaware St.,,,,,,,,,,0,,Delaware St. - 15.297,NO,MEAC,,,,,,,,,,,,,,,,,,,,,,,,,,,,,,,,,,,,,,,,,,,,,,,,
Denver,,,,,,,,,,,Denver,DEN,,,,,,,,,0,,Denver - 8.942,NO,Summit,"Denver, CO",,,,,,,,,,,,,,,,,,,,,,,,,,,,,,,,,,,,,,,,,,,,,,,
DePaul,,,,,,,,,,,DePaul,DEP,,,,,,,,,0,,DePaul - -9.808,NO,Big East,"Chicago, IL",,,,,,,,,,,,,,,,,,,,,,,,,,,,,,,,,,,,,,,,,,,,,,,
Detroit Mercy,,,,,,,,,,,Detroit Mercy,DETM,,,,,,,,,0,,Detroit Mercy - 6.754,NO,Horizon,"Detroit, MI",,,,,,,,,,,,,,,,,,,,,,,,,,,,,,,,,,,,,,,,,,,,,,,
Drake,,,,,,,,,,,Drake,DRKE,,,,,,,,,0,,Drake - 73.492,YES,Missouri Valley,"Des Moines, IA",,,,,,,,,,,,,,,,,,,,,,,,,,,,,,,,,,,,,,,,,,,,,,,
Drexel,,,,,,,,,,,Drexel,DREX,,,,,,,,,0,,Drexel - 17.215,NO,CAA,"Philadelphia, PA",,,,,,,,,,,,,,,,,,,,,,,,,,,,,,,,,,,,,,,,,,,,,,,
Duke,,,,,,,,,,,Duke,DUKE,,,,,,,,,1,,Duke - 100.08,YES,ACC,"Durham, NC",,,,,,,,,,,,,,,,,,,,,,,,,,,,,,,,,,,,,,,,,,,,,,,
Duquesne,,,,,,,,,,,Duquesne,DUQ,,,,,,,,,0,,Duquesne - 32.005,NO,A10,"Pittsburgh, PA",,,,,,,,,,,,,,,,,,,,,,,,,,,,,,,,,,,,,,,,,,,,,,,
East Carolina,,,,,,,,,,,East Carolina,ECU,,,,,,,,,0,,East Carolina - 10.865,NO,American,"Greenville, NC",,,,,,,,,,,,,,,,,,,,,,,,,,,,,,,,,,,,,,,,,,,,,,,
East Tennessee St.,,,,,,,,,,,East Tennessee St.,ETSU,,,,,,,,,0,,East Tennessee St. - 10.223,NO,Southern,"Johnson City, TN",,,,,,,,,,,,,,,,,,,,,,,,,,,,,,,,,,,,,,,,,,,,,,,
East Texas A&M,,,,,,,,,,,East Texas A&M,ETAM,,,,,,,,,0,,East Texas A&M - 12.498,NO,Southland,"Commerce, TX",,,,,,,,,,,,,,,,,,,,,,,,,,,,,,,,,,,,,,,,,,,,,,,
Eastern Illinois,,,,,,,,,,,Eastern Illinois,EIU,,,,,,,,,0,,Eastern Illinois - 6.876,NO,Ohio Valley,"Charleston, IL",,,,,,,,,,,,,,,,,,,,,,,,,,,,,,,,,,,,,,,,,,,,,,,
Eastern Kentucky,,,,,,,,,,,Eastern Kentucky,EKU,,,,,,,,,0,,Eastern Kentucky - 17.114,NO,ASUN,"Richmond, KY",,,,,,,,,,,,,,,,,,,,,,,,,,,,,,,,,,,,,,,,,,,,,,,
Eastern Michigan,,,,,,,,,,,Eastern Michigan,EMU,,,,,,,,,0,,Eastern Michigan - 7.553,NO,MAC,"Ypsilanti, MI",,,,,,,,,,,,,,,,,,,,,,,,,,,,,,,,,,,,,,,,,,,,,,,
Eastern Washington,,,,,,,,,,,Eastern Washington,,,,,,,,,,0,,Eastern Washington - 18.485,NO,Big Sky,"Cheney, WA",,,,,,,,,,,,,,,,,,,,,,,,,,,,,,,,,,,,,,,,,,,,,,,
Elon,,,,,,,,,,,Elon,ELON,,,,,,,,,0,,Elon - 14.099,NO,CAA,"Elon, NC",,,,,,,,,,,,,,,,,,,,,,,,,,,,,,,,,,,,,,,,,,,,,,,
Evansville,,,,,,,,,,,Evansville,EVAN,,,,,,,,,0,,Evansville - 13.367,NO,Missouri Valley,"Evansville, IN",,,,,,,,,,,,,,,,,,,,,,,,,,,,,,,,,,,,,,,,,,,,,,,
Fairfield,,,,,,,,,,,Fairfield,FAIR,,,,,,,,,0,,Fairfield - 16.682,NO,MAAC,"Fairfield, CT",,,,,,,,,,,,,,,,,,,,,,,,,,,,,,,,,,,,,,,,,,,,,,,
Fairleigh Dickinson,,,,,,,,,,,Fairleigh Dickinson,,,,,,,,,,0,,Fairleigh Dickinson - 21.385,NO,NEC,,,,,,,,,,,,,,,,,,,,,,,,,,,,,,,,,,,,,,,,,,,,,,,,
FIU,,,,,,,,,,,FIU,,,,,,,,,,0,,FIU - 11.134,NO,CUSA,,,,,,,,,,,,,,,,,,,,,,,,,,,,,,,,,,,,,,,,,,,,,,,,
Florida,,,,,,,,,,,Florida,FLA,,,,,,,,,1,,Florida - 71.244,YES,SEC,"Gainesville, FL",,,,,,,,,,,,,,,,,,,,,,,,,,,,,,,,,,,,,,,,,,,,,,,
Florida A&M,,,,,,,,,,,Florida A&M,FAMU,,,,,,,,,0,,Florida A&M - 7.86,NO,SWAC,"Tallahassee, FL",,,,,,,,,,,,,,,,,,,,,,,,,,,,,,,,,,,,,,,,,,,,,,,
Florida Atlantic,,,,,,,,,,,Florida Atlantic,FAU,,,,,,,,,0,,Florida Atlantic - 57.266,NO,American,"Boca Raton, FL",,,,,,,,,,,,,,,,,,,,,,,,,,,,,,,,,,,,,,,,,,,,,,,
Florida Gulf Coast,,,,,,,,,,,Florida Gulf Coast,FGCU,,,,,,,,,0,,Florida Gulf Coast - 16.812,NO,ASUN,"Fort Myers, FL",,,,,,,,,,,,,,,,,,,,,,,,,,,,,,,,,,,,,,,,,,,,,,,
Florida St.,,,,,,,,,,,Florida St.,FSU,,,,,,,,,0,,Florida St. - 6.403,NO,ACC,"Tallahassee, FL",,,,,,,,,,,,,,,,,,,,,,,,,,,,,,,,,,,,,,,,,,,,,,,
Fordham,,,,,,,,,,,Fordham,FOR,,,,,,,,,0,,Fordham - 9.418,NO,A10,"Bronx, NY",,,,,,,,,,,,,,,,,,,,,,,,,,,,,,,,,,,,,,,,,,,,,,,
Fresno St.,,,,,,,,,,,Fresno St.,FRES,,,,,,,,,0,,Fresno St. - 9.623,NO,Mountain West,"Fresno, CA",,,,,,,,,,,,,,,,,,,,,,,,,,,,,,,,,,,,,,,,,,,,,,,
Furman,,,,,,,,,,,Furman,FUR,,,,,,,,,0,,Furman - 41.248,NO,Southern,"Greenville, SC",,,,,,,,,,,,,,,,,,,,,,,,,,,,,,,,,,,,,,,,,,,,,,,
Gardner Webb,,,,,,,,,,,Gardner Webb,GWEB,,,,,,,,,0,,Gardner Webb - 11.993,NO,Big South,"Boiling Springs, NC",,,,,,,,,,,,,,,,,,,,,,,,,,,,,,,,,,,,,,,,,,,,,,,
George Mason,,,,,,,,,,,George Mason,GMU,,,,,,,,,0,,George Mason - 25.267,NO,A10,"Fairfax, VA",,,,,,,,,,,,,,,,,,,,,,,,,,,,,,,,,,,,,,,,,,,,,,,
George Washington,,,,,,,,,,,George Washington,GW,,,,,,,,,0,,George Washington - 18.852,NO,A10,"Washington, DC",,,,,,,,,,,,,,,,,,,,,,,,,,,,,,,,,,,,,,,,,,,,,,,
Georgetown,,,,,,,,,,,Georgetown,GTWN,,,,,,,,,0,,Georgetown - -0.594,NO,Big East,"Washington, DC",,,,,,,,,,,,,,,,,,,,,,,,,,,,,,,,,,,,,,,,,,,,,,,
Georgia,,,,,,,,,,,Georgia,UGA,,,,,,,,,0,,Georgia - 16.086,YES,SEC,"Athens, GA",,,,,,,,,,,,,,,,,,,,,,,,,,,,,,,,,,,,,,,,,,,,,,,
Georgia Southern,,,,,,,,,,,Georgia Southern,GASO,,,,,,,,,0,,Georgia Southern - 12.459,NO,Sun Belt,"Statesboro, GA",,,,,,,,,,,,,,,,,,,,,,,,,,,,,,,,,,,,,,,,,,,,,,,
Georgia St.,,,,,,,,,,,Georgia St.,GAST,,,,,,,,,0,,Georgia St. - 14.55,NO,Sun Belt,"Atlanta, GA",,,,,,,,,,,,,,,,,,,,,,,,,,,,,,,,,,,,,,,,,,,,,,,
Georgia Tech,,,,,,,,,,,Georgia Tech,GT,,,,,,,,,0,,Georgia Tech - 2.467,NO,ACC,"Atlanta, GA",,,,,,,,,,,,,,,,,,,,,,,,,,,,,,,,,,,,,,,,,,,,,,,
Gonzaga,,,,,,,,,,,Gonzaga,GONZ,,,,,,,,,1,,Gonzaga - 92.125,YES,WCC,"Spokane, WA",,,,,,,,,,,,,,,,,,,,,,,,,,,,,,,,,,,,,,,,,,,,,,,
Grambling St.,,,,,,,,,,,Grambling St.,GRAM,,,,,,,,,0,,Grambling St. - 29.513,NO,SWAC,"Grambling, LA",,,,,,,,,,,,,,,,,,,,,,,,,,,,,,,,,,,,,,,,,,,,,,,
Grand Canyon,,,,,,,,,,,Grand Canyon,GCU,,,,,,,,,0,,Grand Canyon - 64.227,YES,WAC,"Phoenix, AZ",,,,,,,,,,,,,,,,,,,,,,,,,,,,,,,,,,,,,,,,,,,,,,,
Green Bay,,,,,,,,,,,Green Bay,,,,,,,,,,0,,Green Bay - -0.455,NO,Horizon,"Ashwaubenon, WI",,,,,,,,,,,,,,,,,,,,,,,,,,,,,,,,,,,,,,,,,,,,,,,
Hampton,,,,,,,,,,,Hampton,,,,,,,,,,0,,Hampton - 10.921,NO,CAA,,,,,,,,,,,,,,,,,,,,,,,,,,,,,,,,,,,,,,,,,,,,,,,,
Harvard,,,,,,,,,,,Harvard,HARV,,,,,,,,,0,,Harvard - 11.655,NO,Ivy,"Cambridge, MA",,,,,,,,,,,,,,,,,,,,,,,,,,,,,,,,,,,,,,,,,,,,,,,
Hawaii,,,,,,,,,,,Hawaii,HAW,,,,,,,,,0,,Hawaii - 13.125,NO,Big West,"Honolulu, HI",,,,,,,,,,,,,,,,,,,,,,,,,,,,,,,,,,,,,,,,,,,,,,,
High Point,,,,,,,,,,,High Point,HPU,,,,,,,,,0,,High Point - 35.312,YES,Big South,"High Point, NC",,,,,,,,,,,,,,,,,,,,,,,,,,,,,,,,,,,,,,,,,,,,,,,
Hofstra,,,,,,,,,,,Hofstra,HOF,,,,,,,,,0,,Hofstra - 24.03,NO,CAA,"Hempstead, NY",,,,,,,,,,,,,,,,,,,,,,,,,,,,,,,,,,,,,,,,,,,,,,,
Holy Cross,,,,,,,,,,,Holy Cross,HC,,,,,,,,,0,,Holy Cross - 8.232,NO,Patriot,,,,,,,,,,,,,,,,,,,,,,,,,,,,,,,,,,,,,,,,,,,,,,,,
Houston,,,,,,,,,,,Houston,HOU,,,,,,,,,1,,Houston - 121.81,YES,Big 12,"Houston, TX",,,,,,,,,,,,,,,,,,,,,,,,,,,,,,,,,,,,,,,,,,,,,,,
Houston Christian,,,,,,,,,,,Houston Christian,HCU,,,,,,,,,0,,Houston Christian - 6.555,NO,Southland,"Houston, TX",,,,,,,,,,,,,,,,,,,,,,,,,,,,,,,,,,,,,,,,,,,,,,,
Howard,,,,,,,,,,,Howard,HOW,,,,,,,,,0,,Howard - 28.479,NO,MEAC,"Washington, DC",,,,,,,,,,,,,,,,,,,,,,,,,,,,,,,,,,,,,,,,,,,,,,,
Idaho,,,,,,,,,,,Idaho,IDHO,,,,,,,,,0,,Idaho - 9.241,NO,Big Sky,"Moscow, ID",,,,,,,,,,,,,,,,,,,,,,,,,,,,,,,,,,,,,,,,,,,,,,,
Idaho St.,,,,,,,,,,,Idaho St.,,,,,,,,,,0,,Idaho St. - 10.813,NO,Big Sky,,,,,,,,,,,,,,,,,,,,,,,,,,,,,,,,,,,,,,,,,,,,,,,,
Illinois,,,,,,,,,,,Illinois,ILL,,,,,,,,,1,,Illinois - 72.011,YES,Big Ten,"Champaign, IL",,,,,,,,,,,,,,,,,,,,,,,,,,,,,,,,,,,,,,,,,,,,,,,
Illinois Chicago,,,,,,,,,,,Illinois Chicago,UIC,,,,,,,,,0,,Illinois Chicago - 9.362,NO,Missouri Valley,"Chicago, IL",,,,,,,,,,,,,,,,,,,,,,,,,,,,,,,,,,,,,,,,,,,,,,,
Illinois St.,,,,,,,,,,,Illinois St.,ILST,,,,,,,,,0,,Illinois St. - 16.215,NO,Missouri Valley,"Normal, IL",,,,,,,,,,,,,,,,,,,,,,,,,,,,,,,,,,,,,,,,,,,,,,,
Incarnate Word,,,,,,,,,,,Incarnate Word,UIW,,,,,,,,,0,,Incarnate Word - 15.866,NO,Southland,"San Antonio, TX",,,,,,,,,,,,,,,,,,,,,,,,,,,,,,,,,,,,,,,,,,,,,,,
Indiana,,,,,,,,,,,Indiana,IU,,,,,,,,,0,,Indiana - 15.516,NO,Big Ten,"Bloomington, IN",,,,,,,,,,,,,,,,,,,,,,,,,,,,,,,,,,,,,,,,,,,,,,,
Indiana St.,,,,,,,,,,,Indiana St.,INST,,,,,,,,,0,,Indiana St. - 26.519,NO,Missouri Valley,"Terre Haute, IN",,,,,,,,,,,,,,,,,,,,,,,,,,,,,,,,,,,,,,,,,,,,,,,
Iona,,,,,,,,,,,Iona,IONA,,,,,,,,,0,,Iona - 30.601,NO,MAAC,"New Rochelle, NY",,,,,,,,,,,,,,,,,,,,,,,,,,,,,,,,,,,,,,,,,,,,,,,
Iowa,,,,,,,,,,,Iowa,IOWA,,,,,,,,,0,,Iowa - 21.863,NO,Big Ten,"Iowa City, IA",,,,,,,,,,,,,,,,,,,,,,,,,,,,,,,,,,,,,,,,,,,,,,,
Iowa St.,,,,,,,,,,,Iowa St.,ISU,,,,,,,,,1,,Iowa St. - 49.599,YES,Big 12,"Ames, IA",,,,,,,,,,,,,,,,,,,,,,,,,,,,,,,,,,,,,,,,,,,,,,,
IU Indy,,,,,,,,,,,IU Indy,IUIN,,,,,,,,,0,,IU Indy - 2.264,NO,Horizon,"Indianapolis, IN",,,,,,,,,,,,,,,,,,,,,,,,,,,,,,,,,,,,,,,,,,,,,,,
Jackson St.,,,,,,,,,,,Jackson St.,,,,,,,,,,0,,Jackson St. - 13.863,NO,SWAC,,,,,,,,,,,,,,,,,,,,,,,,,,,,,,,,,,,,,,,,,,,,,,,,
Jacksonville,,,,,,,,,,,Jacksonville,JAX,,,,,,,,,0,,Jacksonville - 20.991,NO,ASUN,"Jacksonville, FL",,,,,,,,,,,,,,,,,,,,,,,,,,,,,,,,,,,,,,,,,,,,,,,
Jacksonville St.,,,,,,,,,,,Jacksonville St.,JXST,,,,,,,,,0,,Jacksonville St. - 26.248,NO,CUSA,"Jacksonville, AL",,,,,,,,,,,,,,,,,,,,,,,,,,,,,,,,,,,,,,,,,,,,,,,
James Madison,,,,,,,,,,,James Madison,JMU,,,,,,,,,0,,James Madison - 33.861,NO,Sun Belt,"Harrisonburg, VA",,,,,,,,,,,,,,,,,,,,,,,,,,,,,,,,,,,,,,,,,,,,,,,
Kansas,,,,,,,,,,,Kansas,KU,,,,,,,,,1,,Kansas - 52.187,YES,Big 12,"Lawrence, KS",,,,,,,,,,,,,,,,,,,,,,,,,,,,,,,,,,,,,,,,,,,,,,,
Kansas St.,,,,,,,,,,,Kansas St.,KSU,,,,,,,,,0,,Kansas St. - 16.237,NO,Big 12,"Manhattan, KS",,,,,,,,,,,,,,,,,,,,,,,,,,,,,,,,,,,,,,,,,,,,,,,
Kennesaw St.,,,,,,,,,,,Kennesaw St.,KENN,,,,,,,,,0,,Kennesaw St. - 22.125,NO,CUSA,"Kennesaw, GA",,,,,,,,,,,,,,,,,,,,,,,,,,,,,,,,,,,,,,,,,,,,,,,
Kent St.,,,,,,,,,,,Kent St.,KENT,,,,,,,,,0,,Kent St. - 34.322,NO,MAC,"Kent, OH",,,,,,,,,,,,,,,,,,,,,,,,,,,,,,,,,,,,,,,,,,,,,,,
Kentucky,,,,,,,,,,,Kentucky,UK,,,,,,,,,1,,Kentucky - 51.085,YES,SEC,"Lexington, KY",,,,,,,,,,,,,,,,,,,,,,,,,,,,,,,,,,,,,,,,,,,,,,,
La Salle,,,,,,,,,,,La Salle,LAS,,,,,,,,,0,,La Salle - 11.448,NO,A10,"Philadelphia, PA",,,,,,,,,,,,,,,,,,,,,,,,,,,,,,,,,,,,,,,,,,,,,,,
Lafayette,,,,,,,,,,,Lafayette,LAF,,,,,,,,,0,,Lafayette - 9.471,NO,Patriot,"Easton, PA",,,,,,,,,,,,,,,,,,,,,,,,,,,,,,,,,,,,,,,,,,,,,,,
Lamar,,,,,,,,,,,Lamar,LAM,,,,,,,,,0,,Lamar - 11.999,NO,Southland,"Beaumont, TX",,,,,,,,,,,,,,,,,,,,,,,,,,,,,,,,,,,,,,,,,,,,,,,
Le Moyne,,,,,,,,,,,Le Moyne,,,,,,,,,,0,,Le Moyne - 12.666,NO,NEC,"Syracuse, NY",,,,,,,,,,,,,,,,,,,,,,,,,,,,,,,,,,,,,,,,,,,,,,,
Lehigh,,,,,,,,,,,Lehigh,LEH,,,,,,,,,0,,Lehigh - 10.886,NO,Patriot,"Bethlehem, PA",,,,,,,,,,,,,,,,,,,,,,,,,,,,,,,,,,,,,,,,,,,,,,,
Liberty,,,,,,,,,,,Liberty,LIB,,,,,,,,,0,,Liberty - 45.395,YES,CUSA,"Lynchburg, VA",,,,,,,,,,,,,,,,,,,,,,,,,,,,,,,,,,,,,,,,,,,,,,,
Lindenwood,,,,,,,,,,,Lindenwood,LIN,,,,,,,,,0,,Lindenwood - 14.381,NO,Ohio Valley,,,,,,,,,,,,,,,,,,,,,,,,,,,,,,,,,,,,,,,,,,,,,,,,
Lipscomb,,,,,,,,,,,Lipscomb,LIP,,,,,,,,,0,,Lipscomb - 31.932,YES,ASUN,"Nashville, TN",,,,,,,,,,,,,,,,,,,,,,,,,,,,,,,,,,,,,,,,,,,,,,,
Little Rock,,,,,,,,,,,Little Rock,LR,,,,,,,,,0,,Little Rock - 19.24,NO,Ohio Valley,,,,,,,,,,,,,,,,,,,,,,,,,,,,,,,,,,,,,,,,,,,,,,,,
LIU,,,,,,,,,,,LIU,LIU,,,,,,,,,0,,LIU - 9.752,NO,NEC,"Brooklyn, NY",,,,,,,,,,,,,,,,,,,,,,,,,,,,,,,,,,,,,,,,,,,,,,,
Long Beach St.,,,,,,,,,,,Long Beach St.,LBSU,,,,,,,,,0,,Long Beach St. - 24.069,NO,Big West,"Long Beach, CA",,,,,,,,,,,,,,,,,,,,,,,,,,,,,,,,,,,,,,,,,,,,,,,
Longwood,,,,,,,,,,,Longwood,LONG,,,,,,,,,0,,Longwood - 28.884,NO,Big South,"Farmville, VA",,,,,,,,,,,,,,,,,,,,,,,,,,,,,,,,,,,,,,,,,,,,,,,
Louisiana,,,,,,,,,,,Louisiana,UL,,,,,,,,,0,,Louisiana - 21.78,NO,Sun Belt,"Lafayette, LA",,,,,,,,,,,,,,,,,,,,,,,,,,,,,,,,,,,,,,,,,,,,,,,
Louisiana Monroe,,,,,,,,,,,Louisiana Monroe,ULM,,,,,,,,,0,,Louisiana Monroe - 6.515,NO,Sun Belt,"Monroe, LA",,,,,,,,,,,,,,,,,,,,,,,,,,,,,,,,,,,,,,,,,,,,,,,
Louisiana Tech,,,,,,,,,,,Louisiana Tech,LT,,,,,,,,,0,,Louisiana Tech - 15.731,NO,CUSA,"Ruston, LA",,,,,,,,,,,,,,,,,,,,,,,,,,,,,,,,,,,,,,,,,,,,,,,
Louisville,,,,,,,,,,,Louisville,LOU,,,,,,,,,1,,Louisville - 2.453,YES,ACC,"Louisville, KY",,,,,,,,,,,,,,,,,,,,,,,,,,,,,,,,,,,,,,,,,,,,,,,
Loyola Chicago,,,,,,,,,,,Loyola Chicago,LUC,,,,,,,,,0,,Loyola Chicago - 41.822,NO,A10,"Chicago, IL",,,,,,,,,,,,,,,,,,,,,,,,,,,,,,,,,,,,,,,,,,,,,,,
Loyola Marymount,,,,,,,,,,,Loyola Marymount,LMU,,,,,,,,,0,,Loyola Marymount - 11.676,NO,WCC,"Los Angeles, CA",,,,,,,,,,,,,,,,,,,,,,,,,,,,,,,,,,,,,,,,,,,,,,,
Loyola MD,,,,,,,,,,,Loyola MD,L-MD,,,,,,,,,0,,Loyola MD - 10.16,NO,Patriot,"Baltimore, MD",,,,,,,,,,,,,,,,,,,,,,,,,,,,,,,,,,,,,,,,,,,,,,,
LSU,,,,,,,,,,,LSU,LSU,,,,,,,,,0,,LSU - 10.328,NO,SEC,"Baton Rouge, LA",,,,,,,,,,,,,,,,,,,,,,,,,,,,,,,,,,,,,,,,,,,,,,,
Maine,,,,,,,,,,,Maine,ME,,,,,,,,,0,,Maine - 13.165,NO,American East,"Orono, ME",,,,,,,,,,,,,,,,,,,,,,,,,,,,,,,,,,,,,,,,,,,,,,,
Manhattan,,,,,,,,,,,Manhattan,MAN,,,,,,,,,0,,Manhattan - 12.689,NO,MAAC,"Riverdale, NY",,,,,,,,,,,,,,,,,,,,,,,,,,,,,,,,,,,,,,,,,,,,,,,
Marist,,,,,,,,,,,Marist,MRST,,,,,,,,,0,,Marist - 14.028,NO,MAAC,"Poughkeepsie, NY",,,,,,,,,,,,,,,,,,,,,,,,,,,,,,,,,,,,,,,,,,,,,,,
Marquette,,,,,,,,,,,Marquette,MARQ,,,,,,,,,0,,Marquette - 44.645,YES,Big East,"Milwaukee, WI",,,,,,,,,,,,,,,,,,,,,,,,,,,,,,,,,,,,,,,,,,,,,,,
Marshall,,,,,,,,,,,Marshall,MRSH,,,,,,,,,0,,Marshall - 14.159,NO,Sun Belt,"Huntington, WV",,,,,,,,,,,,,,,,,,,,,,,,,,,,,,,,,,,,,,,,,,,,,,,
Maryland,,,,,,,,,,,Maryland,MD,,,,,,,,,0,,Maryland - 42.409,YES,Big Ten,"College Park, MD",,,,,,,,,,,,,,,,,,,,,,,,,,,,,,,,,,,,,,,,,,,,,,,
Maryland Eastern Shore,,,,,,,,,,,Maryland Eastern Shore,,,,,,,,,,0,,Maryland Eastern Shore - 8.115,NO,MEAC,,,,,,,,,,,,,,,,,,,,,,,,,,,,,,,,,,,,,,,,,,,,,,,,
Massachusetts,,,,,,,,,,,Massachusetts,MASS,,,,,,,,,0,,Massachusetts - 8.526,NO,MAC,"Amherst, MA",,,,,,,,,,,,,,,,,,,,,,,,,,,,,,,,,,,,,,,,,,,,,,,
McNeese St.,,,,,,,,,,,McNeese St.,MCN,,,,,,,,,0,,McNeese St. - 45.089,YES,Southland,"Lake Charles, LA",,,,,,,,,,,,,,,,,,,,,,,,,,,,,,,,,,,,,,,,,,,,,,,
Memphis,,,,,,,,,,,Memphis,MEM,,,,,,,,,0,,Memphis - 47.037,YES,American,"Memphis, TN",,,,,,,,,,,,,,,,,,,,,,,,,,,,,,,,,,,,,,,,,,,,,,,
Mercer,,,,,,,,,,,Mercer,MER,,,,,,,,,0,,Mercer - 12.347,NO,Southern,"Macon, GA",,,,,,,,,,,,,,,,,,,,,,,,,,,,,,,,,,,,,,,,,,,,,,,
Mercyhurst,,,,,,,,,,,Mercyhurst,MERC,,,,,,,,,0,,Mercyhurst - 10.762,NO,NEC,"Erie, PA",,,,,,,,,,,,,,,,,,,,,,,,,,,,,,,,,,,,,,,,,,,,,,,
Merrimack,,,,,,,,,,,Merrimack,MRMK,,,,,,,,,0,,Merrimack - 21.229,NO,MAAC,"North Andover, MA",,,,,,,,,,,,,,,,,,,,,,,,,,,,,,,,,,,,,,,,,,,,,,,
Miami FL,,,,,,,,,,,Miami FL,MIA,,,,,,,,,0,,Miami FL - 29.132,NO,ACC,"Coral Gables, FL",,,,,,,,,,,,,,,,,,,,,,,,,,,,,,,,,,,,,,,,,,,,,,,
Miami OH,,,,,,,,,,,Miami OH,M-OH,,,,,,,,,0,,Miami OH - 15.433,NO,MAC,"Oxford, OH",,,,,,,,,,,,,,,,,,,,,,,,,,,,,,,,,,,,,,,,,,,,,,,
Michigan,,,,,,,,,,,Michigan,MICH,,,,,,,,,1,,Michigan - 58.895,YES,Big Ten,"Ann Arbor, MI",,,,,,,,,,,,,,,,,,,,,,,,,,,,,,,,,,,,,,,,,,,,,,,
Michigan St.,,,,,,,,,,,Michigan St.,MSU,,,,,,,,,1,,Michigan St. - 84.604,YES,Big Ten,"East Lansing, MI",,,,,,,,,,,,,,,,,,,,,,,,,,,,,,,,,,,,,,,,,,,,,,,
Middle Tennessee,,,,,,,,,,,Middle Tennessee,MTSU,,,,,,,,,0,,Middle Tennessee - 27.162,NO,CUSA,"Murfreesboro, TN",,,,,,,,,,,,,,,,,,,,,,,,,,,,,,,,,,,,,,,,,,,,,,,
Milwaukee,,,,,,,,,,,Milwaukee,MILW,,,,,,,,,0,,Milwaukee - 20.544,NO,Horizon,"Milwaukee, WI",,,,,,,,,,,,,,,,,,,,,,,,,,,,,,,,,,,,,,,,,,,,,,,
Minnesota,,,,,,,,,,,Minnesota,MINN,,,,,,,,,0,,Minnesota - -9.18,NO,Big Ten,"Minneapolis, MN",,,,,,,,,,,,,,,,,,,,,,,,,,,,,,,,,,,,,,,,,,,,,,,
Mississippi,,,,,,,,,,,Mississippi,MISS,,,,,,,,,0,,Mississippi - 25.285,YES,SEC,"Oxford, MS",,,,,,,,,,,,,,,,,,,,,,,,,,,,,,,,,,,,,,,,,,,,,,,
Mississippi St.,,,,,,,,,,,Mississippi St.,MSST,,,,,,,,,0,,Mississippi St. - 43.439,YES,SEC,"Starkville, MS",,,,,,,,,,,,,,,,,,,,,,,,,,,,,,,,,,,,,,,,,,,,,,,
Mississippi Valley St.,,,,,,,,,,,Mississippi Valley St.,,,,,,,,,,0,,Mississippi Valley St. - 4.374,NO,SWAC,,,,,,,,,,,,,,,,,,,,,,,,,,,,,,,,,,,,,,,,,,,,,,,,
Missouri,,,,,,,,,,,Missouri,MIZ,,,,,,,,,0,,Missouri - 25.617,YES,SEC,"Columbia, MO",,,,,,,,,,,,,,,,,,,,,,,,,,,,,,,,,,,,,,,,,,,,,,,
Missouri St.,,,,,,,,,,,Missouri St.,MOST,,,,,,,,,0,,Missouri St. - 17.611,NO,CUSA,"Springfield, MO",,,,,,,,,,,,,,,,,,,,,,,,,,,,,,,,,,,,,,,,,,,,,,,
Monmouth,,,,,,,,,,,Monmouth,,,,,,,,,,0,,Monmouth - 14.514,NO,CAA,"Trenton, NJ",,,,,,,,,,,,,,,,,,,,,,,,,,,,,,,,,,,,,,,,,,,,,,,
Montana,,,,,,,,,,,Montana,MONT,,,,,,,,,0,,Montana - 40.969,YES,Big Sky,"Missoula, MT",,,,,,,,,,,,,,,,,,,,,,,,,,,,,,,,,,,,,,,,,,,,,,,
Montana St.,,,,,,,,,,,Montana St.,MTST,,,,,,,,,0,,Montana St. - 38.671,NO,Big Sky,"Bozeman, MT",,,,,,,,,,,,,,,,,,,,,,,,,,,,,,,,,,,,,,,,,,,,,,,
Morehead St.,,,,,,,,,,,Morehead St.,,,,,,,,,,0,,Morehead St. - 33.842,NO,Ohio Valley,,,,,,,,,,,,,,,,,,,,,,,,,,,,,,,,,,,,,,,,,,,,,,,,
Morgan St.,,,,,,,,,,,Morgan St.,MORG,,,,,,,,,0,,Morgan St. - 11.221,NO,MEAC,"Baltimore, MD",,,,,,,,,,,,,,,,,,,,,,,,,,,,,,,,,,,,,,,,,,,,,,,
Mount St. Mary's,,,,,,,,,,,Mount St. Mary's,MSM,,,,,,,,,0,,Mount St. Mary's - 32.212,YES,MAAC,"Emmitsburg, MD",,,,,,,,,,,,,,,,,,,,,,,,,,,,,,,,,,,,,,,,,,,,,,,
Murray St.,,,,,,,,,,,Murray St.,MUR,,,,,,,,,0,,Murray St. - 17.846,NO,Missouri Valley,"Murray, KY",,,,,,,,,,,,,,,,,,,,,,,,,,,,,,,,,,,,,,,,,,,,,,,
N.C. State,,,,,,,,,,,N.C. State,NCSU,,,,,,,,,1,,N.C. State - 41.29,NO,ACC,"Raleigh, NC",,,,,,,,,,,,,,,,,,,,,,,,,,,,,,,,,,,,,,,,,,,,,,,
Navy,,,,,,,,,,,Navy,NAVY,,,,,,,,,0,,Navy - 16.273,NO,Patriot,"Annapolis, MD",,,,,,,,,,,,,,,,,,,,,,,,,,,,,,,,,,,,,,,,,,,,,,,
Nebraska,,,,,,,,,,,Nebraska,NEB,,,,,,,,,0,,Nebraska - 8.646,NO,Big Ten,"Lincoln, NE",,,,,,,,,,,,,,,,,,,,,,,,,,,,,,,,,,,,,,,,,,,,,,,
Nebraska Omaha,,,,,,,,,,,Nebraska Omaha,OMA,,,,,,,,,0,,Nebraska Omaha - 27.277,YES,Summit,"Omaha, NE",,,,,,,,,,,,,,,,,,,,,,,,,,,,,,,,,,,,,,,,,,,,,,,
Nevada,,,,,,,,,,,Nevada,NEV,,,,,,,,,0,,Nevada - 29.589,NO,Mountain West,"Reno, NV",,,,,,,,,,,,,,,,,,,,,,,,,,,,,,,,,,,,,,,,,,,,,,,
New Hampshire,,,,,,,,,,,New Hampshire,UNH,,,,,,,,,0,,New Hampshire - 10.359,NO,American East,"Durham, NH",,,,,,,,,,,,,,,,,,,,,,,,,,,,,,,,,,,,,,,,,,,,,,,
New Haven,,,,,,,,,,,New Haven,NHVN,,,,,,,,,0,,New Haven - 9,NO,NEC,"New Haven, CT","West Haven, CT",,,,,,,,,,,,,,,,,,,,,,,,,,,,,,,,,,,,,,,,,,,,,,
New Mexico,,,,,,,,,,,New Mexico,UNM,,,,,,,,,0,,New Mexico - 47.097,YES,Mountain West,"Albuquerque, NM",,,,,,,,,,,,,,,,,,,,,,,,,,,,,,,,,,,,,,,,,,,,,,,
New Mexico St.,,,,,,,,,,,New Mexico St.,NMSU,,,,,,,,,0,,New Mexico St. - 15.152,NO,CUSA,"Las Cruces, NM",,,,,,,,,,,,,,,,,,,,,,,,,,,,,,,,,,,,,,,,,,,,,,,
New Orleans,,,,,,,,,,,New Orleans,UNO,,,,,,,,,0,,New Orleans - 9.884,NO,Southland,"New Orleans, LA",,,,,,,,,,,,,,,,,,,,,,,,,,,,,,,,,,,,,,,,,,,,,,,
Niagara,,,,,,,,,,,Niagara,NIA,,,,,,,,,0,,Niagara - 10.336,NO,MAAC,"Niagara Falls, NY",,,,,,,,,,,,,,,,,,,,,,,,,,,,,,,,,,,,,,,,,,,,,,,
Nicholls St.,,,,,,,,,,,Nicholls St.,NICH,,,,,,,,,0,,Nicholls St. - 22.612,NO,Southland,"Thibodaux, LA",,,,,,,,,,,,,,,,,,,,,,,,,,,,,,,,,,,,,,,,,,,,,,,
NJIT,,,,,,,,,,,NJIT,NJIT,,,,,,,,,0,,NJIT - 5.919,NO,American East,"Newark, NJ",,,,,,,,,,,,,,,,,,,,,,,,,,,,,,,,,,,,,,,,,,,,,,,
Norfolk St.,,,,,,,,,,,Norfolk St.,NORF,,,,,,,,,0,,Norfolk St. - 46.8,YES,MEAC,"Norfolk, VA",,,,,,,,,,,,,,,,,,,,,,,,,,,,,,,,,,,,,,,,,,,,,,,
North Alabama,,,,,,,,,,,North Alabama,UNA,,,,,,,,,0,,North Alabama - 25.958,NO,ASUN,"Florence, AL",,,,,,,,,,,,,,,,,,,,,,,,,,,,,,,,,,,,,,,,,,,,,,,
North Carolina,,,,,,,,,,,North Carolina,UNC,,,,,,,,,1,,North Carolina - 65.622,YES,ACC,"Chapel Hill, NC",,,,,,,,,,,,,,,,,,,,,,,,,,,,,,,,,,,,,,,,,,,,,,,
North Carolina A&T,,,,,,,,,,,North Carolina A&T,NCAT,,,,,,,,,0,,North Carolina A&T - 2.888,NO,CAA,"Greensboro, NC",,,,,,,,,,,,,,,,,,,,,,,,,,,,,,,,,,,,,,,,,,,,,,,
North Carolina Central,,,,,,,,,,,North Carolina Central,NCCU,,,,,,,,,0,,North Carolina Central - 14.001,NO,MEAC,"Durham, NC",,,,,,,,,,,,,,,,,,,,,,,,,,,,,,,,,,,,,,,,,,,,,,,
North Dakota,,,,,,,,,,,North Dakota,UND,,,,,,,,,0,,North Dakota - 10.824,NO,Summit,"Grand Forks, ND",,,,,,,,,,,,,,,,,,,,,,,,,,,,,,,,,,,,,,,,,,,,,,,
North Dakota St.,,,,,,,,,,,North Dakota St.,NDSU,,,,,,,,,0,,North Dakota St. - 12.565,NO,Summit,"Fargo, ND",,,,,,,,,,,,,,,,,,,,,,,,,,,,,,,,,,,,,,,,,,,,,,,
North Florida,,,,,,,,,,,North Florida,UNF,,,,,,,,,0,,North Florida - 8.436,NO,ASUN,"UNF Arena, FL",,,,,,,,,,,,,,,,,,,,,,,,,,,,,,,,,,,,,,,,,,,,,,,
North Texas,,,,,,,,,,,North Texas,UNT,,,,,,,,,0,,North Texas - 46.44,NO,American,"Denton, TX",,,,,,,,,,,,,,,,,,,,,,,,,,,,,,,,,,,,,,,,,,,,,,,
Northeastern,,,,,,,,,,,Northeastern,NE,,,,,,,,,0,,Northeastern - 9.622,NO,CAA,"Boston, MA",,,,,,,,,,,,,,,,,,,,,,,,,,,,,,,,,,,,,,,,,,,,,,,
Northern Arizona,,,,,,,,,,,Northern Arizona,,,,,,,,,,0,,Northern Arizona - 18.712,NO,Big Sky,,,,,,,,,,,,,,,,,,,,,,,,,,,,,,,,,,,,,,,,,,,,,,,,
Northern Colorado,,,,,,,,,,,Northern Colorado,UNCO,,,,,,,,,0,,Northern Colorado - 33.215,NO,Big Sky,,,,,,,,,,,,,,,,,,,,,,,,,,,,,,,,,,,,,,,,,,,,,,,,
Northern Illinois,,,,,,,,,,,Northern Illinois,NIU,,,,,,,,,0,,Northern Illinois - 7.713,NO,MAC,"Dekalb, IL",,,,,,,,,,,,,,,,,,,,,,,,,,,,,,,,,,,,,,,,,,,,,,,
Northern Iowa,,,,,,,,,,,Northern Iowa,UNI,,,,,,,,,0,,Northern Iowa - 23.772,NO,Missouri Valley,"Cedar Falls, IA",,,,,,,,,,,,,,,,,,,,,,,,,,,,,,,,,,,,,,,,,,,,,,,
Northern Kentucky,,,,,,,,,,,Northern Kentucky,NKU,,,,,,,,,0,,Northern Kentucky - 23.275,NO,Horizon,"Highland Heights, KY",,,,,,,,,,,,,,,,,,,,,,,,,,,,,,,,,,,,,,,,,,,,,,,
Northwestern,,,,,,,,,,,Northwestern,NU,,,,,,,,,0,,Northwestern - 22.824,NO,Big Ten,"Evanston, IL",,,,,,,,,,,,,,,,,,,,,,,,,,,,,,,,,,,,,,,,,,,,,,,
Northwestern St.,,,,,,,,,,,Northwestern St.,,,,,,,,,,0,,Northwestern St. - 9.931,NO,Southland,,,,,,,,,,,,,,,,,,,,,,,,,,,,,,,,,,,,,,,,,,,,,,,,
Notre Dame,,,,,,,,,,,Notre Dame,ND,,,,,,,,,0,,Notre Dame - -1.821,NO,ACC,"South Bend, IN",,,,,,,,,,,,,,,,,,,,,,,,,,,,,,,,,,,,,,,,,,,,,,,
Oakland,,,,,,,,,,,Oakland,OAK,,,,,,,,,0,,Oakland - 31.383,NO,Horizon,,,,,,,,,,,,,,,,,,,,,,,,,,,,,,,,,,,,,,,,,,,,,,,,
Ohio,,,,,,,,,,,Ohio,OHIO,,,,,,,,,0,,Ohio - 23.706,NO,MAC,"Athens, OH",,,,,,,,,,,,,,,,,,,,,,,,,,,,,,,,,,,,,,,,,,,,,,,
Ohio St.,,,,,,,,,,,Ohio St.,OSU,,,,,,,,,0,,Ohio St. - 21.684,NO,Big Ten,"Columbus, OH",,,,,,,,,,,,,,,,,,,,,,,,,,,,,,,,,,,,,,,,,,,,,,,
Oklahoma,,,,,,,,,,,Oklahoma,OU,,,,,,,,,0,,Oklahoma - 27.19,YES,SEC,"Norman, OK",,,,,,,,,,,,,,,,,,,,,,,,,,,,,,,,,,,,,,,,,,,,,,,
Oklahoma St.,,,,,,,,,,,Oklahoma St.,OKST,,,,,,,,,0,,Oklahoma St. - 10.403,NO,Big 12,"Stillwater, OK",,,,,,,,,,,,,,,,,,,,,,,,,,,,,,,,,,,,,,,,,,,,,,,
Old Dominion,,,,,,,,,,,Old Dominion,ODU,,,,,,,,,0,,Old Dominion - 16.364,NO,Sun Belt,"Norfolk, VA",,,,,,,,,,,,,,,,,,,,,,,,,,,,,,,,,,,,,,,,,,,,,,,
Oral Roberts,,,,,,,,,,,Oral Roberts,ORU,,,,,,,,,0,,Oral Roberts - 28.893,NO,Summit,"Tulsa, OK",,,,,,,,,,,,,,,,,,,,,,,,,,,,,,,,,,,,,,,,,,,,,,,
Oregon,,,,,,,,,,,Oregon,ORE,,,,,,,,,0,,Oregon - 71.489,YES,Big Ten,"Eugene, OR",,,,,,,,,,,,,,,,,,,,,,,,,,,,,,,,,,,,,,,,,,,,,,,
Oregon St.,,,,,,,,,,,Oregon St.,ORST,,,,,,,,,0,,Oregon St. - 2.096,NO,WCC,"Corvallis, OR",,,,,,,,,,,,,,,,,,,,,,,,,,,,,,,,,,,,,,,,,,,,,,,
Pacific,,,,,,,,,,,Pacific,PAC,,,,,,,,,0,,Pacific - 5.636,NO,WCC,"Stockton, CA",,,,,,,,,,,,,,,,,,,,,,,,,,,,,,,,,,,,,,,,,,,,,,,
Penn,,,,,,,,,,,Penn,PENN,,,,,,,,,0,,Penn - 7.614,NO,Ivy,"Philadelphia, PA",,,,,,,,,,,,,,,,,,,,,,,,,,,,,,,,,,,,,,,,,,,,,,,
Penn St.,,,,,,,,,,,Penn St.,PSU,,,,,,,,,0,,Penn St. - 1.023,NO,Big Ten,"University Park, PA",,,,,,,,,,,,,,,,,,,,,,,,,,,,,,,,,,,,,,,,,,,,,,,
Pepperdine,,,,,,,,,,,Pepperdine,PEPP,,,,,,,,,0,,Pepperdine - 17.68,NO,WCC,"Malibu, CA",,,,,,,,,,,,,,,,,,,,,,,,,,,,,,,,,,,,,,,,,,,,,,,
Pittsburgh,,,,,,,,,,,Pittsburgh,PITT,,,,,,,,,0,,Pittsburgh - 24.556,NO,ACC,"Pittsburgh, PA",,,,,,,,,,,,,,,,,,,,,,,,,,,,,,,,,,,,,,,,,,,,,,,
Portland,,,,,,,,,,,Portland,PORT,,,,,,,,,0,,Portland - 10.328,NO,WCC,"Portland, OR",,,,,,,,,,,,,,,,,,,,,,,,,,,,,,,,,,,,,,,,,,,,,,,
Portland St.,,,,,,,,,,,Portland St.,PRST,,,,,,,,,0,,Portland St. - 8.802,NO,Big Sky,"Portland, OR",,,,,,,,,,,,,,,,,,,,,,,,,,,,,,,,,,,,,,,,,,,,,,,
Prairie View A&M,,,,,,,,,,,Prairie View A&M,,,,,,,,,,0,,Prairie View A&M - 7.368,NO,SWAC,,,,,,,,,,,,,,,,,,,,,,,,,,,,,,,,,,,,,,,,,,,,,,,,
Presbyterian,,,,,,,,,,,Presbyterian,,,,,,,,,,0,,Presbyterian - 19.034,NO,Big South,"Clinton, SC",,,,,,,,,,,,,,,,,,,,,,,,,,,,,,,,,,,,,,,,,,,,,,,
Princeton,,,,,,,,,,,Princeton,PRIN,,,,,,,,,0,,Princeton - 38.911,NO,Ivy,"Princeton, NJ",,,,,,,,,,,,,,,,,,,,,,,,,,,,,,,,,,,,,,,,,,,,,,,
Providence,,,,,,,,,,,Providence,PROV,,,,,,,,,0,,Providence - 26.926,NO,Big East,"Providence, RI",,,,,,,,,,,,,,,,,,,,,,,,,,,,,,,,,,,,,,,,,,,,,,,
Purdue,,,,,,,,,,,Purdue,PUR,,,,,,,,,1,,Purdue - 78.697,YES,Big Ten,"West Lafayette, IN",,,,,,,,,,,,,,,,,,,,,,,,,,,,,,,,,,,,,,,,,,,,,,,
Purdue Fort Wayne,,,,,,,,,,,Purdue Fort Wayne,PFW,,,,,,,,,0,,Purdue Fort Wayne - 21.096,NO,Horizon,"Fort Wayne, IN",,,,,,,,,,,,,,,,,,,,,,,,,,,,,,,,,,,,,,,,,,,,,,,
Queens,,,,,,,,,,,Queens,QUC,,,,,,,,,0,,Queens - 18.295,NO,ASUN,"Charlotte, NC",,,,,,,,,,,,,,,,,,,,,,,,,,,,,,,,,,,,,,,,,,,,,,,
Quinnipiac,,,,,,,,,,,Quinnipiac,QUIN,,,,,,,,,0,,Quinnipiac - 21.889,NO,MAAC,"Hamden, CT",,,,,,,,,,,,,,,,,,,,,,,,,,,,,,,,,,,,,,,,,,,,,,,
Radford,,,,,,,,,,,Radford,RAD,,,,,,,,,0,,Radford - 17.703,NO,Big South,"Radford, VA",,,,,,,,,,,,,,,,,,,,,,,,,,,,,,,,,,,,,,,,,,,,,,,
Rhode Island,,,,,,,,,,,Rhode Island,URI,,,,,,,,,0,,Rhode Island - 8.112,NO,A10,"Kingston, RI",,,,,,,,,,,,,,,,,,,,,,,,,,,,,,,,,,,,,,,,,,,,,,,
Rice,,,,,,,,,,,Rice,RICE,,,,,,,,,0,,Rice - 16.104,NO,American,"Houston, TX",,,,,,,,,,,,,,,,,,,,,,,,,,,,,,,,,,,,,,,,,,,,,,,
Richmond,,,,,,,,,,,Richmond,RICH,,,,,,,,,0,,Richmond - 26.602,NO,A10,"Richmond, VA",,,,,,,,,,,,,,,,,,,,,,,,,,,,,,,,,,,,,,,,,,,,,,,
Rider,,,,,,,,,,,Rider,RID,,,,,,,,,0,,Rider - 10.664,NO,MAAC,,,,,,,,,,,,,,,,,,,,,,,,,,,,,,,,,,,,,,,,,,,,,,,,
Robert Morris,,,,,,,,,,,Robert Morris,RMU,,,,,,,,,0,,Robert Morris - 28.542,YES,Horizon,"Moon Township, PA",,,,,,,,,,,,,,,,,,,,,,,,,,,,,,,,,,,,,,,,,,,,,,,
Rutgers,,,,,,,,,,,Rutgers,RUTG,,,,,,,,,0,,Rutgers - 15.149,NO,Big Ten,"Piscataway, NJ",,,,,,,,,,,,,,,,,,,,,,,,,,,,,,,,,,,,,,,,,,,,,,,
Sacramento St.,,,,,,,,,,,Sacramento St.,SAC,,,,,,,,,0,,Sacramento St. - 2.883,NO,Big Sky,"Sacramento, CA",,,,,,,,,,,,,,,,,,,,,,,,,,,,,,,,,,,,,,,,,,,,,,,
Sacred Heart,,,,,,,,,,,Sacred Heart,SHU,,,,,,,,,0,,Sacred Heart - 11.274,NO,MAAC,"Fairfield, CT",,,,,,,,,,,,,,,,,,,,,,,,,,,,,,,,,,,,,,,,,,,,,,,
Saint Francis,,,,,,,,,,,Saint Francis,SFPA,,,,,,,,,0,,Saint Francis - 24.406,YES,NEC,"Loretto, PA",,,,,,,,,,,,,,,,,,,,,,,,,,,,,,,,,,,,,,,,,,,,,,,
Saint Joseph's,,,,,,,,,,,Saint Joseph's,JOES,,,,,,,,,0,,Saint Joseph's - 31.56,NO,A10,"Philadelphia, PA",,,,,,,,,,,,,,,,,,,,,,,,,,,,,,,,,,,,,,,,,,,,,,,
Saint Louis,,,,,,,,,,,Saint Louis,SLU,,,,,,,,,0,,Saint Louis - 27.591,NO,A10,"St. Louis, MO",,,,,,,,,,,,,,,,,,,,,,,,,,,,,,,,,,,,,,,,,,,,,,,
Saint Mary's,,,,,,,,,,,Saint Mary's,SMC,,,,,,,,,0,,Saint Mary's - 68.726,YES,WCC,"Moraga, CA",,,,,,,,,,,,,,,,,,,,,,,,,,,,,,,,,,,,,,,,,,,,,,,
Saint Peter's,,,,,,,,,,,Saint Peter's,SPU,,,,,,,,,0,,Saint Peter's - 33.92,NO,MAAC,"Jersey City, NJ",,,,,,,,,,,,,,,,,,,,,,,,,,,,,,,,,,,,,,,,,,,,,,,
Sam Houston St.,,,,,,,,,,,Sam Houston St.,SHSU,,,,,,,,,0,,Sam Houston St. - 18.922,NO,CUSA,"Huntsville, TX",,,,,,,,,,,,,,,,,,,,,,,,,,,,,,,,,,,,,,,,,,,,,,,
Samford,,,,,,,,,,,Samford,SAM,,,,,,,,,0,,Samford - 34.11,NO,Southern,"Homewood, AL",,,,,,,,,,,,,,,,,,,,,,,,,,,,,,,,,,,,,,,,,,,,,,,
San Diego,,,,,,,,,,,San Diego,USD,,,,,,,,,0,,San Diego - 10.771,NO,WCC,"San Diego, CA",,,,,,,,,,,,,,,,,,,,,,,,,,,,,,,,,,,,,,,,,,,,,,,
San Diego St.,,,,,,,,,,,San Diego St.,SDSU,,,,,,,,,0,,San Diego St. - 69.381,YES,Mountain West,"San Diego, CA",,,,,,,,,,,,,,,,,,,,,,,,,,,,,,,,,,,,,,,,,,,,,,,
San Francisco,,,,,,,,,,,San Francisco,SF,,,,,,,,,0,,San Francisco - 36.097,NO,WCC,"San Francisco, CA",,,,,,,,,,,,,,,,,,,,,,,,,,,,,,,,,,,,,,,,,,,,,,,
San Jose St.,,,,,,,,,,,San Jose St.,SJSU,,,,,,,,,0,,San Jose St. - 21.587,NO,Mountain West,"San Jose, CA",,,,,,,,,,,,,,,,,,,,,,,,,,,,,,,,,,,,,,,,,,,,,,,
Santa Clara,,,,,,,,,,,Santa Clara,SCU,,,,,,,,,0,,Santa Clara - 30.114,NO,WCC,"Santa Clara, CA",,,,,,,,,,,,,,,,,,,,,,,,,,,,,,,,,,,,,,,,,,,,,,,
Seattle,,,,,,,,,,,Seattle,SEA,,,,,,,,,0,,Seattle - 21.417,NO,WCC,"Seattle, WA",,,,,,,,,,,,,,,,,,,,,,,,,,,,,,,,,,,,,,,,,,,,,,,
Seton Hall,,,,,,,,,,,Seton Hall,HALL,,,,,,,,,0,,Seton Hall - 16.5,NO,Big East,"Newark, NJ","South Orange, NJ",,,,,,,,,,,,,,,,,,,,,,,,,,,,,,,,,,,,,,,,,,,,,,
Siena,,,,,,,,,,,Siena,SIE,,,,,,,,,0,,Siena - 8.795,NO,MAAC,"Albany, NY",,,,,,,,,,,,,,,,,,,,,,,,,,,,,,,,,,,,,,,,,,,,,,,
SIU Edwardsville,,,,,,,,,,,SIU Edwardsville,SIUE,,,,,,,,,0,,SIU Edwardsville - 26.408,YES,Ohio Valley,"Edwardsville, IL",,,,,,,,,,,,,,,,,,,,,,,,,,,,,,,,,,,,,,,,,,,,,,,
SMU,,,,,,,,,,,SMU,SMU,,,,,,,,,0,,SMU - 27.576,NO,ACC,"Dallas, TX",,,,,,,,,,,,,,,,,,,,,,,,,,,,,,,,,,,,,,,,,,,,,,,
South Alabama,,,,,,,,,,,South Alabama,USA,,,,,,,,,0,,South Alabama - 14.692,NO,Sun Belt,"Mobile, AL",,,,,,,,,,,,,,,,,,,,,,,,,,,,,,,,,,,,,,,,,,,,,,,
South Carolina,,,,,,,,,,,South Carolina,SC,,,,,,,,,0,,South Carolina - 3.413,NO,SEC,"Columbia, SC",,,,,,,,,,,,,,,,,,,,,,,,,,,,,,,,,,,,,,,,,,,,,,,
South Carolina St.,,,,,,,,,,,South Carolina St.,SCST,,,,,,,,,0,,South Carolina St. - 12.443,NO,MEAC,"Orangeburg, SC",,,,,,,,,,,,,,,,,,,,,,,,,,,,,,,,,,,,,,,,,,,,,,,
South Dakota,,,,,,,,,,,South Dakota,SDAK,,,,,,,,,0,,South Dakota - 11.341,NO,Summit,"Vermillion, SD",,,,,,,,,,,,,,,,,,,,,,,,,,,,,,,,,,,,,,,,,,,,,,,
South Dakota St.,,,,,,,,,,,South Dakota St.,SDST,,,,,,,,,0,,South Dakota St. - 32.195,NO,Summit,"Brookings, SD",,,,,,,,,,,,,,,,,,,,,,,,,,,,,,,,,,,,,,,,,,,,,,,
South Florida,,,,,,,,,,,South Florida,USF,,,,,,,,,0,,South Florida - 14.081,NO,American,"Tampa, FL",,,,,,,,,,,,,,,,,,,,,,,,,,,,,,,,,,,,,,,,,,,,,,,
Southeast Missouri St.,,,,,,,,,,,Southeast Missouri St.,SEMO,,,,,,,,,0,,Southeast Missouri St. - 20.152,NO,Ohio Valley,"Cape Girardeau, MO",,,,,,,,,,,,,,,,,,,,,,,,,,,,,,,,,,,,,,,,,,,,,,,
Southeastern Louisiana,,,,,,,,,,,Southeastern Louisiana,,,,,,,,,,0,,Southeastern Louisiana - 10.623,NO,Southland,,,,,,,,,,,,,,,,,,,,,,,,,,,,,,,,,,,,,,,,,,,,,,,,
Southern,,,,,,,,,,,Southern,,,,,,,,,,0,,Southern - 10.472,NO,SWAC,,,,,,,,,,,,,,,,,,,,,,,,,,,,,,,,,,,,,,,,,,,,,,,,
Southern Illinois,,,,,,,,,,,Southern Illinois,SIU,,,,,,,,,0,,Southern Illinois - 12.849,NO,Missouri Valley,"Carbondale, IL",,,,,,,,,,,,,,,,,,,,,,,,,,,,,,,,,,,,,,,,,,,,,,,
Southern Indiana,,,,,,,,,,,Southern Indiana,,,,,,,,,,0,,Southern Indiana - 11.638,NO,Ohio Valley,"Evansville, IN",,,,,,,,,,,,,,,,,,,,,,,,,,,,,,,,,,,,,,,,,,,,,,,
Southern Miss,,,,,,,,,,,Southern Miss,USM,,,,,,,,,0,,Southern Miss - 17.211,NO,Sun Belt,"Hattiesburg, MS",,,,,,,,,,,,,,,,,,,,,,,,,,,,,,,,,,,,,,,,,,,,,,,
Southern Utah,,,,,,,,,,,Southern Utah,SUU,,,,,,,,,0,,Southern Utah - 17.135,NO,WAC,"Cedar City, UT",,,,,,,,,,,,,,,,,,,,,,,,,,,,,,,,,,,,,,,,,,,,,,,
St. Bonaventure,,,,,,,,,,,St. Bonaventure,SBU,,,,,,,,,0,,St. Bonaventure - 21.26,NO,A10,"Saint Bonaventure, NY",,,,,,,,,,,,,,,,,,,,,,,,,,,,,,,,,,,,,,,,,,,,,,,
St. John's,,,,,,,,,,,St. John's,SJU,,,,,,,,,1,,St. John's - 31.841,YES,Big East,"New York, NY","Queens, NY",,,,,,,,,,,,,,,,,,,,,,,,,,,,,,,,,,,,,,,,,,,,,,
St. Thomas,,,,,,,,,,,St. Thomas,STMN,,,,,,,,,0,,St. Thomas - 23.019,NO,Summit,"St.. Paul, MN","Saint Paul, MN",,,,,,,,,,,,,,,,,,,,,,,,,,,,,,,,,,,,,,,,,,,,,,
Stanford,,,,,,,,,,,Stanford,STAN,,,,,,,,,0,,Stanford - 1.811,NO,ACC,"Stanford, CA",,,,,,,,,,,,,,,,,,,,,,,,,,,,,,,,,,,,,,,,,,,,,,,
Stephen F. Austin,,,,,,,,,,,Stephen F. Austin,SFA,,,,,,,,,0,,Stephen F. Austin - 15.861,NO,Southland,"Nacogdoches, TX",,,,,,,,,,,,,,,,,,,,,,,,,,,,,,,,,,,,,,,,,,,,,,,
Stetson,,,,,,,,,,,Stetson,STET,,,,,,,,,0,,Stetson - 25.884,NO,ASUN,"DeLand, FL",,,,,,,,,,,,,,,,,,,,,,,,,,,,,,,,,,,,,,,,,,,,,,,
Stonehill,,,,,,,,,,,Stonehill,STO,,,,,,,,,0,,Stonehill - 11.766,NO,NEC,"Fairfield, CT","South Easton, MA",,,,,,,,,,,,,,,,,,,,,,,,,,,,,,,,,,,,,,,,,,,,,,
Stony Brook,,,,,,,,,,,Stony Brook,STBK,,,,,,,,,0,,Stony Brook - 13.595,NO,CAA,"Stony Brook, NY",,,,,,,,,,,,,,,,,,,,,,,,,,,,,,,,,,,,,,,,,,,,,,,
Syracuse,,,,,,,,,,,Syracuse,SYR,,,,,,,,,0,,Syracuse - 4.252,NO,ACC,"Syracuse, NY",,,,,,,,,,,,,,,,,,,,,,,,,,,,,,,,,,,,,,,,,,,,,,,
Tarleton St.,,,,,,,,,,,Tarleton St.,TAR,,,,,,,,,0,,Tarleton St. - 14.671,NO,WAC,"Stephenville, TX",,,,,,,,,,,,,,,,,,,,,,,,,,,,,,,,,,,,,,,,,,,,,,,
TCU,,,,,,,,,,,TCU,TCU,,,,,,,,,0,,TCU - 28.789,NO,Big 12,"Fort Worth, TX",,,,,,,,,,,,,,,,,,,,,,,,,,,,,,,,,,,,,,,,,,,,,,,
Temple,,,,,,,,,,,Temple,TEM,,,,,,,,,0,,Temple - 14.392,NO,American,"Philadelphia, PA",,,,,,,,,,,,,,,,,,,,,,,,,,,,,,,,,,,,,,,,,,,,,,,
Tennessee,,,,,,,,,,,Tennessee,TENN,,,,,,,,,1,,Tennessee - 79.812,YES,SEC,"Knoxville, TN",,,,,,,,,,,,,,,,,,,,,,,,,,,,,,,,,,,,,,,,,,,,,,,
Tennessee Martin,,,,,,,,,,,Tennessee Martin,,,,,,,,,,0,,Tennessee Martin - 9.238,NO,Ohio Valley,,,,,,,,,,,,,,,,,,,,,,,,,,,,,,,,,,,,,,,,,,,,,,,,
Tennessee St.,,,,,,,,,,,Tennessee St.,TNST,,,,,,,,,0,,Tennessee St. - 12.945,NO,Ohio Valley,"Nashville, TN",,,,,,,,,,,,,,,,,,,,,,,,,,,,,,,,,,,,,,,,,,,,,,,
Tennessee Tech,,,,,,,,,,,Tennessee Tech,TNTC,,,,,,,,,0,,Tennessee Tech - 8.697,NO,Ohio Valley,"Cookeville, TN",,,,,,,,,,,,,,,,,,,,,,,,,,,,,,,,,,,,,,,,,,,,,,,
Texas,,,,,,,,,,,Texas,TEX,,,,,,,,,0,,Texas - 56.857,YES,SEC,"Austin, TX",,,,,,,,,,,,,,,,,,,,,,,,,,,,,,,,,,,,,,,,,,,,,,,
Texas A&M,,,,,,,,,,,Texas A&M,TA&M,,,,,,,,,0,,Texas A&M - 45.993,YES,SEC,"College Station, TX",,,,,,,,,,,,,,,,,,,,,,,,,,,,,,,,,,,,,,,,,,,,,,,
Texas A&M Corpus Chris,,,,,,,,,,,Texas A&M Corpus Chris,,,,,,,,,,0,,Texas A&M Corpus Chris - 30.05,NO,Southland,,,,,,,,,,,,,,,,,,,,,,,,,,,,,,,,,,,,,,,,,,,,,,,,
Texas Southern,,,,,,,,,,,Texas Southern,TXSO,,,,,,,,,0,,Texas Southern - 26.555,NO,SWAC,"Houston, TX",,,,,,,,,,,,,,,,,,,,,,,,,,,,,,,,,,,,,,,,,,,,,,,
Texas St.,,,,,,,,,,,Texas St.,TXST,,,,,,,,,0,,Texas St. - 20.683,NO,Sun Belt,"San Marcos, TX",,,,,,,,,,,,,,,,,,,,,,,,,,,,,,,,,,,,,,,,,,,,,,,
Texas Tech,,,,,,,,,,,Texas Tech,TTU,,,,,,,,,1,,Texas Tech - 64.049,YES,Big 12,"Lubbock, TX",,,,,,,,,,,,,,,,,,,,,,,,,,,,,,,,,,,,,,,,,,,,,,,
The Citadel,,,,,,,,,,,The Citadel,CIT,,,,,,,,,0,,The Citadel - 6.354,NO,Southern,"Charleston, SC",,,,,,,,,,,,,,,,,,,,,,,,,,,,,,,,,,,,,,,,,,,,,,,
Toledo,,,,,,,,,,,Toledo,TOL,,,,,,,,,0,,Toledo - 32.869,NO,MAC,"Toledo, OH",,,,,,,,,,,,,,,,,,,,,,,,,,,,,,,,,,,,,,,,,,,,,,,
Towson,,,,,,,,,,,Towson,TOW,,,,,,,,,0,,Towson - 25.028,NO,CAA,"Towson, MD",,,,,,,,,,,,,,,,,,,,,,,,,,,,,,,,,,,,,,,,,,,,,,,
Troy,,,,,,,,,,,Troy,TROY,,,,,,,,,0,,Troy - 34.931,YES,Sun Belt,"Troy, AL",,,,,,,,,,,,,,,,,,,,,,,,,,,,,,,,,,,,,,,,,,,,,,,
Tulane,,,,,,,,,,,Tulane,TULN,,,,,,,,,0,,Tulane - 20.462,NO,American,"New Orleans, LA",,,,,,,,,,,,,,,,,,,,,,,,,,,,,,,,,,,,,,,,,,,,,,,
Tulsa,,,,,,,,,,,Tulsa,TLSA,,,,,,,,,0,,Tulsa - 9.611,NO,American,"Tulsa, OK",,,,,,,,,,,,,,,,,,,,,,,,,,,,,,,,,,,,,,,,,,,,,,,
UAB,,,,,,,,,,,UAB,UAB,,,,,,,,,0,,UAB - 50.004,NO,American,"Birmingham, AL",,,,,,,,,,,,,,,,,,,,,,,,,,,,,,,,,,,,,,,,,,,,,,,
UC Davis,,,,,,,,,,,UC Davis,UCD,,,,,,,,,0,,UC Davis - 12.377,NO,Big West,"Davis, CA",,,,,,,,,,,,,,,,,,,,,,,,,,,,,,,,,,,,,,,,,,,,,,,
UC Irvine,,,,,,,,,,,UC Irvine,UCI,,,,,,,,,0,,UC Irvine - 37.729,NO,Big West,"Irvine, CA",,,,,,,,,,,,,,,,,,,,,,,,,,,,,,,,,,,,,,,,,,,,,,,
UC Riverside,,,,,,,,,,,UC Riverside,UCR,,,,,,,,,0,,UC Riverside - 20.083,NO,Big West,"Riverside, CA",,,,,,,,,,,,,,,,,,,,,,,,,,,,,,,,,,,,,,,,,,,,,,,
UC San Diego,,,,,,,,,,,UC San Diego,UCSD,,,,,,,,,0,,UC San Diego - 32.042,YES,Big West,"San Diego, CA",,,,,,,,,,,,,,,,,,,,,,,,,,,,,,,,,,,,,,,,,,,,,,,
UC Santa Barbara,,,,,,,,,,,UC Santa Barbara,UCSB,,,,,,,,,0,,UC Santa Barbara - 31.073,NO,Big West,"Santa Barbara, CA",,,,,,,,,,,,,,,,,,,,,,,,,,,,,,,,,,,,,,,,,,,,,,,
UCF,,,,,,,,,,,UCF,UCF,,,,,,,,,0,,UCF - 26.79,NO,Big 12,"Orlando, FL",,,,,,,,,,,,,,,,,,,,,,,,,,,,,,,,,,,,,,,,,,,,,,,
UCLA,,,,,,,,,,,UCLA,UCLA,,,,,,,,,1,,UCLA - 55.924,YES,Big Ten,"Los Angeles, CA",,,,,,,,,,,,,,,,,,,,,,,,,,,,,,,,,,,,,,,,,,,,,,,
UMass Lowell,,,,,,,,,,,UMass Lowell,UML,,,,,,,,,0,,UMass Lowell - 16.84,NO,American East,"Lowell, MA",,,,,,,,,,,,,,,,,,,,,,,,,,,,,,,,,,,,,,,,,,,,,,,
UMBC,,,,,,,,,,,UMBC,UMBC,,,,,,,,,0,,UMBC - 9.973,NO,American East,"Baltimore, MD",,,,,,,,,,,,,,,,,,,,,,,,,,,,,,,,,,,,,,,,,,,,,,,
UMKC,,,,,,,,,,,UMKC,UMKC,,,,,,,,,0,,UMKC - 10.209,NO,Summit,"Kansas City, MO",,,,,,,,,,,,,,,,,,,,,,,,,,,,,,,,,,,,,,,,,,,,,,,
UNC Asheville,,,,,,,,,,,UNC Asheville,UNCA,,,,,,,,,0,,UNC Asheville - 30.241,NO,Big South,"Asheville, NC",,,,,,,,,,,,,,,,,,,,,,,,,,,,,,,,,,,,,,,,,,,,,,,
UNC Greensboro,,,,,,,,,,,UNC Greensboro,UNCG,,,,,,,,,0,,UNC Greensboro - 19.88,NO,Southern,"Greensboro, NC",,,,,,,,,,,,,,,,,,,,,,,,,,,,,,,,,,,,,,,,,,,,,,,
UNC Wilmington,,,,,,,,,,,UNC Wilmington,UNCW,,,,,,,,,0,,UNC Wilmington - 38.936,YES,CAA,"Wilmington, NC",,,,,,,,,,,,,,,,,,,,,,,,,,,,,,,,,,,,,,,,,,,,,,,
UNLV,,,,,,,,,,,UNLV,UNLV,,,,,,,,,0,,UNLV - 18.095,NO,Mountain West,"Las Vegas, NV",,,,,,,,,,,,,,,,,,,,,,,,,,,,,,,,,,,,,,,,,,,,,,,
USC,,,,,,,,,,,USC,USC,,,,,,,,,0,,USC - 35.501,NO,Big Ten,"Los Angeles, CA",,,,,,,,,,,,,,,,,,,,,,,,,,,,,,,,,,,,,,,,,,,,,,,
USC Upstate,,,,,,,,,,,USC Upstate,UPST,,,,,,,,,0,,USC Upstate - 12.234,NO,Big South,"Spartanburg, SC",,,,,,,,,,,,,,,,,,,,,,,,,,,,,,,,,,,,,,,,,,,,,,,
UT Arlington,,,,,,,,,,,UT Arlington,UTA,,,,,,,,,0,,UT Arlington - 9.951,NO,WAC,"Arlington, TX",,,,,,,,,,,,,,,,,,,,,,,,,,,,,,,,,,,,,,,,,,,,,,,
UT Rio Grande Valley,,,,,,,,,,,UT Rio Grande Valley,RGV,,,,,,,,,0,,UT Rio Grande Valley - 5.968,NO,Southland,,,,,,,,,,,,,,,,,,,,,,,,,,,,,,,,,,,,,,,,,,,,,,,,
Utah,,,,,,,,,,,Utah,UTAH,,,,,,,,,0,,Utah - -3.877,NO,Big 12,"Salt Lake City, UT",,,,,,,,,,,,,,,,,,,,,,,,,,,,,,,,,,,,,,,,,,,,,,,
Utah St.,,,,,,,,,,,Utah St.,USU,,,,,,,,,0,,Utah St. - 56.176,YES,Mountain West,"Logan, UT",,,,,,,,,,,,,,,,,,,,,,,,,,,,,,,,,,,,,,,,,,,,,,,
Utah Tech,,,,,,,,,,,Utah Tech,UTU,,,,,,,,,0,,Utah Tech - 13.512,NO,WAC,"St. George, UT",,,,,,,,,,,,,,,,,,,,,,,,,,,,,,,,,,,,,,,,,,,,,,,
Utah Valley,,,,,,,,,,,Utah Valley,UVU,,,,,,,,,0,,Utah Valley - 32.608,NO,WAC,"Orem, UT",,,,,,,,,,,,,,,,,,,,,,,,,,,,,,,,,,,,,,,,,,,,,,,
UTEP,,,,,,,,,,,UTEP,UTEP,,,,,,,,,0,,UTEP - 15.751,NO,CUSA,"El Paso, TX",,,,,,,,,,,,,,,,,,,,,,,,,,,,,,,,,,,,,,,,,,,,,,,
UTSA,,,,,,,,,,,UTSA,UTSA,,,,,,,,,0,,UTSA - 7.034,NO,American,"San Antonio, TX",,,,,,,,,,,,,,,,,,,,,,,,,,,,,,,,,,,,,,,,,,,,,,,
Valparaiso,,,,,,,,,,,Valparaiso,VAL,,,,,,,,,0,,Valparaiso - 11.611,NO,Missouri Valley,"Valparaiso, IN",,,,,,,,,,,,,,,,,,,,,,,,,,,,,,,,,,,,,,,,,,,,,,,
Vanderbilt,,,,,,,,,,,Vanderbilt,VAN,,,,,,,,,0,,Vanderbilt - 6.944,YES,SEC,"Nashville, TN",,,,,,,,,,,,,,,,,,,,,,,,,,,,,,,,,,,,,,,,,,,,,,,
VCU,,,,,,,,,,,VCU,VCU,,,,,,,,,0,,VCU - 58.937,YES,A10,"Richmond, VA",,,,,,,,,,,,,,,,,,,,,,,,,,,,,,,,,,,,,,,,,,,,,,,
Vermont,,,,,,,,,,,Vermont,UVM,,,,,,,,,0,,Vermont - 45.113,NO,American East,,,,,,,,,,,,,,,,,,,,,,,,,,,,,,,,,,,,,,,,,,,,,,,,
Villanova,,,,,,,,,,,Villanova,VILL,,,,,,,,,0,,Villanova - 55.768,NO,Big East,"Villanova, PA","Philadelphia, PA",,,,,,,,,,,,,,,,,,,,,,,,,,,,,,,,,,,,,,,,,,,,,,
Virginia,,,,,,,,,,,Virginia,UVA,,,,,,,,,0,,Virginia - 26.551,NO,ACC,"Charlottesville, VA",,,,,,,,,,,,,,,,,,,,,,,,,,,,,,,,,,,,,,,,,,,,,,,
Virginia Tech,,,,,,,,,,,Virginia Tech,VT,,,,,,,,,0,,Virginia Tech - 26.293,NO,ACC,"Blacksburg, VA",,,,,,,,,,,,,,,,,,,,,,,,,,,,,,,,,,,,,,,,,,,,,,,
VMI,,,,,,,,,,,VMI,VMI,,,,,,,,,0,,VMI - 14.524,NO,Southern,"Lexington, VA",,,,,,,,,,,,,,,,,,,,,,,,,,,,,,,,,,,,,,,,,,,,,,,
Wagner,,,,,,,,,,,Wagner,,,,,,,,,,0,,Wagner - 24.001,NO,NEC,,,,,,,,,,,,,,,,,,,,,,,,,,,,,,,,,,,,,,,,,,,,,,,,
Wake Forest,,,,,,,,,,,Wake Forest,WAKE,,,,,,,,,0,,Wake Forest - 15.996,NO,ACC,"Winston-Salem, NC",,,,,,,,,,,,,,,,,,,,,,,,,,,,,,,,,,,,,,,,,,,,,,,
Washington,,,,,,,,,,,Washington,WASH,,,,,,,,,0,,Washington - -9.5,NO,Big Ten,"Seattle, WA",,,,,,,,,,,,,,,,,,,,,,,,,,,,,,,,,,,,,,,,,,,,,,,
Washington St.,,,,,,,,,,,Washington St.,WSU,,,,,,,,,0,,Washington St. - 41.129,NO,WCC,"Pullman, WA",,,,,,,,,,,,,,,,,,,,,,,,,,,,,,,,,,,,,,,,,,,,,,,
Weber St.,,,,,,,,,,,Weber St.,WEB,,,,,,,,,0,,Weber St. - 13.897,NO,Big Sky,"Ogden, UT",,,,,,,,,,,,,,,,,,,,,,,,,,,,,,,,,,,,,,,,,,,,,,,
West Georgia,,,,,,,,,,,West Georgia,WGA,,,,,,,,,0,,West Georgia - 9.706,NO,ASUN,"Carrollton, GA",,,,,,,,,,,,,,,,,,,,,,,,,,,,,,,,,,,,,,,,,,,,,,,
West Virginia,,,,,,,,,,,West Virginia,WVU,,,,,,,,,0,,West Virginia - 2.488,NO,Big 12,"Morgantown, WV",,,,,,,,,,,,,,,,,,,,,,,,,,,,,,,,,,,,,,,,,,,,,,,
Western Carolina,,,,,,,,,,,Western Carolina,WCU,,,,,,,,,0,,Western Carolina - 12.164,NO,Southern,"Cullowhee, NC",,,,,,,,,,,,,,,,,,,,,,,,,,,,,,,,,,,,,,,,,,,,,,,
Western Illinois,,,,,,,,,,,Western Illinois,WIU,,,,,,,,,0,,Western Illinois - 11.267,NO,Ohio Valley,"Macomb, IL",,,,,,,,,,,,,,,,,,,,,,,,,,,,,,,,,,,,,,,,,,,,,,,
Western Kentucky,,,,,,,,,,,Western Kentucky,WKU,,,,,,,,,0,,Western Kentucky - 25.401,NO,CUSA,"Bowling Green, KY",,,,,,,,,,,,,,,,,,,,,,,,,,,,,,,,,,,,,,,,,,,,,,,
Western Michigan,,,,,,,,,,,Western Michigan,WMU,,,,,,,,,0,,Western Michigan - 6.734,NO,MAC,"Kalamazoo, MI",,,,,,,,,,,,,,,,,,,,,,,,,,,,,,,,,,,,,,,,,,,,,,,
Wichita St.,,,,,,,,,,,Wichita St.,WICH,,,,,,,,,0,,Wichita St. - 25.395,NO,American,"Wichita, KS",,,,,,,,,,,,,,,,,,,,,,,,,,,,,,,,,,,,,,,,,,,,,,,
William & Mary,,,,,,,,,,,William & Mary,W&M,,,,,,,,,0,,William & Mary - 9.398,NO,CAA,"Williamsburg, VA",,,,,,,,,,,,,,,,,,,,,,,,,,,,,,,,,,,,,,,,,,,,,,,
Winthrop,,,,,,,,,,,Winthrop,WIN,,,,,,,,,0,,Winthrop - 20.577,NO,Big South,"Rock Hill, SC",,,,,,,,,,,,,,,,,,,,,,,,,,,,,,,,,,,,,,,,,,,,,,,
Wisconsin,,,,,,,,,,,Wisconsin,WIS,,,,,,,,,1,,Wisconsin - 55.763,YES,Big Ten,"Madison, WI",,,,,,,,,,,,,,,,,,,,,,,,,,,,,,,,,,,,,,,,,,,,,,,
Wofford,,,,,,,,,,,Wofford,WOF,,,,,,,,,0,,Wofford - 28.364,YES,Southern,"Spartanburg, SC",,,,,,,,,,,,,,,,,,,,,,,,,,,,,,,,,,,,,,,,,,,,,,,
Wright St.,,,,,,,,,,,Wright St.,WRST,,,,,,,,,0,,Wright St. - 18.506,NO,Horizon,"Dayton, OH",,,,,,,,,,,,,,,,,,,,,,,,,,,,,,,,,,,,,,,,,,,,,,,
Wyoming,,,,,,,,,,,Wyoming,WYO,,,,,,,,,0,,Wyoming - 13.636,NO,Mountain West,"Laramie, WY",,,,,,,,,,,,,,,,,,,,,,,,,,,,,,,,,,,,,,,,,,,,,,,
Xavier,,,,,,,,,,,Xavier,XAV,,,,,,,,,0,,Xavier - 46.89,YES,Big East,"Cincinnati, OH",,,,,,,,,,,,,,,,,,,,,,,,,,,,,,,,,,,,,,,,,,,,,,,
Yale,,,,,,,,,,,Yale,YALE,,,,,,,,,0,,Yale - 58.108,YES,Ivy,"New Haven, CT",,,,,,,,,,,,,,,,,,,,,,,,,,,,,,,,,,,,,,,,,,,,,,,
Youngstown St.,,,,,,,,,,,Youngstown St.,YSU,,,,,,,,,0,,Youngstown St. - 23.912,NO,Horizon,,,,,,,,,,,,,,,,,,,,,,,,,,,,,,,,,,,,,,,,,,,,,,,,
Game Location,HOME TEAM,,,Month,,Day,,Year,,Favorite Team,,Line,,,Over/Under,,,Clutch,,Overtime,,Attendance,,Florida SOS THOUGHT,Merrimack SOS THOUGHT,,,,,,,,,,,,,,,,,,,,,,,,,,,,,,,,,,,,,,,,,,,,,Florida,0,,
"Gainesville, FL",Florida,,,November,,21,,2025,,FLA,,-36.5,,,160.5,,,FALSE,,FALSE,,"10,935",TRUE,,,,,,,,,,,,,,,,,,,,,,,,,,,,,,,,,,,,,,,,,,,,,,,Merrimack,0,,
Team - Record,FALSE,FALSE,FALSE,FALSE,FALSE,FALSE,FALSE,FALSE,FALSE,FALSE,Team - Record,FALSE,FALSE,FALSE,FALSE,FALSE,FALSE,FALSE,FALSE,FALSE,FALSE,Todd Brogna,Merrimack Warriors,Merrimack,AWAY,Florida,SEC,1,0,0,Starter,TRUE,1,26,1,1,1,1,0,0,3,3,2,2,1,4,3,0,71.244,0,21.229,0,0,0,0,0,0,0,0,0,1,0,1,1,0,-35,36.5,0,0,"10,935",,0,0
Florida,FALSE,FALSE,FALSE,FALSE,FALSE,FALSE,FALSE,FALSE,FALSE,FALSE,Merrimack,FALSE,FALSE,FALSE,FALSE,FALSE,FALSE,FALSE,FALSE,FALSE,FALSE,Kevair Kennedy,Merrimack Warriors,Merrimack,AWAY,Florida,SEC,1,0,0,Starter,TRUE,1,30,4,8,0,0,6,8,0,0,1,1,5,2,14,0,71.244,0,21.229,1,0,0,0,0,0,0,0,0,0,0,0,1,0,-35,36.5,0,0,"10,935",,0,0
4,FALSE,FALSE,FALSE,FALSE,FALSE,FALSE,FALSE,FALSE,FALSE,FALSE,2,FALSE,FALSE,FALSE,FALSE,FALSE,FALSE,FALSE,FALSE,FALSE,FALSE,Ernest Shelton,Merrimack Warriors,Merrimack,AWAY,Florida,SEC,1,0,0,Starter,TRUE,1,34,1,9,1,8,0,0,0,1,1,2,1,4,3,0,71.244,0,21.229,0,0,0,0,0,0,0,0,0,1,0,1,1,0,-35,36.5,0,0,"10,935",,0,0
1,FALSE,FALSE,FALSE,FALSE,FALSE,FALSE,FALSE,FALSE,FALSE,FALSE,4,FALSE,FALSE,FALSE,FALSE,FALSE,FALSE,FALSE,FALSE,FALSE,FALSE,Tye Dorset,Merrimack Warriors,Merrimack,AWAY,Florida,SEC,1,0,0,Starter,TRUE,1,38,4,17,1,10,1,1,0,1,0,0,1,4,10,0,71.244,0,21.229,1,0,0,0,0,0,0,0,0,0,0,1,1,0,-35,36.5,0,0,"10,935",,0,0
Madness,FALSE,FALSE,FALSE,FALSE,FALSE,FALSE,FALSE,FALSE,FALSE,FALSE,Madness,FALSE,FALSE,FALSE,FALSE,FALSE,FALSE,FALSE,FALSE,FALSE,FALSE,Andrs Marrero,Merrimack Warriors,Merrimack,AWAY,Florida,SEC,1,0,0,Starter,TRUE,1,25,3,8,1,6,0,0,0,1,0,0,0,0,7,0,71.244,0,21.229,0,0,0,0,0,0,0,0,0,0,0,0,1,0,-35,36.5,0,0,"10,935",,0,0
TRUE,FALSE,FALSE,FALSE,FALSE,FALSE,FALSE,FALSE,FALSE,FALSE,FALSE,FALSE,FALSE,FALSE,FALSE,FALSE,FALSE,FALSE,FALSE,FALSE,FALSE,FALSE,Aliou Cisse,Merrimack Warriors,Merrimack,AWAY,Florida,SEC,1,0,0,Bench,FALSE,0,7,0,1,0,0,0,0,0,0,0,0,1,0,0,0,71.244,0,21.229,0,0,0,0,0,0,0,0,0,0,0,0,0,0,-35,36.5,0,0,"10,935",,0,0
Conference,FALSE,FALSE,FALSE,FALSE,FALSE,FALSE,FALSE,FALSE,FALSE,FALSE,Conference,FALSE,FALSE,FALSE,FALSE,FALSE,FALSE,FALSE,FALSE,FALSE,FALSE,Dylan Veillette,Merrimack Warriors,Merrimack,AWAY,Florida,SEC,1,0,0,Bench,TRUE,0,13,1,2,0,0,0,0,1,1,1,0,1,2,2,0,71.244,0,21.229,0,0,0,0,0,0,0,0,0,0,0,0,0,0,-35,36.5,0,0,"10,935",,0,0
SEC,FALSE,FALSE,FALSE,FALSE,FALSE,FALSE,FALSE,FALSE,FALSE,FALSE,MAAC,FALSE,FALSE,FALSE,FALSE,FALSE,FALSE,FALSE,FALSE,FALSE,FALSE,KC Ugwuakazi,Merrimack Warriors,Merrimack,AWAY,Florida,SEC,1,0,0,Bench,TRUE,0,10,2,5,0,0,2,2,1,0,0,1,0,1,6,0,71.244,0,21.229,0,0,0,0,0,0,0,0,0,0,0,0,0,0,-35,36.5,0,0,"10,935",,0,0
Power,FALSE,FALSE,FALSE,FALSE,FALSE,FALSE,FALSE,FALSE,FALSE,FALSE,Power,FALSE,FALSE,FALSE,FALSE,FALSE,FALSE,FALSE,FALSE,FALSE,FALSE,Jaylen Stinson,Merrimack Warriors,Merrimack,AWAY,Florida,SEC,1,0,0,Bench,FALSE,0,8,0,3,0,0,0,0,0,0,2,1,0,0,0,0,71.244,0,21.229,0,0,0,1,0,0,0,0,0,0,0,0,0,0,-35,36.5,0,0,"10,935",,0,0
TRUE,FALSE,FALSE,FALSE,FALSE,FALSE,FALSE,FALSE,FALSE,FALSE,FALSE,FALSE,FALSE,FALSE,FALSE,FALSE,FALSE,FALSE,FALSE,FALSE,FALSE,FALSE,Malik Edmead,Merrimack Warriors,Merrimack,AWAY,Florida,SEC,1,0,0,Bench,FALSE,0,9,0,2,0,0,0,0,0,2,0,0,1,1,0,0,71.244,0,21.229,0,0,0,0,0,0,0,0,0,0,0,0,0,0,-35,36.5,0,0,"10,935",,0,0
Top 25,FALSE,FALSE,FALSE,FALSE,FALSE,FALSE,FALSE,FALSE,FALSE,FALSE,Top 25,FALSE,FALSE,FALSE,FALSE,FALSE,FALSE,FALSE,FALSE,FALSE,FALSE,Alex Condon,Florida Gators,Florida,HOME,Merrimack,MAAC,0,1,1,Starter,TRUE,1,29,8,14,0,0,4,5,6,5,2,1,3,3,20,0,21.229,0,71.244,2,1,0,0,0,0,1,0,1,0,0,0,1,1,35,-36.5,0,0,"10,935",,0,0
TRUE,FALSE,FALSE,FALSE,FALSE,FALSE,FALSE,FALSE,FALSE,FALSE,FALSE,FALSE,FALSE,FALSE,FALSE,FALSE,FALSE,FALSE,FALSE,FALSE,FALSE,FALSE,Thomas Haugh,Florida Gators,Florida,HOME,Merrimack,MAAC,0,1,1,Starter,TRUE,1,30,5,10,0,4,3,4,2,2,2,0,1,2,13,0,21.229,0,71.244,1,0,0,0,0,0,0,0,0,0,0,0,1,0,35,-36.5,0,0,"10,935",,0,0
Points Scored,FALSE,FALSE,FALSE,FALSE,FALSE,FALSE,FALSE,FALSE,FALSE,FALSE,Points Scored,FALSE,FALSE,FALSE,FALSE,FALSE,FALSE,FALSE,FALSE,FALSE,FALSE,Rueben Chinyelu,Florida Gators,Florida,HOME,Merrimack,MAAC,0,1,1,Starter,TRUE,1,27,5,8,0,0,4,6,6,15,0,2,2,2,14,0,21.229,0,71.244,2,1,0,0,0,0,0,1,1,1,0,0,1,0,35,-36.5,0,0,"10,935",,0,0
80,FALSE,FALSE,FALSE,FALSE,FALSE,FALSE,FALSE,FALSE,FALSE,FALSE,45,FALSE,FALSE,FALSE,FALSE,FALSE,FALSE,FALSE,FALSE,FALSE,FALSE,Boogie Fland,Florida Gators,Florida,HOME,Merrimack,MAAC,0,1,1,Starter,TRUE,1,27,2,5,2,3,4,4,0,1,3,1,1,1,10,0,21.229,0,71.244,1,0,0,0,0,1,0,0,0,0,1,0,1,0,35,-36.5,0,0,"10,935",,0,0
Shooting:,FALSE,FALSE,FALSE,FALSE,FALSE,FALSE,FALSE,FALSE,FALSE,FALSE,Shooting:,FALSE,FALSE,FALSE,FALSE,FALSE,FALSE,FALSE,FALSE,FALSE,FALSE,Xaivian Lee,Florida Gators,Florida,HOME,Merrimack,MAAC,0,1,1,Starter,TRUE,1,22,0,6,0,4,0,0,2,2,3,0,1,1,0,0,21.229,0,71.244,0,0,0,1,0,0,0,0,0,0,1,0,1,0,35,-36.5,0,0,"10,935",,0,0
27,FALSE,FALSE,FALSE,FALSE,FALSE,FALSE,FALSE,FALSE,FALSE,FALSE,16,FALSE,FALSE,FALSE,FALSE,FALSE,FALSE,FALSE,FALSE,FALSE,FALSE,Viktor Mikic,Florida Gators,Florida,HOME,Merrimack,MAAC,0,1,1,Bench,FALSE,0,5,1,5,0,0,0,0,2,1,0,0,0,1,2,0,21.229,0,71.244,0,0,0,0,0,0,0,0,0,0,0,0,0,0,35,-36.5,0,0,"10,935",,0,0
62,FALSE,FALSE,FALSE,FALSE,FALSE,FALSE,FALSE,FALSE,FALSE,FALSE,56,FALSE,FALSE,FALSE,FALSE,FALSE,FALSE,FALSE,FALSE,FALSE,FALSE,Urban Klavzar,Florida Gators,Florida,HOME,Merrimack,MAAC,0,1,1,Bench,TRUE,0,21,2,6,2,6,0,0,0,3,3,0,1,1,6,0,21.229,0,71.244,0,0,0,0,0,0,0,0,0,0,1,0,1,0,35,-36.5,0,0,"10,935",,0,0
8,FALSE,FALSE,FALSE,FALSE,FALSE,FALSE,FALSE,FALSE,FALSE,FALSE,4,FALSE,FALSE,FALSE,FALSE,FALSE,FALSE,FALSE,FALSE,FALSE,FALSE,CJ Ingram,Florida Gators,Florida,HOME,Merrimack,MAAC,0,1,1,Bench,FALSE,0,10,1,2,1,1,2,2,0,0,0,0,1,1,5,0,21.229,0,71.244,0,0,0,0,0,0,0,0,0,0,0,0,0,0,35,-36.5,0,0,"10,935",,0,0
22,FALSE,FALSE,FALSE,FALSE,FALSE,FALSE,FALSE,FALSE,FALSE,FALSE,25,FALSE,FALSE,FALSE,FALSE,FALSE,FALSE,FALSE,FALSE,FALSE,FALSE,Isaiah Brown,Florida Gators,Florida,HOME,Merrimack,MAAC,0,1,1,Bench,TRUE,0,16,2,5,2,3,0,0,2,1,1,0,1,1,6,0,21.229,0,71.244,0,0,0,0,0,0,0,0,0,0,0,0,0,0,35,-36.5,0,0,"10,935",,0,0
18,FALSE,FALSE,FALSE,FALSE,FALSE,FALSE,FALSE,FALSE,FALSE,FALSE,9,FALSE,FALSE,FALSE,FALSE,FALSE,FALSE,FALSE,FALSE,FALSE,FALSE,Alex Lloyd,Florida Gators,Florida,HOME,Merrimack,MAAC,0,1,1,Bench,FALSE,0,7,1,1,1,1,0,0,2,2,0,0,0,0,3,0,21.229,0,71.244,0,0,0,0,0,0,0,0,0,0,0,0,0,0,35,-36.5,0,0,"10,935",,0,0
23,FALSE,FALSE,FALSE,FALSE,FALSE,FALSE,FALSE,FALSE,FALSE,FALSE,11,FALSE,FALSE,FALSE,FALSE,FALSE,FALSE,FALSE,FALSE,FALSE,FALSE,0,0,0,NEUTRAL,Merrimack,MAAC,0,1,1,0,FALSE,0,0,0,0,0,0,0,0,0,0,0,0,0,0,0,0,21.229,0,21.229,0,0,0,0,0,0,0,0,0,0,0,0,0,0,35,-36.5,0,0,"10,935",,0,0
Rebounding,FALSE,FALSE,FALSE,FALSE,FALSE,FALSE,FALSE,FALSE,FALSE,FALSE,Rebounding,FALSE,FALSE,FALSE,FALSE,FALSE,FALSE,FALSE,FALSE,FALSE,FALSE,0,0,0,NEUTRAL,Merrimack,MAAC,0,1,1,0,FALSE,0,0,0,0,0,0,0,0,0,0,0,0,0,0,0,0,21.229,0,21.229,0,0,0,0,0,0,0,0,0,0,0,0,0,0,35,-36.5,0,0,"10,935",,0,0
19,FALSE,FALSE,FALSE,FALSE,FALSE,FALSE,FALSE,FALSE,FALSE,FALSE,7,FALSE,FALSE,FALSE,FALSE,FALSE,FALSE,FALSE,FALSE,FALSE,FALSE,0,0,0,NEUTRAL,Merrimack,MAAC,0,1,1,0,FALSE,0,0,0,0,0,0,0,0,0,0,0,0,0,0,0,0,21.229,0,21.229,0,0,0,0,0,0,0,0,0,0,0,0,0,0,35,-36.5,0,0,"10,935",,0,0
34,FALSE,FALSE,FALSE,FALSE,FALSE,FALSE,FALSE,FALSE,FALSE,FALSE,18,FALSE,FALSE,FALSE,FALSE,FALSE,FALSE,FALSE,FALSE,FALSE,FALSE,0,0,0,NEUTRAL,Merrimack,MAAC,0,1,1,0,FALSE,0,0,0,0,0,0,0,0,0,0,0,0,0,0,0,0,21.229,0,21.229,0,0,0,0,0,0,0,0,0,0,0,0,0,0,35,-36.5,0,0,"10,935",,0,0
AST/TURN/STL,FALSE,FALSE,FALSE,FALSE,FALSE,FALSE,FALSE,FALSE,FALSE,FALSE,AST/TURN/STL,FALSE,FALSE,FALSE,FALSE,FALSE,FALSE,FALSE,FALSE,FALSE,FALSE,0,0,0,NEUTRAL,Merrimack,MAAC,0,1,1,0,FALSE,0,0,0,0,0,0,0,0,0,0,0,0,0,0,0,0,21.229,0,21.229,0,0,0,0,0,0,0,0,0,0,0,0,0,0,35,-36.5,0,0,"10,935",,0,0
14,FALSE,FALSE,FALSE,FALSE,FALSE,FALSE,FALSE,FALSE,FALSE,FALSE,7,FALSE,FALSE,FALSE,FALSE,FALSE,FALSE,FALSE,FALSE,FALSE,FALSE,0,0,0,NEUTRAL,Merrimack,MAAC,0,1,1,0,FALSE,0,0,0,0,0,0,0,0,0,0,0,0,0,0,0,0,21.229,0,21.229,0,0,0,0,0,0,0,0,0,0,0,0,0,0,35,-36.5,0,0,"10,935",,0,0
12,FALSE,FALSE,FALSE,FALSE,FALSE,FALSE,FALSE,FALSE,FALSE,FALSE,11,FALSE,FALSE,FALSE,FALSE,FALSE,FALSE,FALSE,FALSE,FALSE,FALSE,0,0,0,NEUTRAL,Merrimack,MAAC,0,1,1,0,FALSE,0,0,0,0,0,0,0,0,0,0,0,0,0,0,0,0,21.229,0,21.229,0,0,0,0,0,0,0,0,0,0,0,0,0,0,35,-36.5,0,0,"10,935",,0,0
4,FALSE,FALSE,FALSE,FALSE,FALSE,FALSE,FALSE,FALSE,FALSE,FALSE,7,FALSE,FALSE,FALSE,FALSE,FALSE,FALSE,FALSE,FALSE,FALSE,FALSE,0,0,0,NEUTRAL,Merrimack,MAAC,0,1,1,0,FALSE,0,0,0,0,0,0,0,0,0,0,0,0,0,0,0,0,21.229,0,21.229,0,0,0,0,0,0,0,0,0,0,0,0,0,0,35,-36.5,0,0,"10,935",,0,0
MISC,FALSE,FALSE,FALSE,FALSE,FALSE,FALSE,FALSE,FALSE,FALSE,FALSE,MISC,FALSE,FALSE,FALSE,FALSE,FALSE,FALSE,FALSE,FALSE,FALSE,FALSE,0,0,0,NEUTRAL,Merrimack,MAAC,0,1,1,0,FALSE,0,0,0,0,0,0,0,0,0,0,0,0,0,0,0,0,21.229,0,21.229,0,0,0,0,0,0,0,0,0,0,0,0,0,0,35,-36.5,0,0,"10,935",,0,0
13,FALSE,FALSE,FALSE,FALSE,FALSE,FALSE,FALSE,FALSE,FALSE,FALSE,6,FALSE,FALSE,FALSE,FALSE,FALSE,FALSE,FALSE,FALSE,FALSE,FALSE,0,0,0,NEUTRAL,Merrimack,MAAC,0,1,1,0,FALSE,0,0,0,0,0,0,0,0,0,0,0,0,0,0,0,0,21.229,0,21.229,0,0,0,0,0,0,0,0,0,0,0,0,0,0,35,-36.5,0,0,"10,935",,0,0
11,FALSE,FALSE,FALSE,FALSE,FALSE,FALSE,FALSE,FALSE,FALSE,FALSE,3,FALSE,FALSE,FALSE,FALSE,FALSE,FALSE,FALSE,FALSE,FALSE,FALSE,Clutch SM for Merrimack,,,,,,,,,,,,,,,,,,,,,,,,,,,,,,,,,,,,,,,,,,,,,,,,,,,
36,FALSE,FALSE,FALSE,FALSE,FALSE,FALSE,FALSE,FALSE,FALSE,FALSE,22,FALSE,FALSE,FALSE,FALSE,FALSE,FALSE,FALSE,FALSE,FALSE,FALSE,0,,,,,,,,,,,,,,,,,,,,,,,,,,,,,,,,,,,,,,,,,,,,,,,,,,,
Largest Lead,FALSE,FALSE,FALSE,FALSE,FALSE,FALSE,FALSE,FALSE,FALSE,FALSE,Largest Lead,FALSE,FALSE,FALSE,FALSE,FALSE,FALSE,FALSE,FALSE,FALSE,FALSE,0,71.244,,,,,,,,,,,,,,,,,,,,,,,,,,,,,,,,,,,,,,,,,,,,,,,,,,
38,FALSE,FALSE,FALSE,FALSE,FALSE,FALSE,FALSE,FALSE,FALSE,FALSE,0,FALSE,FALSE,FALSE,FALSE,FALSE,FALSE,FALSE,FALSE,FALSE,FALSE,0,21.229,,,,,,,,,,,,,,,,,,,,,,,,,,,,,,,,,,,,,,,,,,,,,,,,,,
FALSE,FALSE,FALSE,FALSE,FALSE,FALSE,FALSE,FALSE,FALSE,FALSE,FALSE,,FALSE,FALSE,FALSE,FALSE,FALSE,FALSE,FALSE,FALSE,FALSE,FALSE,LEFT ACTIVE VALUE,LEFT HISTORICAL,,,,,,,,,,,,,,,,,,,,,,,,,,,,,,,,,,,,,,,,,,,,,,,,,,
Line,FALSE,FALSE,FALSE,FALSE,FALSE,FALSE,FALSE,FALSE,FALSE,FALSE,Line,FALSE,FALSE,FALSE,FALSE,FALSE,FALSE,FALSE,FALSE,FALSE,FALSE,0,Florida - 71.244,,,FOULS,,,,,,,,,,,,,,,,,,,,,,,,,,,,,,,,,,,,,,,,,,,,,,,
TRUE,FALSE,FALSE,FALSE,FALSE,FALSE,FALSE,FALSE,FALSE,FALSE,FALSE,FALSE,FALSE,FALSE,FALSE,FALSE,FALSE,FALSE,FALSE,FALSE,FALSE,FALSE,RIGHT ACTIVE VALUE,RIGHT HISTORICAL,,,Merrimack,18,,,,,,,,,,,,,,,,,,,,,,,,,,,,,,,,,,,,,,,,,,,,,,
-36.5,0,0,0,0,0,0,0,0,0,0,36.5,0,0,0,0,0,0,0,0,0,0,0,Merrimack - 21.229,,,Florida,13,,,,,,,,,,,,,,,,,,,,,,,,,,,,,,,,,,,,,,,,,,,,,,