,Players,Team,Location,Opponent,Opponent Conference,Power,Top 25,,STR,Min,FGM,FGA,3M,3A,FTM,FTA,OReb,DReb,AST,STL,TO,PF,PTS,OPP ACTIVE VALUE,OPP HISTORICAL VALUE,TEAM ACTIVE VALUE,TEAM HISTORICAL VALUE,Doubles,Double Doube,Triple Double,0-3+ FG,Perfect 2 FG min 3,Perfect 3 FG min 3,Points Leader,Def Reb Leader,Off Reb Leader,Steal Leader,Assist Leader,Foul Trouble,20+ minutes,20+ points,SM,Line,Clutch ,Overtime,Attendance,Player Points,Top 7,STR,Min,FGM,FGA,3M,3A,FTM,FTA,OReb,DReb,AST,STL,TO,PF,PTS,Player Name
Team:,,,,,,,,,Sum:,Sum:,,,,,,,,,,,,,,,,,,,,,,,,,,,,Sum:,,,,,,,,,,,Sum:,Sum:,Sum:,Sum:,Sum:,Sum:,Sum:,Sum:,Sum:,Sum:,Sum:,Sum:,Sum:,Sum:,Sum:,Count (Unique):
Abilene Christian,,,,,,,,,0,0,,,,,,,,,,,,,,,,,,,,,,,,,,,,0,,,,,,,,,,,0,0,0,0,0,0,0,0,0,0,0,0,0,0,0,1
,Abilene Christian,Abilene Christian,,,,,,,,,,,,,,,,,,,,,,,,,,,,,,,,,,,,,,,,,,,,,,FALSE, , , , , , , , , , , , , , , , 
Air Force,,,,,,,,,0,0,,,,,,,,,,,,,,,,,,,,,,,,,,,,0,,,,,,,,,,,0,0,0,0,0,0,0,0,0,0,0,0,0,0,0,1
,Air Force,Air Force,,,,,,,,,,,,,,,,,,,,,,,,,,,,,,,,,,,,,,,,,,,,,,FALSE, , , , , , , , , , , , , , , , 
Akron,,,,,,,,,0,0,,,,,,,,,,,,,,,,,,,,,,,,,,,,0,,,,,,,,,,,0,0,0,0,0,0,0,0,0,0,0,0,0,0,0,1
,Akron,Akron,,,,,,,,,,,,,,,,,,,,,,,,,,,,,,,,,,,,,,,,,,,,,,FALSE, , , , , , , , , , , , , , , , 
Alabama,,,,,,,,,0,0,,,,,,,,,,,,,,,,,,,,,,,,,,,,0,,,,,,,,,,,0,0,0,0,0,0,0,0,0,0,0,0,0,0,0,1
,Alabama,Alabama,,,,,,,,,,,,,,,,,,,,,,,,,,,,,,,,,,,,,,,,,,,,,,FALSE, , , , , , , , , , , , , , , , 
Alabama A&M,,,,,,,,,0,0,,,,,,,,,,,,,,,,,,,,,,,,,,,,0,,,,,,,,,,,0,0,0,0,0,0,0,0,0,0,0,0,0,0,0,1
,Alabama A&M,Alabama A&M,,,,,,,,,,,,,,,,,,,,,,,,,,,,,,,,,,,,,,,,,,,,,,FALSE, , , , , , , , , , , , , , , , 
Alabama St.,,,,,,,,,0,0,,,,,,,,,,,,,,,,,,,,,,,,,,,,0,,,,,,,,,,,0,0,0,0,0,0,0,0,0,0,0,0,0,0,0,1
,Alabama St.,Alabama St.,,,,,,,,,,,,,,,,,,,,,,,,,,,,,,,,,,,,,,,,,,,,,,FALSE, , , , , , , , , , , , , , , , 
Albany,,,,,,,,,0,0,,,,,,,,,,,,,,,,,,,,,,,,,,,,0,,,,,,,,,,,0,0,0,0,0,0,0,0,0,0,0,0,0,0,0,1
,Albany,Albany,,,,,,,,,,,,,,,,,,,,,,,,,,,,,,,,,,,,,,,,,,,,,,FALSE, , , , , , , , , , , , , , , , 
Alcorn St.,,,,,,,,,0,0,,,,,,,,,,,,,,,,,,,,,,,,,,,,0,,,,,,,,,,,0,0,0,0,0,0,0,0,0,0,0,0,0,0,0,1
,Alcorn St.,Alcorn St.,,,,,,,,,,,,,,,,,,,,,,,,,,,,,,,,,,,,,,,,,,,,,,FALSE, , , , , , , , , , , , , , , , 
American,,,,,,,,,0,0,,,,,,,,,,,,,,,,,,,,,,,,,,,,0,,,,,,,,,,,0,0,0,0,0,0,0,0,0,0,0,0,0,0,0,1
,American,American,,,,,,,,,,,,,,,,,,,,,,,,,,,,,,,,,,,,,,,,,,,,,,FALSE, , , , , , , , , , , , , , , , 
Appalachian St.,,,,,,,,,0,0,,,,,,,,,,,,,,,,,,,,,,,,,,,,0,,,,,,,,,,,0,0,0,0,0,0,0,0,0,0,0,0,0,0,0,1
,Appalachian St.,Appalachian St.,,,,,,,,,,,,,,,,,,,,,,,,,,,,,,,,,,,,,,,,,,,,,,FALSE, , , , , , , , , , , , , , , , 
Arizona,,,,,,,,,0,0,,,,,,,,,,,,,,,,,,,,,,,,,,,,0,,,,,,,,,,,0,0,0,0,0,0,0,0,0,0,0,0,0,0,0,1
,Arizona,Arizona,,,,,,,,,,,,,,,,,,,,,,,,,,,,,,,,,,,,,,,,,,,,,,FALSE, , , , , , , , , , , , , , , , 
Arizona St.,,,,,,,,,0,0,,,,,,,,,,,,,,,,,,,,,,,,,,,,0,,,,,,,,,,,0,0,0,0,0,0,0,0,0,0,0,0,0,0,0,1
,Arizona St.,Arizona St.,,,,,,,,,,,,,,,,,,,,,,,,,,,,,,,,,,,,,,,,,,,,,,FALSE, , , , , , , , , , , , , , , , 
Arkansas,,,,,,,,,0,0,,,,,,,,,,,,,,,,,,,,,,,,,,,,0,,,,,,,,,,,0,0,0,0,0,0,0,0,0,0,0,0,0,0,0,1
,Arkansas,Arkansas,,,,,,,,,,,,,,,,,,,,,,,,,,,,,,,,,,,,,,,,,,,,,,FALSE, , , , , , , , , , , , , , , , 
Arkansas Pine Bluff,,,,,,,,,0,0,,,,,,,,,,,,,,,,,,,,,,,,,,,,0,,,,,,,,,,,0,0,0,0,0,0,0,0,0,0,0,0,0,0,0,1
,Arkansas Pine Bluff,Arkansas Pine Bluff,,,,,,,,,,,,,,,,,,,,,,,,,,,,,,,,,,,,,,,,,,,,,,FALSE, , , , , , , , , , , , , , , , 
Arkansas St.,,,,,,,,,0,0,,,,,,,,,,,,,,,,,,,,,,,,,,,,0,,,,,,,,,,,0,0,0,0,0,0,0,0,0,0,0,0,0,0,0,1
,Arkansas St.,Arkansas St.,,,,,,,,,,,,,,,,,,,,,,,,,,,,,,,,,,,,,,,,,,,,,,FALSE, , , , , , , , , , , , , , , , 
Army,,,,,,,,,0,0,,,,,,,,,,,,,,,,,,,,,,,,,,,,0,,,,,,,,,,,0,0,0,0,0,0,0,0,0,0,0,0,0,0,0,1
,Army,Army,,,,,,,,,,,,,,,,,,,,,,,,,,,,,,,,,,,,,,,,,,,,,,FALSE, , , , , , , , , , , , , , , , 
Auburn,,,,,,,,,0,0,,,,,,,,,,,,,,,,,,,,,,,,,,,,0,,,,,,,,,,,0,0,0,0,0,0,0,0,0,0,0,0,0,0,0,1
,Auburn,Auburn,,,,,,,,,,,,,,,,,,,,,,,,,,,,,,,,,,,,,,,,,,,,,,FALSE, , , , , , , , , , , , , , , , 
Austin Peay,,,,,,,,,0,0,,,,,,,,,,,,,,,,,,,,,,,,,,,,0,,,,,,,,,,,0,0,0,0,0,0,0,0,0,0,0,0,0,0,0,1
,Austin Peay,Austin Peay,,,,,,,,,,,,,,,,,,,,,,,,,,,,,,,,,,,,,,,,,,,,,,FALSE, , , , , , , , , , , , , , , , 
Ball St.,,,,,,,,,0,0,,,,,,,,,,,,,,,,,,,,,,,,,,,,0,,,,,,,,,,,0,0,0,0,0,0,0,0,0,0,0,0,0,0,0,1
,Ball St.,Ball St.,,,,,,,,,,,,,,,,,,,,,,,,,,,,,,,,,,,,,,,,,,,,,,FALSE, , , , , , , , , , , , , , , , 
Baylor,,,,,,,,,0,0,,,,,,,,,,,,,,,,,,,,,,,,,,,,0,,,,,,,,,,,0,0,0,0,0,0,0,0,0,0,0,0,0,0,0,1
,Baylor,Baylor,,,,,,,,,,,,,,,,,,,,,,,,,,,,,,,,,,,,,,,,,,,,,,FALSE, , , , , , , , , , , , , , , , 
Bellarmine,,,,,,,,,0,0,,,,,,,,,,,,,,,,,,,,,,,,,,,,0,,,,,,,,,,,0,0,0,0,0,0,0,0,0,0,0,0,0,0,0,1
,Bellarmine,Bellarmine,,,,,,,,,,,,,,,,,,,,,,,,,,,,,,,,,,,,,,,,,,,,,,FALSE, , , , , , , , , , , , , , , , 
Belmont,,,,,,,,,0,0,,,,,,,,,,,,,,,,,,,,,,,,,,,,0,,,,,,,,,,,0,0,0,0,0,0,0,0,0,0,0,0,0,0,0,1
,Belmont,Belmont,,,,,,,,,,,,,,,,,,,,,,,,,,,,,,,,,,,,,,,,,,,,,,FALSE, , , , , , , , , , , , , , , , 
Bethune Cookman,,,,,,,,,0,0,,,,,,,,,,,,,,,,,,,,,,,,,,,,0,,,,,,,,,,,0,0,0,0,0,0,0,0,0,0,0,0,0,0,0,1
,Bethune Cookman,Bethune Cookman,,,,,,,,,,,,,,,,,,,,,,,,,,,,,,,,,,,,,,,,,,,,,,FALSE, , , , , , , , , , , , , , , , 
Binghamton,,,,,,,,,0,0,,,,,,,,,,,,,,,,,,,,,,,,,,,,0,,,,,,,,,,,0,0,0,0,0,0,0,0,0,0,0,0,0,0,0,1
,Binghamton,Binghamton,,,,,,,,,,,,,,,,,,,,,,,,,,,,,,,,,,,,,,,,,,,,,,FALSE, , , , , , , , , , , , , , , , 
Boise St.,,,,,,,,,0,0,,,,,,,,,,,,,,,,,,,,,,,,,,,,0,,,,,,,,,,,0,0,0,0,0,0,0,0,0,0,0,0,0,0,0,1
,Boise St.,Boise St.,,,,,,,,,,,,,,,,,,,,,,,,,,,,,,,,,,,,,,,,,,,,,,FALSE, , , , , , , , , , , , , , , , 
Boston College,,,,,,,,,0,0,,,,,,,,,,,,,,,,,,,,,,,,,,,,0,,,,,,,,,,,0,0,0,0,0,0,0,0,0,0,0,0,0,0,0,1
,Boston College,Boston College,,,,,,,,,,,,,,,,,,,,,,,,,,,,,,,,,,,,,,,,,,,,,,FALSE, , , , , , , , , , , , , , , , 
Boston University,,,,,,,,,0,0,,,,,,,,,,,,,,,,,,,,,,,,,,,,0,,,,,,,,,,,0,0,0,0,0,0,0,0,0,0,0,0,0,0,0,1
,Boston University,Boston University,,,,,,,,,,,,,,,,,,,,,,,,,,,,,,,,,,,,,,,,,,,,,,FALSE, , , , , , , , , , , , , , , , 
Bowling Green,,,,,,,,,0,0,,,,,,,,,,,,,,,,,,,,,,,,,,,,0,,,,,,,,,,,0,0,0,0,0,0,0,0,0,0,0,0,0,0,0,1
,Bowling Green,Bowling Green,,,,,,,,,,,,,,,,,,,,,,,,,,,,,,,,,,,,,,,,,,,,,,FALSE, , , , , , , , , , , , , , , , 
Bradley,,,,,,,,,0,0,,,,,,,,,,,,,,,,,,,,,,,,,,,,0,,,,,,,,,,,0,0,0,0,0,0,0,0,0,0,0,0,0,0,0,1
,Bradley,Bradley,,,,,,,,,,,,,,,,,,,,,,,,,,,,,,,,,,,,,,,,,,,,,,FALSE, , , , , , , , , , , , , , , , 
Brown,,,,,,,,,0,0,,,,,,,,,,,,,,,,,,,,,,,,,,,,0,,,,,,,,,,,0,0,0,0,0,0,0,0,0,0,0,0,0,0,0,1
,Brown,Brown,,,,,,,,,,,,,,,,,,,,,,,,,,,,,,,,,,,,,,,,,,,,,,FALSE, , , , , , , , , , , , , , , , 
Bryant,,,,,,,,,0,0,,,,,,,,,,,,,,,,,,,,,,,,,,,,0,,,,,,,,,,,0,0,0,0,0,0,0,0,0,0,0,0,0,0,0,1
,Bryant,Bryant,,,,,,,,,,,,,,,,,,,,,,,,,,,,,,,,,,,,,,,,,,,,,,FALSE, , , , , , , , , , , , , , , , 
Bucknell,,,,,,,,,0,0,,,,,,,,,,,,,,,,,,,,,,,,,,,,0,,,,,,,,,,,0,0,0,0,0,0,0,0,0,0,0,0,0,0,0,1
,Bucknell,Bucknell,,,,,,,,,,,,,,,,,,,,,,,,,,,,,,,,,,,,,,,,,,,,,,FALSE, , , , , , , , , , , , , , , , 
Buffalo,,,,,,,,,0,0,,,,,,,,,,,,,,,,,,,,,,,,,,,,0,,,,,,,,,,,0,0,0,0,0,0,0,0,0,0,0,0,0,0,0,1
,Buffalo,Buffalo,,,,,,,,,,,,,,,,,,,,,,,,,,,,,,,,,,,,,,,,,,,,,,FALSE, , , , , , , , , , , , , , , , 
Butler,,,,,,,,,0,0,,,,,,,,,,,,,,,,,,,,,,,,,,,,0,,,,,,,,,,,0,0,0,0,0,0,0,0,0,0,0,0,0,0,0,1
,Butler,Butler,,,,,,,,,,,,,,,,,,,,,,,,,,,,,,,,,,,,,,,,,,,,,,FALSE, , , , , , , , , , , , , , , , 
BYU,,,,,,,,,0,0,,,,,,,,,,,,,,,,,,,,,,,,,,,,0,,,,,,,,,,,0,0,0,0,0,0,0,0,0,0,0,0,0,0,0,1
,BYU,BYU,,,,,,,,,,,,,,,,,,,,,,,,,,,,,,,,,,,,,,,,,,,,,,FALSE, , , , , , , , , , , , , , , , 
Cal Baptist,,,,,,,,,0,0,,,,,,,,,,,,,,,,,,,,,,,,,,,,0,,,,,,,,,,,0,0,0,0,0,0,0,0,0,0,0,0,0,0,0,1
,Cal Baptist,Cal Baptist,,,,,,,,,,,,,,,,,,,,,,,,,,,,,,,,,,,,,,,,,,,,,,FALSE, , , , , , , , , , , , , , , , 
Cal Poly,,,,,,,,,0,0,,,,,,,,,,,,,,,,,,,,,,,,,,,,0,,,,,,,,,,,0,0,0,0,0,0,0,0,0,0,0,0,0,0,0,1
,Cal Poly,Cal Poly,,,,,,,,,,,,,,,,,,,,,,,,,,,,,,,,,,,,,,,,,,,,,,FALSE, , , , , , , , , , , , , , , , 
Cal St. Bakersfield,,,,,,,,,0,0,,,,,,,,,,,,,,,,,,,,,,,,,,,,0,,,,,,,,,,,0,0,0,0,0,0,0,0,0,0,0,0,0,0,0,1
,Cal St. Bakersfield,Cal St. Bakersfield,,,,,,,,,,,,,,,,,,,,,,,,,,,,,,,,,,,,,,,,,,,,,,FALSE, , , , , , , , , , , , , , , , 
Cal St. Fullerton,,,,,,,,,0,0,,,,,,,,,,,,,,,,,,,,,,,,,,,,0,,,,,,,,,,,0,0,0,0,0,0,0,0,0,0,0,0,0,0,0,1
,Cal St. Fullerton,Cal St. Fullerton,,,,,,,,,,,,,,,,,,,,,,,,,,,,,,,,,,,,,,,,,,,,,,FALSE, , , , , , , , , , , , , , , , 
Cal St. Northridge,,,,,,,,,0,0,,,,,,,,,,,,,,,,,,,,,,,,,,,,0,,,,,,,,,,,0,0,0,0,0,0,0,0,0,0,0,0,0,0,0,1
,Cal St. Northridge,Cal St. Northridge,,,,,,,,,,,,,,,,,,,,,,,,,,,,,,,,,,,,,,,,,,,,,,FALSE, , , , , , , , , , , , , , , , 
California,,,,,,,,,0,0,,,,,,,,,,,,,,,,,,,,,,,,,,,,0,,,,,,,,,,,0,0,0,0,0,0,0,0,0,0,0,0,0,0,0,1
,California,California,,,,,,,,,,,,,,,,,,,,,,,,,,,,,,,,,,,,,,,,,,,,,,FALSE, , , , , , , , , , , , , , , , 
Campbell,,,,,,,,,0,0,,,,,,,,,,,,,,,,,,,,,,,,,,,,0,,,,,,,,,,,0,0,0,0,0,0,0,0,0,0,0,0,0,0,0,1
,Campbell,Campbell,,,,,,,,,,,,,,,,,,,,,,,,,,,,,,,,,,,,,,,,,,,,,,FALSE, , , , , , , , , , , , , , , , 
Canisius,,,,,,,,,0,0,,,,,,,,,,,,,,,,,,,,,,,,,,,,0,,,,,,,,,,,0,0,0,0,0,0,0,0,0,0,0,0,0,0,0,1
,Canisius,Canisius,,,,,,,,,,,,,,,,,,,,,,,,,,,,,,,,,,,,,,,,,,,,,,FALSE, , , , , , , , , , , , , , , , 
Central Arkansas,,,,,,,,,0,0,,,,,,,,,,,,,,,,,,,,,,,,,,,,0,,,,,,,,,,,0,0,0,0,0,0,0,0,0,0,0,0,0,0,0,1
,Central Arkansas,Central Arkansas,,,,,,,,,,,,,,,,,,,,,,,,,,,,,,,,,,,,,,,,,,,,,,FALSE, , , , , , , , , , , , , , , , 
Central Connecticut,,,,,,,,,0,0,,,,,,,,,,,,,,,,,,,,,,,,,,,,0,,,,,,,,,,,0,0,0,0,0,0,0,0,0,0,0,0,0,0,0,1
,Central Connecticut,Central Connecticut,,,,,,,,,,,,,,,,,,,,,,,,,,,,,,,,,,,,,,,,,,,,,,FALSE, , , , , , , , , , , , , , , , 
Central Michigan,,,,,,,,,0,0,,,,,,,,,,,,,,,,,,,,,,,,,,,,0,,,,,,,,,,,0,0,0,0,0,0,0,0,0,0,0,0,0,0,0,1
,Central Michigan,Central Michigan,,,,,,,,,,,,,,,,,,,,,,,,,,,,,,,,,,,,,,,,,,,,,,FALSE, , , , , , , , , , , , , , , , 
Charleston,,,,,,,,,0,0,,,,,,,,,,,,,,,,,,,,,,,,,,,,0,,,,,,,,,,,0,0,0,0,0,0,0,0,0,0,0,0,0,0,0,1
,Charleston,Charleston,,,,,,,,,,,,,,,,,,,,,,,,,,,,,,,,,,,,,,,,,,,,,,FALSE, , , , , , , , , , , , , , , , 
Charleston Southern,,,,,,,,,0,0,,,,,,,,,,,,,,,,,,,,,,,,,,,,0,,,,,,,,,,,0,0,0,0,0,0,0,0,0,0,0,0,0,0,0,1
,Charleston Southern,Charleston Southern,,,,,,,,,,,,,,,,,,,,,,,,,,,,,,,,,,,,,,,,,,,,,,FALSE, , , , , , , , , , , , , , , , 
Charlotte,,,,,,,,,0,0,,,,,,,,,,,,,,,,,,,,,,,,,,,,0,,,,,,,,,,,0,0,0,0,0,0,0,0,0,0,0,0,0,0,0,1
,Charlotte,Charlotte,,,,,,,,,,,,,,,,,,,,,,,,,,,,,,,,,,,,,,,,,,,,,,FALSE, , , , , , , , , , , , , , , , 
Chattanooga,,,,,,,,,0,0,,,,,,,,,,,,,,,,,,,,,,,,,,,,0,,,,,,,,,,,0,0,0,0,0,0,0,0,0,0,0,0,0,0,0,1
,Chattanooga,Chattanooga,,,,,,,,,,,,,,,,,,,,,,,,,,,,,,,,,,,,,,,,,,,,,,FALSE, , , , , , , , , , , , , , , , 
Chicago St.,,,,,,,,,0,0,,,,,,,,,,,,,,,,,,,,,,,,,,,,0,,,,,,,,,,,0,0,0,0,0,0,0,0,0,0,0,0,0,0,0,1
,Chicago St.,Chicago St.,,,,,,,,,,,,,,,,,,,,,,,,,,,,,,,,,,,,,,,,,,,,,,FALSE, , , , , , , , , , , , , , , , 
Cincinnati,,,,,,,,,0,0,,,,,,,,,,,,,,,,,,,,,,,,,,,,0,,,,,,,,,,,0,0,0,0,0,0,0,0,0,0,0,0,0,0,0,1
,Cincinnati,Cincinnati,,,,,,,,,,,,,,,,,,,,,,,,,,,,,,,,,,,,,,,,,,,,,,FALSE, , , , , , , , , , , , , , , , 
Clemson,,,,,,,,,0,0,,,,,,,,,,,,,,,,,,,,,,,,,,,,0,,,,,,,,,,,0,0,0,0,0,0,0,0,0,0,0,0,0,0,0,1
,Clemson,Clemson,,,,,,,,,,,,,,,,,,,,,,,,,,,,,,,,,,,,,,,,,,,,,,FALSE, , , , , , , , , , , , , , , , 
Cleveland St.,,,,,,,,,0,0,,,,,,,,,,,,,,,,,,,,,,,,,,,,0,,,,,,,,,,,0,0,0,0,0,0,0,0,0,0,0,0,0,0,0,1
,Cleveland St.,Cleveland St.,,,,,,,,,,,,,,,,,,,,,,,,,,,,,,,,,,,,,,,,,,,,,,FALSE, , , , , , , , , , , , , , , , 
Coastal Carolina,,,,,,,,,0,0,,,,,,,,,,,,,,,,,,,,,,,,,,,,0,,,,,,,,,,,0,0,0,0,0,0,0,0,0,0,0,0,0,0,0,1
,Coastal Carolina,Coastal Carolina,,,,,,,,,,,,,,,,,,,,,,,,,,,,,,,,,,,,,,,,,,,,,,FALSE, , , , , , , , , , , , , , , , 
Colgate,,,,,,,,,0,0,,,,,,,,,,,,,,,,,,,,,,,,,,,,0,,,,,,,,,,,0,0,0,0,0,0,0,0,0,0,0,0,0,0,0,1
,Colgate,Colgate,,,,,,,,,,,,,,,,,,,,,,,,,,,,,,,,,,,,,,,,,,,,,,FALSE, , , , , , , , , , , , , , , , 
Colorado,,,,,,,,,0,0,,,,,,,,,,,,,,,,,,,,,,,,,,,,0,,,,,,,,,,,0,0,0,0,0,0,0,0,0,0,0,0,0,0,0,1
,Colorado,Colorado,,,,,,,,,,,,,,,,,,,,,,,,,,,,,,,,,,,,,,,,,,,,,,FALSE, , , , , , , , , , , , , , , , 
Colorado St.,,,,,,,,,0,0,,,,,,,,,,,,,,,,,,,,,,,,,,,,0,,,,,,,,,,,0,0,0,0,0,0,0,0,0,0,0,0,0,0,0,1
,Colorado St.,Colorado St.,,,,,,,,,,,,,,,,,,,,,,,,,,,,,,,,,,,,,,,,,,,,,,FALSE, , , , , , , , , , , , , , , , 
Columbia,,,,,,,,,0,0,,,,,,,,,,,,,,,,,,,,,,,,,,,,0,,,,,,,,,,,0,0,0,0,0,0,0,0,0,0,0,0,0,0,0,1
,Columbia,Columbia,,,,,,,,,,,,,,,,,,,,,,,,,,,,,,,,,,,,,,,,,,,,,,FALSE, , , , , , , , , , , , , , , , 
Connecticut,,,,,,,,,0,0,,,,,,,,,,,,,,,,,,,,,,,,,,,,0,,,,,,,,,,,0,0,0,0,0,0,0,0,0,0,0,0,0,0,0,1
,Connecticut,Connecticut,,,,,,,,,,,,,,,,,,,,,,,,,,,,,,,,,,,,,,,,,,,,,,FALSE, , , , , , , , , , , , , , , , 
Coppin St.,,,,,,,,,0,0,,,,,,,,,,,,,,,,,,,,,,,,,,,,0,,,,,,,,,,,0,0,0,0,0,0,0,0,0,0,0,0,0,0,0,1
,Coppin St.,Coppin St.,,,,,,,,,,,,,,,,,,,,,,,,,,,,,,,,,,,,,,,,,,,,,,FALSE, , , , , , , , , , , , , , , , 
Cornell,,,,,,,,,0,0,,,,,,,,,,,,,,,,,,,,,,,,,,,,0,,,,,,,,,,,0,0,0,0,0,0,0,0,0,0,0,0,0,0,0,1
,Cornell,Cornell,,,,,,,,,,,,,,,,,,,,,,,,,,,,,,,,,,,,,,,,,,,,,,FALSE, , , , , , , , , , , , , , , , 
Creighton,,,,,,,,,0,0,,,,,,,,,,,,,,,,,,,,,,,,,,,,0,,,,,,,,,,,0,0,0,0,0,0,0,0,0,0,0,0,0,0,0,1
,Creighton,Creighton,,,,,,,,,,,,,,,,,,,,,,,,,,,,,,,,,,,,,,,,,,,,,,FALSE, , , , , , , , , , , , , , , , 
Dartmouth,,,,,,,,,0,0,,,,,,,,,,,,,,,,,,,,,,,,,,,,0,,,,,,,,,,,0,0,0,0,0,0,0,0,0,0,0,0,0,0,0,1
,Dartmouth,Dartmouth,,,,,,,,,,,,,,,,,,,,,,,,,,,,,,,,,,,,,,,,,,,,,,FALSE, , , , , , , , , , , , , , , , 
Davidson,,,,,,,,,0,0,,,,,,,,,,,,,,,,,,,,,,,,,,,,0,,,,,,,,,,,0,0,0,0,0,0,0,0,0,0,0,0,0,0,0,1
,Davidson,Davidson,,,,,,,,,,,,,,,,,,,,,,,,,,,,,,,,,,,,,,,,,,,,,,FALSE, , , , , , , , , , , , , , , , 
Dayton,,,,,,,,,0,0,,,,,,,,,,,,,,,,,,,,,,,,,,,,0,,,,,,,,,,,0,0,0,0,0,0,0,0,0,0,0,0,0,0,0,1
,Dayton,Dayton,,,,,,,,,,,,,,,,,,,,,,,,,,,,,,,,,,,,,,,,,,,,,,FALSE, , , , , , , , , , , , , , , , 
Delaware,,,,,,,,,0,0,,,,,,,,,,,,,,,,,,,,,,,,,,,,0,,,,,,,,,,,0,0,0,0,0,0,0,0,0,0,0,0,0,0,0,1
,Delaware,Delaware,,,,,,,,,,,,,,,,,,,,,,,,,,,,,,,,,,,,,,,,,,,,,,FALSE, , , , , , , , , , , , , , , , 
Delaware St.,,,,,,,,,0,0,,,,,,,,,,,,,,,,,,,,,,,,,,,,0,,,,,,,,,,,0,0,0,0,0,0,0,0,0,0,0,0,0,0,0,1
,Delaware St.,Delaware St.,,,,,,,,,,,,,,,,,,,,,,,,,,,,,,,,,,,,,,,,,,,,,,FALSE, , , , , , , , , , , , , , , , 
Denver,,,,,,,,,0,0,,,,,,,,,,,,,,,,,,,,,,,,,,,,0,,,,,,,,,,,0,0,0,0,0,0,0,0,0,0,0,0,0,0,0,1
,Denver,Denver,,,,,,,,,,,,,,,,,,,,,,,,,,,,,,,,,,,,,,,,,,,,,,FALSE, , , , , , , , , , , , , , , , 
DePaul,,,,,,,,,0,0,,,,,,,,,,,,,,,,,,,,,,,,,,,,0,,,,,,,,,,,0,0,0,0,0,0,0,0,0,0,0,0,0,0,0,1
,DePaul,DePaul,,,,,,,,,,,,,,,,,,,,,,,,,,,,,,,,,,,,,,,,,,,,,,FALSE, , , , , , , , , , , , , , , , 
Detroit Mercy,,,,,,,,,0,0,,,,,,,,,,,,,,,,,,,,,,,,,,,,0,,,,,,,,,,,0,0,0,0,0,0,0,0,0,0,0,0,0,0,0,1
,Detroit Mercy,Detroit Mercy,,,,,,,,,,,,,,,,,,,,,,,,,,,,,,,,,,,,,,,,,,,,,,FALSE, , , , , , , , , , , , , , , , 
Drake,,,,,,,,,0,0,,,,,,,,,,,,,,,,,,,,,,,,,,,,0,,,,,,,,,,,0,0,0,0,0,0,0,0,0,0,0,0,0,0,0,1
,Drake,Drake,,,,,,,,,,,,,,,,,,,,,,,,,,,,,,,,,,,,,,,,,,,,,,FALSE, , , , , , , , , , , , , , , , 
Drexel,,,,,,,,,0,0,,,,,,,,,,,,,,,,,,,,,,,,,,,,0,,,,,,,,,,,0,0,0,0,0,0,0,0,0,0,0,0,0,0,0,1
,Drexel,Drexel,,,,,,,,,,,,,,,,,,,,,,,,,,,,,,,,,,,,,,,,,,,,,,FALSE, , , , , , , , , , , , , , , , 
Duke,,,,,,,,,0,0,,,,,,,,,,,,,,,,,,,,,,,,,,,,0,,,,,,,,,,,0,0,0,0,0,0,0,0,0,0,0,0,0,0,0,1
,Duke,Duke,,,,,,,,,,,,,,,,,,,,,,,,,,,,,,,,,,,,,,,,,,,,,,FALSE, , , , , , , , , , , , , , , , 
Duquesne,,,,,,,,,0,0,,,,,,,,,,,,,,,,,,,,,,,,,,,,0,,,,,,,,,,,0,0,0,0,0,0,0,0,0,0,0,0,0,0,0,1
,Duquesne,Duquesne,,,,,,,,,,,,,,,,,,,,,,,,,,,,,,,,,,,,,,,,,,,,,,FALSE, , , , , , , , , , , , , , , , 
East Carolina,,,,,,,,,0,0,,,,,,,,,,,,,,,,,,,,,,,,,,,,0,,,,,,,,,,,0,0,0,0,0,0,0,0,0,0,0,0,0,0,0,1
,East Carolina,East Carolina,,,,,,,,,,,,,,,,,,,,,,,,,,,,,,,,,,,,,,,,,,,,,,FALSE, , , , , , , , , , , , , , , , 
East Tennessee St.,,,,,,,,,0,0,,,,,,,,,,,,,,,,,,,,,,,,,,,,0,,,,,,,,,,,0,0,0,0,0,0,0,0,0,0,0,0,0,0,0,1
,East Tennessee St.,East Tennessee St.,,,,,,,,,,,,,,,,,,,,,,,,,,,,,,,,,,,,,,,,,,,,,,FALSE, , , , , , , , , , , , , , , , 
East Texas A&M,,,,,,,,,0,0,,,,,,,,,,,,,,,,,,,,,,,,,,,,0,,,,,,,,,,,0,0,0,0,0,0,0,0,0,0,0,0,0,0,0,1
,East Texas A&M,East Texas A&M,,,,,,,,,,,,,,,,,,,,,,,,,,,,,,,,,,,,,,,,,,,,,,FALSE, , , , , , , , , , , , , , , , 
Eastern Illinois,,,,,,,,,0,0,,,,,,,,,,,,,,,,,,,,,,,,,,,,0,,,,,,,,,,,0,0,0,0,0,0,0,0,0,0,0,0,0,0,0,1
,Eastern Illinois,Eastern Illinois,,,,,,,,,,,,,,,,,,,,,,,,,,,,,,,,,,,,,,,,,,,,,,FALSE, , , , , , , , , , , , , , , , 
Eastern Kentucky,,,,,,,,,0,0,,,,,,,,,,,,,,,,,,,,,,,,,,,,0,,,,,,,,,,,0,0,0,0,0,0,0,0,0,0,0,0,0,0,0,1
,Eastern Kentucky,Eastern Kentucky,,,,,,,,,,,,,,,,,,,,,,,,,,,,,,,,,,,,,,,,,,,,,,FALSE, , , , , , , , , , , , , , , , 
Eastern Michigan,,,,,,,,,0,0,,,,,,,,,,,,,,,,,,,,,,,,,,,,0,,,,,,,,,,,0,0,0,0,0,0,0,0,0,0,0,0,0,0,0,1
,Eastern Michigan,Eastern Michigan,,,,,,,,,,,,,,,,,,,,,,,,,,,,,,,,,,,,,,,,,,,,,,FALSE, , , , , , , , , , , , , , , , 
Eastern Washington,,,,,,,,,0,0,,,,,,,,,,,,,,,,,,,,,,,,,,,,0,,,,,,,,,,,0,0,0,0,0,0,0,0,0,0,0,0,0,0,0,1
,Eastern Washington,Eastern Washington,,,,,,,,,,,,,,,,,,,,,,,,,,,,,,,,,,,,,,,,,,,,,,FALSE, , , , , , , , , , , , , , , , 
Elon,,,,,,,,,0,0,,,,,,,,,,,,,,,,,,,,,,,,,,,,0,,,,,,,,,,,0,0,0,0,0,0,0,0,0,0,0,0,0,0,0,1
,Elon,Elon,,,,,,,,,,,,,,,,,,,,,,,,,,,,,,,,,,,,,,,,,,,,,,FALSE, , , , , , , , , , , , , , , , 
Evansville,,,,,,,,,0,0,,,,,,,,,,,,,,,,,,,,,,,,,,,,0,,,,,,,,,,,0,0,0,0,0,0,0,0,0,0,0,0,0,0,0,1
,Evansville,Evansville,,,,,,,,,,,,,,,,,,,,,,,,,,,,,,,,,,,,,,,,,,,,,,FALSE, , , , , , , , , , , , , , , , 
Fairfield,,,,,,,,,0,0,,,,,,,,,,,,,,,,,,,,,,,,,,,,0,,,,,,,,,,,0,0,0,0,0,0,0,0,0,0,0,0,0,0,0,1
,Fairfield,Fairfield,,,,,,,,,,,,,,,,,,,,,,,,,,,,,,,,,,,,,,,,,,,,,,FALSE, , , , , , , , , , , , , , , , 
Fairleigh Dickinson,,,,,,,,,0,0,,,,,,,,,,,,,,,,,,,,,,,,,,,,0,,,,,,,,,,,0,0,0,0,0,0,0,0,0,0,0,0,0,0,0,1
,Fairleigh Dickinson,Fairleigh Dickinson,,,,,,,,,,,,,,,,,,,,,,,,,,,,,,,,,,,,,,,,,,,,,,FALSE, , , , , , , , , , , , , , , , 
FIU,,,,,,,,,0,0,,,,,,,,,,,,,,,,,,,,,,,,,,,,0,,,,,,,,,,,0,0,0,0,0,0,0,0,0,0,0,0,0,0,0,1
,FIU,FIU,,,,,,,,,,,,,,,,,,,,,,,,,,,,,,,,,,,,,,,,,,,,,,FALSE, , , , , , , , , , , , , , , , 
Florida,,,,,,,,,0,0,,,,,,,,,,,,,,,,,,,,,,,,,,,,0,,,,,,,,,,,0,0,0,0,0,0,0,0,0,0,0,0,0,0,0,1
,Florida,Florida,,,,,,,,,,,,,,,,,,,,,,,,,,,,,,,,,,,,,,,,,,,,,,FALSE, , , , , , , , , , , , , , , , 
Florida A&M,,,,,,,,,0,0,,,,,,,,,,,,,,,,,,,,,,,,,,,,0,,,,,,,,,,,0,0,0,0,0,0,0,0,0,0,0,0,0,0,0,1
,Florida A&M,Florida A&M,,,,,,,,,,,,,,,,,,,,,,,,,,,,,,,,,,,,,,,,,,,,,,FALSE, , , , , , , , , , , , , , , , 
Florida Atlantic,,,,,,,,,0,0,,,,,,,,,,,,,,,,,,,,,,,,,,,,0,,,,,,,,,,,0,0,0,0,0,0,0,0,0,0,0,0,0,0,0,1
,Florida Atlantic,Florida Atlantic,,,,,,,,,,,,,,,,,,,,,,,,,,,,,,,,,,,,,,,,,,,,,,FALSE, , , , , , , , , , , , , , , , 
Florida Gulf Coast,,,,,,,,,0,0,,,,,,,,,,,,,,,,,,,,,,,,,,,,0,,,,,,,,,,,0,0,0,0,0,0,0,0,0,0,0,0,0,0,0,1
,Florida Gulf Coast,Florida Gulf Coast,,,,,,,,,,,,,,,,,,,,,,,,,,,,,,,,,,,,,,,,,,,,,,FALSE, , , , , , , , , , , , , , , , 
Florida St.,,,,,,,,,0,0,,,,,,,,,,,,,,,,,,,,,,,,,,,,0,,,,,,,,,,,0,0,0,0,0,0,0,0,0,0,0,0,0,0,0,1
,Florida St.,Florida St.,,,,,,,,,,,,,,,,,,,,,,,,,,,,,,,,,,,,,,,,,,,,,,FALSE, , , , , , , , , , , , , , , , 
Fordham,,,,,,,,,0,0,,,,,,,,,,,,,,,,,,,,,,,,,,,,0,,,,,,,,,,,0,0,0,0,0,0,0,0,0,0,0,0,0,0,0,1
,Fordham,Fordham,,,,,,,,,,,,,,,,,,,,,,,,,,,,,,,,,,,,,,,,,,,,,,FALSE, , , , , , , , , , , , , , , , 
Fresno St.,,,,,,,,,0,0,,,,,,,,,,,,,,,,,,,,,,,,,,,,0,,,,,,,,,,,0,0,0,0,0,0,0,0,0,0,0,0,0,0,0,1
,Fresno St.,Fresno St.,,,,,,,,,,,,,,,,,,,,,,,,,,,,,,,,,,,,,,,,,,,,,,FALSE, , , , , , , , , , , , , , , , 
Furman,,,,,,,,,0,0,,,,,,,,,,,,,,,,,,,,,,,,,,,,0,,,,,,,,,,,0,0,0,0,0,0,0,0,0,0,0,0,0,0,0,1
,Furman,Furman,,,,,,,,,,,,,,,,,,,,,,,,,,,,,,,,,,,,,,,,,,,,,,FALSE, , , , , , , , , , , , , , , , 
Gardner Webb,,,,,,,,,0,0,,,,,,,,,,,,,,,,,,,,,,,,,,,,0,,,,,,,,,,,0,0,0,0,0,0,0,0,0,0,0,0,0,0,0,1
,Gardner Webb,Gardner Webb,,,,,,,,,,,,,,,,,,,,,,,,,,,,,,,,,,,,,,,,,,,,,,FALSE, , , , , , , , , , , , , , , , 
George Mason,,,,,,,,,0,0,,,,,,,,,,,,,,,,,,,,,,,,,,,,0,,,,,,,,,,,0,0,0,0,0,0,0,0,0,0,0,0,0,0,0,1
,George Mason,George Mason,,,,,,,,,,,,,,,,,,,,,,,,,,,,,,,,,,,,,,,,,,,,,,FALSE, , , , , , , , , , , , , , , , 
George Washington,,,,,,,,,0,0,,,,,,,,,,,,,,,,,,,,,,,,,,,,0,,,,,,,,,,,0,0,0,0,0,0,0,0,0,0,0,0,0,0,0,1
,George Washington,George Washington,,,,,,,,,,,,,,,,,,,,,,,,,,,,,,,,,,,,,,,,,,,,,,FALSE, , , , , , , , , , , , , , , , 
Georgetown,,,,,,,,,0,0,,,,,,,,,,,,,,,,,,,,,,,,,,,,0,,,,,,,,,,,0,0,0,0,0,0,0,0,0,0,0,0,0,0,0,1
,Georgetown,Georgetown,,,,,,,,,,,,,,,,,,,,,,,,,,,,,,,,,,,,,,,,,,,,,,FALSE, , , , , , , , , , , , , , , , 
Georgia,,,,,,,,,0,0,,,,,,,,,,,,,,,,,,,,,,,,,,,,0,,,,,,,,,,,0,0,0,0,0,0,0,0,0,0,0,0,0,0,0,1
,Georgia,Georgia,,,,,,,,,,,,,,,,,,,,,,,,,,,,,,,,,,,,,,,,,,,,,,FALSE, , , , , , , , , , , , , , , , 
Georgia Southern,,,,,,,,,0,0,,,,,,,,,,,,,,,,,,,,,,,,,,,,0,,,,,,,,,,,0,0,0,0,0,0,0,0,0,0,0,0,0,0,0,1
,Georgia Southern,Georgia Southern,,,,,,,,,,,,,,,,,,,,,,,,,,,,,,,,,,,,,,,,,,,,,,FALSE, , , , , , , , , , , , , , , , 
Georgia St.,,,,,,,,,0,0,,,,,,,,,,,,,,,,,,,,,,,,,,,,0,,,,,,,,,,,0,0,0,0,0,0,0,0,0,0,0,0,0,0,0,1
,Georgia St.,Georgia St.,,,,,,,,,,,,,,,,,,,,,,,,,,,,,,,,,,,,,,,,,,,,,,FALSE, , , , , , , , , , , , , , , , 
Georgia Tech,,,,,,,,,0,0,,,,,,,,,,,,,,,,,,,,,,,,,,,,0,,,,,,,,,,,0,0,0,0,0,0,0,0,0,0,0,0,0,0,0,1
,Georgia Tech,Georgia Tech,,,,,,,,,,,,,,,,,,,,,,,,,,,,,,,,,,,,,,,,,,,,,,FALSE, , , , , , , , , , , , , , , , 
Gonzaga,,,,,,,,,0,0,,,,,,,,,,,,,,,,,,,,,,,,,,,,0,,,,,,,,,,,0,0,0,0,0,0,0,0,0,0,0,0,0,0,0,1
,Gonzaga,Gonzaga,,,,,,,,,,,,,,,,,,,,,,,,,,,,,,,,,,,,,,,,,,,,,,FALSE, , , , , , , , , , , , , , , , 
Grambling St.,,,,,,,,,0,0,,,,,,,,,,,,,,,,,,,,,,,,,,,,0,,,,,,,,,,,0,0,0,0,0,0,0,0,0,0,0,0,0,0,0,1
,Grambling St.,Grambling St.,,,,,,,,,,,,,,,,,,,,,,,,,,,,,,,,,,,,,,,,,,,,,,FALSE, , , , , , , , , , , , , , , , 
Grand Canyon,,,,,,,,,0,0,,,,,,,,,,,,,,,,,,,,,,,,,,,,0,,,,,,,,,,,0,0,0,0,0,0,0,0,0,0,0,0,0,0,0,1
,Grand Canyon,Grand Canyon,,,,,,,,,,,,,,,,,,,,,,,,,,,,,,,,,,,,,,,,,,,,,,FALSE, , , , , , , , , , , , , , , , 
Green Bay,,,,,,,,,0,0,,,,,,,,,,,,,,,,,,,,,,,,,,,,0,,,,,,,,,,,0,0,0,0,0,0,0,0,0,0,0,0,0,0,0,1
,Green Bay,Green Bay,,,,,,,,,,,,,,,,,,,,,,,,,,,,,,,,,,,,,,,,,,,,,,FALSE, , , , , , , , , , , , , , , , 
Hampton,,,,,,,,,0,0,,,,,,,,,,,,,,,,,,,,,,,,,,,,0,,,,,,,,,,,0,0,0,0,0,0,0,0,0,0,0,0,0,0,0,1
,Hampton,Hampton,,,,,,,,,,,,,,,,,,,,,,,,,,,,,,,,,,,,,,,,,,,,,,FALSE, , , , , , , , , , , , , , , , 
Harvard,,,,,,,,,0,0,,,,,,,,,,,,,,,,,,,,,,,,,,,,0,,,,,,,,,,,0,0,0,0,0,0,0,0,0,0,0,0,0,0,0,1
,Harvard,Harvard,,,,,,,,,,,,,,,,,,,,,,,,,,,,,,,,,,,,,,,,,,,,,,FALSE, , , , , , , , , , , , , , , , 
Hawaii,,,,,,,,,0,0,,,,,,,,,,,,,,,,,,,,,,,,,,,,0,,,,,,,,,,,0,0,0,0,0,0,0,0,0,0,0,0,0,0,0,1
,Hawaii,Hawaii,,,,,,,,,,,,,,,,,,,,,,,,,,,,,,,,,,,,,,,,,,,,,,FALSE, , , , , , , , , , , , , , , , 
High Point,,,,,,,,,0,0,,,,,,,,,,,,,,,,,,,,,,,,,,,,0,,,,,,,,,,,0,0,0,0,0,0,0,0,0,0,0,0,0,0,0,1
,High Point,High Point,,,,,,,,,,,,,,,,,,,,,,,,,,,,,,,,,,,,,,,,,,,,,,FALSE, , , , , , , , , , , , , , , , 
Hofstra,,,,,,,,,0,0,,,,,,,,,,,,,,,,,,,,,,,,,,,,0,,,,,,,,,,,0,0,0,0,0,0,0,0,0,0,0,0,0,0,0,1
,Hofstra,Hofstra,,,,,,,,,,,,,,,,,,,,,,,,,,,,,,,,,,,,,,,,,,,,,,FALSE, , , , , , , , , , , , , , , , 
Holy Cross,,,,,,,,,0,0,,,,,,,,,,,,,,,,,,,,,,,,,,,,0,,,,,,,,,,,0,0,0,0,0,0,0,0,0,0,0,0,0,0,0,1
,Holy Cross,Holy Cross,,,,,,,,,,,,,,,,,,,,,,,,,,,,,,,,,,,,,,,,,,,,,,FALSE, , , , , , , , , , , , , , , , 
Houston,,,,,,,,,0,0,,,,,,,,,,,,,,,,,,,,,,,,,,,,0,,,,,,,,,,,0,0,0,0,0,0,0,0,0,0,0,0,0,0,0,1
,Houston,Houston,,,,,,,,,,,,,,,,,,,,,,,,,,,,,,,,,,,,,,,,,,,,,,FALSE, , , , , , , , , , , , , , , , 
Houston Christian,,,,,,,,,0,0,,,,,,,,,,,,,,,,,,,,,,,,,,,,0,,,,,,,,,,,0,0,0,0,0,0,0,0,0,0,0,0,0,0,0,1
,Houston Christian,Houston Christian,,,,,,,,,,,,,,,,,,,,,,,,,,,,,,,,,,,,,,,,,,,,,,FALSE, , , , , , , , , , , , , , , , 
Howard,,,,,,,,,0,0,,,,,,,,,,,,,,,,,,,,,,,,,,,,0,,,,,,,,,,,0,0,0,0,0,0,0,0,0,0,0,0,0,0,0,1
,Howard,Howard,,,,,,,,,,,,,,,,,,,,,,,,,,,,,,,,,,,,,,,,,,,,,,FALSE, , , , , , , , , , , , , , , , 
Idaho,,,,,,,,,0,0,,,,,,,,,,,,,,,,,,,,,,,,,,,,0,,,,,,,,,,,0,0,0,0,0,0,0,0,0,0,0,0,0,0,0,1
,Idaho,Idaho,,,,,,,,,,,,,,,,,,,,,,,,,,,,,,,,,,,,,,,,,,,,,,FALSE, , , , , , , , , , , , , , , , 
Idaho St.,,,,,,,,,0,0,,,,,,,,,,,,,,,,,,,,,,,,,,,,0,,,,,,,,,,,0,0,0,0,0,0,0,0,0,0,0,0,0,0,0,1
,Idaho St.,Idaho St.,,,,,,,,,,,,,,,,,,,,,,,,,,,,,,,,,,,,,,,,,,,,,,FALSE, , , , , , , , , , , , , , , , 
Illinois,,,,,,,,,0,0,,,,,,,,,,,,,,,,,,,,,,,,,,,,0,,,,,,,,,,,0,0,0,0,0,0,0,0,0,0,0,0,0,0,0,1
,Illinois,Illinois,,,,,,,,,,,,,,,,,,,,,,,,,,,,,,,,,,,,,,,,,,,,,,FALSE, , , , , , , , , , , , , , , , 
Illinois Chicago,,,,,,,,,0,0,,,,,,,,,,,,,,,,,,,,,,,,,,,,0,,,,,,,,,,,0,0,0,0,0,0,0,0,0,0,0,0,0,0,0,1
,Illinois Chicago,Illinois Chicago,,,,,,,,,,,,,,,,,,,,,,,,,,,,,,,,,,,,,,,,,,,,,,FALSE, , , , , , , , , , , , , , , , 
Illinois St.,,,,,,,,,0,0,,,,,,,,,,,,,,,,,,,,,,,,,,,,0,,,,,,,,,,,0,0,0,0,0,0,0,0,0,0,0,0,0,0,0,1
,Illinois St.,Illinois St.,,,,,,,,,,,,,,,,,,,,,,,,,,,,,,,,,,,,,,,,,,,,,,FALSE, , , , , , , , , , , , , , , , 
Incarnate Word,,,,,,,,,0,0,,,,,,,,,,,,,,,,,,,,,,,,,,,,0,,,,,,,,,,,0,0,0,0,0,0,0,0,0,0,0,0,0,0,0,1
,Incarnate Word,Incarnate Word,,,,,,,,,,,,,,,,,,,,,,,,,,,,,,,,,,,,,,,,,,,,,,FALSE, , , , , , , , , , , , , , , , 
Indiana,,,,,,,,,0,0,,,,,,,,,,,,,,,,,,,,,,,,,,,,0,,,,,,,,,,,0,0,0,0,0,0,0,0,0,0,0,0,0,0,0,1
,Indiana,Indiana,,,,,,,,,,,,,,,,,,,,,,,,,,,,,,,,,,,,,,,,,,,,,,FALSE, , , , , , , , , , , , , , , , 
Indiana St.,,,,,,,,,0,0,,,,,,,,,,,,,,,,,,,,,,,,,,,,0,,,,,,,,,,,0,0,0,0,0,0,0,0,0,0,0,0,0,0,0,1
,Indiana St.,Indiana St.,,,,,,,,,,,,,,,,,,,,,,,,,,,,,,,,,,,,,,,,,,,,,,FALSE, , , , , , , , , , , , , , , , 
Iona,,,,,,,,,0,0,,,,,,,,,,,,,,,,,,,,,,,,,,,,0,,,,,,,,,,,0,0,0,0,0,0,0,0,0,0,0,0,0,0,0,1
,Iona,Iona,,,,,,,,,,,,,,,,,,,,,,,,,,,,,,,,,,,,,,,,,,,,,,FALSE, , , , , , , , , , , , , , , , 
Iowa,,,,,,,,,0,0,,,,,,,,,,,,,,,,,,,,,,,,,,,,0,,,,,,,,,,,0,0,0,0,0,0,0,0,0,0,0,0,0,0,0,1
,Iowa,Iowa,,,,,,,,,,,,,,,,,,,,,,,,,,,,,,,,,,,,,,,,,,,,,,FALSE, , , , , , , , , , , , , , , , 
Iowa St.,,,,,,,,,0,0,,,,,,,,,,,,,,,,,,,,,,,,,,,,0,,,,,,,,,,,0,0,0,0,0,0,0,0,0,0,0,0,0,0,0,1
,Iowa St.,Iowa St.,,,,,,,,,,,,,,,,,,,,,,,,,,,,,,,,,,,,,,,,,,,,,,FALSE, , , , , , , , , , , , , , , , 
IU Indy,,,,,,,,,0,0,,,,,,,,,,,,,,,,,,,,,,,,,,,,0,,,,,,,,,,,0,0,0,0,0,0,0,0,0,0,0,0,0,0,0,1
,IU Indy,IU Indy,,,,,,,,,,,,,,,,,,,,,,,,,,,,,,,,,,,,,,,,,,,,,,FALSE, , , , , , , , , , , , , , , , 
Jackson St.,,,,,,,,,0,0,,,,,,,,,,,,,,,,,,,,,,,,,,,,0,,,,,,,,,,,0,0,0,0,0,0,0,0,0,0,0,0,0,0,0,1
,Jackson St.,Jackson St.,,,,,,,,,,,,,,,,,,,,,,,,,,,,,,,,,,,,,,,,,,,,,,FALSE, , , , , , , , , , , , , , , , 
Jacksonville,,,,,,,,,0,0,,,,,,,,,,,,,,,,,,,,,,,,,,,,0,,,,,,,,,,,0,0,0,0,0,0,0,0,0,0,0,0,0,0,0,1
,Jacksonville,Jacksonville,,,,,,,,,,,,,,,,,,,,,,,,,,,,,,,,,,,,,,,,,,,,,,FALSE, , , , , , , , , , , , , , , , 
Jacksonville St.,,,,,,,,,0,0,,,,,,,,,,,,,,,,,,,,,,,,,,,,0,,,,,,,,,,,0,0,0,0,0,0,0,0,0,0,0,0,0,0,0,1
,Jacksonville St.,Jacksonville St.,,,,,,,,,,,,,,,,,,,,,,,,,,,,,,,,,,,,,,,,,,,,,,FALSE, , , , , , , , , , , , , , , , 
James Madison,,,,,,,,,0,0,,,,,,,,,,,,,,,,,,,,,,,,,,,,0,,,,,,,,,,,0,0,0,0,0,0,0,0,0,0,0,0,0,0,0,1
,James Madison,James Madison,,,,,,,,,,,,,,,,,,,,,,,,,,,,,,,,,,,,,,,,,,,,,,FALSE, , , , , , , , , , , , , , , , 
Kansas,,,,,,,,,0,0,,,,,,,,,,,,,,,,,,,,,,,,,,,,0,,,,,,,,,,,0,0,0,0,0,0,0,0,0,0,0,0,0,0,0,1
,Kansas,Kansas,,,,,,,,,,,,,,,,,,,,,,,,,,,,,,,,,,,,,,,,,,,,,,FALSE, , , , , , , , , , , , , , , , 
Kansas St.,,,,,,,,,0,0,,,,,,,,,,,,,,,,,,,,,,,,,,,,0,,,,,,,,,,,0,0,0,0,0,0,0,0,0,0,0,0,0,0,0,1
,Kansas St.,Kansas St.,,,,,,,,,,,,,,,,,,,,,,,,,,,,,,,,,,,,,,,,,,,,,,FALSE, , , , , , , , , , , , , , , , 
Kennesaw St.,,,,,,,,,0,0,,,,,,,,,,,,,,,,,,,,,,,,,,,,0,,,,,,,,,,,0,0,0,0,0,0,0,0,0,0,0,0,0,0,0,1
,Kennesaw St.,Kennesaw St.,,,,,,,,,,,,,,,,,,,,,,,,,,,,,,,,,,,,,,,,,,,,,,FALSE, , , , , , , , , , , , , , , , 
Kent St.,,,,,,,,,0,0,,,,,,,,,,,,,,,,,,,,,,,,,,,,0,,,,,,,,,,,0,0,0,0,0,0,0,0,0,0,0,0,0,0,0,1
,Kent St.,Kent St.,,,,,,,,,,,,,,,,,,,,,,,,,,,,,,,,,,,,,,,,,,,,,,FALSE, , , , , , , , , , , , , , , , 
Kentucky,,,,,,,,,0,0,,,,,,,,,,,,,,,,,,,,,,,,,,,,0,,,,,,,,,,,0,0,0,0,0,0,0,0,0,0,0,0,0,0,0,1
,Kentucky,Kentucky,,,,,,,,,,,,,,,,,,,,,,,,,,,,,,,,,,,,,,,,,,,,,,FALSE, , , , , , , , , , , , , , , , 
La Salle,,,,,,,,,0,0,,,,,,,,,,,,,,,,,,,,,,,,,,,,0,,,,,,,,,,,0,0,0,0,0,0,0,0,0,0,0,0,0,0,0,1
,La Salle,La Salle,,,,,,,,,,,,,,,,,,,,,,,,,,,,,,,,,,,,,,,,,,,,,,FALSE, , , , , , , , , , , , , , , , 
Lafayette,,,,,,,,,0,0,,,,,,,,,,,,,,,,,,,,,,,,,,,,0,,,,,,,,,,,0,0,0,0,0,0,0,0,0,0,0,0,0,0,0,1
,Lafayette,Lafayette,,,,,,,,,,,,,,,,,,,,,,,,,,,,,,,,,,,,,,,,,,,,,,FALSE, , , , , , , , , , , , , , , , 
Lamar,,,,,,,,,0,0,,,,,,,,,,,,,,,,,,,,,,,,,,,,0,,,,,,,,,,,0,0,0,0,0,0,0,0,0,0,0,0,0,0,0,1
,Lamar,Lamar,,,,,,,,,,,,,,,,,,,,,,,,,,,,,,,,,,,,,,,,,,,,,,FALSE, , , , , , , , , , , , , , , , 
Le Moyne,,,,,,,,,0,0,,,,,,,,,,,,,,,,,,,,,,,,,,,,0,,,,,,,,,,,0,0,0,0,0,0,0,0,0,0,0,0,0,0,0,1
,Le Moyne,Le Moyne,,,,,,,,,,,,,,,,,,,,,,,,,,,,,,,,,,,,,,,,,,,,,,FALSE, , , , , , , , , , , , , , , , 
Lehigh,,,,,,,,,0,0,,,,,,,,,,,,,,,,,,,,,,,,,,,,0,,,,,,,,,,,0,0,0,0,0,0,0,0,0,0,0,0,0,0,0,1
,Lehigh,Lehigh,,,,,,,,,,,,,,,,,,,,,,,,,,,,,,,,,,,,,,,,,,,,,,FALSE, , , , , , , , , , , , , , , , 
Liberty,,,,,,,,,0,0,,,,,,,,,,,,,,,,,,,,,,,,,,,,0,,,,,,,,,,,0,0,0,0,0,0,0,0,0,0,0,0,0,0,0,1
,Liberty,Liberty,,,,,,,,,,,,,,,,,,,,,,,,,,,,,,,,,,,,,,,,,,,,,,FALSE, , , , , , , , , , , , , , , , 
Lindenwood,,,,,,,,,0,0,,,,,,,,,,,,,,,,,,,,,,,,,,,,0,,,,,,,,,,,0,0,0,0,0,0,0,0,0,0,0,0,0,0,0,1
,Lindenwood,Lindenwood,,,,,,,,,,,,,,,,,,,,,,,,,,,,,,,,,,,,,,,,,,,,,,FALSE, , , , , , , , , , , , , , , , 
Lipscomb,,,,,,,,,0,0,,,,,,,,,,,,,,,,,,,,,,,,,,,,0,,,,,,,,,,,0,0,0,0,0,0,0,0,0,0,0,0,0,0,0,1
,Lipscomb,Lipscomb,,,,,,,,,,,,,,,,,,,,,,,,,,,,,,,,,,,,,,,,,,,,,,FALSE, , , , , , , , , , , , , , , , 
Little Rock,,,,,,,,,0,0,,,,,,,,,,,,,,,,,,,,,,,,,,,,0,,,,,,,,,,,0,0,0,0,0,0,0,0,0,0,0,0,0,0,0,1
,Little Rock,Little Rock,,,,,,,,,,,,,,,,,,,,,,,,,,,,,,,,,,,,,,,,,,,,,,FALSE, , , , , , , , , , , , , , , , 
LIU,,,,,,,,,0,0,,,,,,,,,,,,,,,,,,,,,,,,,,,,0,,,,,,,,,,,0,0,0,0,0,0,0,0,0,0,0,0,0,0,0,1
,LIU,LIU,,,,,,,,,,,,,,,,,,,,,,,,,,,,,,,,,,,,,,,,,,,,,,FALSE, , , , , , , , , , , , , , , , 
Long Beach St.,,,,,,,,,0,0,,,,,,,,,,,,,,,,,,,,,,,,,,,,0,,,,,,,,,,,0,0,0,0,0,0,0,0,0,0,0,0,0,0,0,1
,Long Beach St.,Long Beach St.,,,,,,,,,,,,,,,,,,,,,,,,,,,,,,,,,,,,,,,,,,,,,,FALSE, , , , , , , , , , , , , , , , 
Longwood,,,,,,,,,0,0,,,,,,,,,,,,,,,,,,,,,,,,,,,,0,,,,,,,,,,,0,0,0,0,0,0,0,0,0,0,0,0,0,0,0,1
,Longwood,Longwood,,,,,,,,,,,,,,,,,,,,,,,,,,,,,,,,,,,,,,,,,,,,,,FALSE, , , , , , , , , , , , , , , , 
Louisiana,,,,,,,,,0,0,,,,,,,,,,,,,,,,,,,,,,,,,,,,0,,,,,,,,,,,0,0,0,0,0,0,0,0,0,0,0,0,0,0,0,1
,Louisiana,Louisiana,,,,,,,,,,,,,,,,,,,,,,,,,,,,,,,,,,,,,,,,,,,,,,FALSE, , , , , , , , , , , , , , , , 
Louisiana Monroe,,,,,,,,,0,0,,,,,,,,,,,,,,,,,,,,,,,,,,,,0,,,,,,,,,,,0,0,0,0,0,0,0,0,0,0,0,0,0,0,0,1
,Louisiana Monroe,Louisiana Monroe,,,,,,,,,,,,,,,,,,,,,,,,,,,,,,,,,,,,,,,,,,,,,,FALSE, , , , , , , , , , , , , , , , 
Louisiana Tech,,,,,,,,,0,0,,,,,,,,,,,,,,,,,,,,,,,,,,,,0,,,,,,,,,,,0,0,0,0,0,0,0,0,0,0,0,0,0,0,0,1
,Louisiana Tech,Louisiana Tech,,,,,,,,,,,,,,,,,,,,,,,,,,,,,,,,,,,,,,,,,,,,,,FALSE, , , , , , , , , , , , , , , , 
Louisville,,,,,,,,,0,0,,,,,,,,,,,,,,,,,,,,,,,,,,,,0,,,,,,,,,,,0,0,0,0,0,0,0,0,0,0,0,0,0,0,0,1
,Louisville,Louisville,,,,,,,,,,,,,,,,,,,,,,,,,,,,,,,,,,,,,,,,,,,,,,FALSE, , , , , , , , , , , , , , , , 
Loyola Chicago,,,,,,,,,0,0,,,,,,,,,,,,,,,,,,,,,,,,,,,,0,,,,,,,,,,,0,0,0,0,0,0,0,0,0,0,0,0,0,0,0,1
,Loyola Chicago,Loyola Chicago,,,,,,,,,,,,,,,,,,,,,,,,,,,,,,,,,,,,,,,,,,,,,,FALSE, , , , , , , , , , , , , , , , 
Loyola Marymount,,,,,,,,,0,0,,,,,,,,,,,,,,,,,,,,,,,,,,,,0,,,,,,,,,,,0,0,0,0,0,0,0,0,0,0,0,0,0,0,0,1
,Loyola Marymount,Loyola Marymount,,,,,,,,,,,,,,,,,,,,,,,,,,,,,,,,,,,,,,,,,,,,,,FALSE, , , , , , , , , , , , , , , , 
Loyola MD,,,,,,,,,0,0,,,,,,,,,,,,,,,,,,,,,,,,,,,,0,,,,,,,,,,,0,0,0,0,0,0,0,0,0,0,0,0,0,0,0,1
,Loyola MD,Loyola MD,,,,,,,,,,,,,,,,,,,,,,,,,,,,,,,,,,,,,,,,,,,,,,FALSE, , , , , , , , , , , , , , , , 
LSU,,,,,,,,,0,0,,,,,,,,,,,,,,,,,,,,,,,,,,,,0,,,,,,,,,,,0,0,0,0,0,0,0,0,0,0,0,0,0,0,0,1
,LSU,LSU,,,,,,,,,,,,,,,,,,,,,,,,,,,,,,,,,,,,,,,,,,,,,,FALSE, , , , , , , , , , , , , , , , 
Maine,,,,,,,,,0,0,,,,,,,,,,,,,,,,,,,,,,,,,,,,0,,,,,,,,,,,0,0,0,0,0,0,0,0,0,0,0,0,0,0,0,1
,Maine,Maine,,,,,,,,,,,,,,,,,,,,,,,,,,,,,,,,,,,,,,,,,,,,,,FALSE, , , , , , , , , , , , , , , , 
Manhattan,,,,,,,,,0,0,,,,,,,,,,,,,,,,,,,,,,,,,,,,0,,,,,,,,,,,0,0,0,0,0,0,0,0,0,0,0,0,0,0,0,1
,Manhattan,Manhattan,,,,,,,,,,,,,,,,,,,,,,,,,,,,,,,,,,,,,,,,,,,,,,FALSE, , , , , , , , , , , , , , , , 
Marist,,,,,,,,,0,0,,,,,,,,,,,,,,,,,,,,,,,,,,,,0,,,,,,,,,,,0,0,0,0,0,0,0,0,0,0,0,0,0,0,0,1
,Marist,Marist,,,,,,,,,,,,,,,,,,,,,,,,,,,,,,,,,,,,,,,,,,,,,,FALSE, , , , , , , , , , , , , , , , 
Marquette,,,,,,,,,0,0,,,,,,,,,,,,,,,,,,,,,,,,,,,,0,,,,,,,,,,,0,0,0,0,0,0,0,0,0,0,0,0,0,0,0,1
,Marquette,Marquette,,,,,,,,,,,,,,,,,,,,,,,,,,,,,,,,,,,,,,,,,,,,,,FALSE, , , , , , , , , , , , , , , , 
Marshall,,,,,,,,,0,0,,,,,,,,,,,,,,,,,,,,,,,,,,,,0,,,,,,,,,,,0,0,0,0,0,0,0,0,0,0,0,0,0,0,0,1
,Marshall,Marshall,,,,,,,,,,,,,,,,,,,,,,,,,,,,,,,,,,,,,,,,,,,,,,FALSE, , , , , , , , , , , , , , , , 
Maryland,,,,,,,,,0,0,,,,,,,,,,,,,,,,,,,,,,,,,,,,0,,,,,,,,,,,0,0,0,0,0,0,0,0,0,0,0,0,0,0,0,1
,Maryland,Maryland,,,,,,,,,,,,,,,,,,,,,,,,,,,,,,,,,,,,,,,,,,,,,,FALSE, , , , , , , , , , , , , , , , 
Maryland Eastern Shore,,,,,,,,,0,0,,,,,,,,,,,,,,,,,,,,,,,,,,,,0,,,,,,,,,,,0,0,0,0,0,0,0,0,0,0,0,0,0,0,0,1
,Maryland Eastern Shore,Maryland Eastern Shore,,,,,,,,,,,,,,,,,,,,,,,,,,,,,,,,,,,,,,,,,,,,,,FALSE, , , , , , , , , , , , , , , , 
Massachusetts,,,,,,,,,0,0,,,,,,,,,,,,,,,,,,,,,,,,,,,,0,,,,,,,,,,,0,0,0,0,0,0,0,0,0,0,0,0,0,0,0,1
,Massachusetts,Massachusetts,,,,,,,,,,,,,,,,,,,,,,,,,,,,,,,,,,,,,,,,,,,,,,FALSE, , , , , , , , , , , , , , , , 
McNeese St.,,,,,,,,,0,0,,,,,,,,,,,,,,,,,,,,,,,,,,,,0,,,,,,,,,,,0,0,0,0,0,0,0,0,0,0,0,0,0,0,0,1
,McNeese St.,McNeese St.,,,,,,,,,,,,,,,,,,,,,,,,,,,,,,,,,,,,,,,,,,,,,,FALSE, , , , , , , , , , , , , , , , 
Memphis,,,,,,,,,0,0,,,,,,,,,,,,,,,,,,,,,,,,,,,,0,,,,,,,,,,,0,0,0,0,0,0,0,0,0,0,0,0,0,0,0,1
,Memphis,Memphis,,,,,,,,,,,,,,,,,,,,,,,,,,,,,,,,,,,,,,,,,,,,,,FALSE, , , , , , , , , , , , , , , , 
Mercer,,,,,,,,,0,0,,,,,,,,,,,,,,,,,,,,,,,,,,,,0,,,,,,,,,,,0,0,0,0,0,0,0,0,0,0,0,0,0,0,0,1
,Mercer,Mercer,,,,,,,,,,,,,,,,,,,,,,,,,,,,,,,,,,,,,,,,,,,,,,FALSE, , , , , , , , , , , , , , , , 
Mercyhurst,,,,,,,,,0,0,,,,,,,,,,,,,,,,,,,,,,,,,,,,0,,,,,,,,,,,0,0,0,0,0,0,0,0,0,0,0,0,0,0,0,1
,Mercyhurst,Mercyhurst,,,,,,,,,,,,,,,,,,,,,,,,,,,,,,,,,,,,,,,,,,,,,,FALSE, , , , , , , , , , , , , , , , 
Merrimack,,,,,,,,,0,0,,,,,,,,,,,,,,,,,,,,,,,,,,,,0,,,,,,,,,,,0,0,0,0,0,0,0,0,0,0,0,0,0,0,0,1
,Merrimack,Merrimack,,,,,,,,,,,,,,,,,,,,,,,,,,,,,,,,,,,,,,,,,,,,,,FALSE, , , , , , , , , , , , , , , , 
Miami FL,,,,,,,,,0,0,,,,,,,,,,,,,,,,,,,,,,,,,,,,0,,,,,,,,,,,0,0,0,0,0,0,0,0,0,0,0,0,0,0,0,1
,Miami FL,Miami FL,,,,,,,,,,,,,,,,,,,,,,,,,,,,,,,,,,,,,,,,,,,,,,FALSE, , , , , , , , , , , , , , , , 
Miami OH,,,,,,,,,0,0,,,,,,,,,,,,,,,,,,,,,,,,,,,,0,,,,,,,,,,,0,0,0,0,0,0,0,0,0,0,0,0,0,0,0,1
,Miami OH,Miami OH,,,,,,,,,,,,,,,,,,,,,,,,,,,,,,,,,,,,,,,,,,,,,,FALSE, , , , , , , , , , , , , , , , 
Michigan,,,,,,,,,0,0,,,,,,,,,,,,,,,,,,,,,,,,,,,,0,,,,,,,,,,,0,0,0,0,0,0,0,0,0,0,0,0,0,0,0,1
,Michigan,Michigan,,,,,,,,,,,,,,,,,,,,,,,,,,,,,,,,,,,,,,,,,,,,,,FALSE, , , , , , , , , , , , , , , , 
Michigan St.,,,,,,,,,0,0,,,,,,,,,,,,,,,,,,,,,,,,,,,,0,,,,,,,,,,,0,0,0,0,0,0,0,0,0,0,0,0,0,0,0,1
,Michigan St.,Michigan St.,,,,,,,,,,,,,,,,,,,,,,,,,,,,,,,,,,,,,,,,,,,,,,FALSE, , , , , , , , , , , , , , , , 
Middle Tennessee,,,,,,,,,0,0,,,,,,,,,,,,,,,,,,,,,,,,,,,,0,,,,,,,,,,,0,0,0,0,0,0,0,0,0,0,0,0,0,0,0,1
,Middle Tennessee,Middle Tennessee,,,,,,,,,,,,,,,,,,,,,,,,,,,,,,,,,,,,,,,,,,,,,,FALSE, , , , , , , , , , , , , , , , 
Milwaukee,,,,,,,,,0,0,,,,,,,,,,,,,,,,,,,,,,,,,,,,0,,,,,,,,,,,0,0,0,0,0,0,0,0,0,0,0,0,0,0,0,1
,Milwaukee,Milwaukee,,,,,,,,,,,,,,,,,,,,,,,,,,,,,,,,,,,,,,,,,,,,,,FALSE, , , , , , , , , , , , , , , , 
Minnesota,,,,,,,,,0,0,,,,,,,,,,,,,,,,,,,,,,,,,,,,0,,,,,,,,,,,0,0,0,0,0,0,0,0,0,0,0,0,0,0,0,1
,Minnesota,Minnesota,,,,,,,,,,,,,,,,,,,,,,,,,,,,,,,,,,,,,,,,,,,,,,FALSE, , , , , , , , , , , , , , , , 
Mississippi,,,,,,,,,0,0,,,,,,,,,,,,,,,,,,,,,,,,,,,,0,,,,,,,,,,,0,0,0,0,0,0,0,0,0,0,0,0,0,0,0,1
,Mississippi,Mississippi,,,,,,,,,,,,,,,,,,,,,,,,,,,,,,,,,,,,,,,,,,,,,,FALSE, , , , , , , , , , , , , , , , 
Mississippi St.,,,,,,,,,0,0,,,,,,,,,,,,,,,,,,,,,,,,,,,,0,,,,,,,,,,,0,0,0,0,0,0,0,0,0,0,0,0,0,0,0,1
,Mississippi St.,Mississippi St.,,,,,,,,,,,,,,,,,,,,,,,,,,,,,,,,,,,,,,,,,,,,,,FALSE, , , , , , , , , , , , , , , , 
Mississippi Valley St.,,,,,,,,,0,0,,,,,,,,,,,,,,,,,,,,,,,,,,,,0,,,,,,,,,,,0,0,0,0,0,0,0,0,0,0,0,0,0,0,0,1
,Mississippi Valley St.,Mississippi Valley St.,,,,,,,,,,,,,,,,,,,,,,,,,,,,,,,,,,,,,,,,,,,,,,FALSE, , , , , , , , , , , , , , , , 
Missouri,,,,,,,,,0,0,,,,,,,,,,,,,,,,,,,,,,,,,,,,0,,,,,,,,,,,0,0,0,0,0,0,0,0,0,0,0,0,0,0,0,1
,Missouri,Missouri,,,,,,,,,,,,,,,,,,,,,,,,,,,,,,,,,,,,,,,,,,,,,,FALSE, , , , , , , , , , , , , , , , 
Missouri St.,,,,,,,,,0,0,,,,,,,,,,,,,,,,,,,,,,,,,,,,0,,,,,,,,,,,0,0,0,0,0,0,0,0,0,0,0,0,0,0,0,1
,Missouri St.,Missouri St.,,,,,,,,,,,,,,,,,,,,,,,,,,,,,,,,,,,,,,,,,,,,,,FALSE, , , , , , , , , , , , , , , , 
Monmouth,,,,,,,,,0,0,,,,,,,,,,,,,,,,,,,,,,,,,,,,0,,,,,,,,,,,0,0,0,0,0,0,0,0,0,0,0,0,0,0,0,1
,Monmouth,Monmouth,,,,,,,,,,,,,,,,,,,,,,,,,,,,,,,,,,,,,,,,,,,,,,FALSE, , , , , , , , , , , , , , , , 
Montana,,,,,,,,,0,0,,,,,,,,,,,,,,,,,,,,,,,,,,,,0,,,,,,,,,,,0,0,0,0,0,0,0,0,0,0,0,0,0,0,0,1
,Montana,Montana,,,,,,,,,,,,,,,,,,,,,,,,,,,,,,,,,,,,,,,,,,,,,,FALSE, , , , , , , , , , , , , , , , 
Montana St.,,,,,,,,,0,0,,,,,,,,,,,,,,,,,,,,,,,,,,,,0,,,,,,,,,,,0,0,0,0,0,0,0,0,0,0,0,0,0,0,0,1
,Montana St.,Montana St.,,,,,,,,,,,,,,,,,,,,,,,,,,,,,,,,,,,,,,,,,,,,,,FALSE, , , , , , , , , , , , , , , , 
Morehead St.,,,,,,,,,0,0,,,,,,,,,,,,,,,,,,,,,,,,,,,,0,,,,,,,,,,,0,0,0,0,0,0,0,0,0,0,0,0,0,0,0,1
,Morehead St.,Morehead St.,,,,,,,,,,,,,,,,,,,,,,,,,,,,,,,,,,,,,,,,,,,,,,FALSE, , , , , , , , , , , , , , , , 
Morgan St.,,,,,,,,,0,0,,,,,,,,,,,,,,,,,,,,,,,,,,,,0,,,,,,,,,,,0,0,0,0,0,0,0,0,0,0,0,0,0,0,0,1
,Morgan St.,Morgan St.,,,,,,,,,,,,,,,,,,,,,,,,,,,,,,,,,,,,,,,,,,,,,,FALSE, , , , , , , , , , , , , , , , 
Mount St. Mary's,,,,,,,,,0,0,,,,,,,,,,,,,,,,,,,,,,,,,,,,0,,,,,,,,,,,0,0,0,0,0,0,0,0,0,0,0,0,0,0,0,1
,Mount St. Mary's,Mount St. Mary's,,,,,,,,,,,,,,,,,,,,,,,,,,,,,,,,,,,,,,,,,,,,,,FALSE, , , , , , , , , , , , , , , , 
Murray St.,,,,,,,,,0,0,,,,,,,,,,,,,,,,,,,,,,,,,,,,0,,,,,,,,,,,0,0,0,0,0,0,0,0,0,0,0,0,0,0,0,1
,Murray St.,Murray St.,,,,,,,,,,,,,,,,,,,,,,,,,,,,,,,,,,,,,,,,,,,,,,FALSE, , , , , , , , , , , , , , , , 
N.C. State,,,,,,,,,0,0,,,,,,,,,,,,,,,,,,,,,,,,,,,,0,,,,,,,,,,,0,0,0,0,0,0,0,0,0,0,0,0,0,0,0,1
,N.C. State,N.C. State,,,,,,,,,,,,,,,,,,,,,,,,,,,,,,,,,,,,,,,,,,,,,,FALSE, , , , , , , , , , , , , , , , 
Navy,,,,,,,,,0,0,,,,,,,,,,,,,,,,,,,,,,,,,,,,0,,,,,,,,,,,0,0,0,0,0,0,0,0,0,0,0,0,0,0,0,1
,Navy,Navy,,,,,,,,,,,,,,,,,,,,,,,,,,,,,,,,,,,,,,,,,,,,,,FALSE, , , , , , , , , , , , , , , , 
Nebraska,,,,,,,,,0,0,,,,,,,,,,,,,,,,,,,,,,,,,,,,0,,,,,,,,,,,0,0,0,0,0,0,0,0,0,0,0,0,0,0,0,1
,Nebraska,Nebraska,,,,,,,,,,,,,,,,,,,,,,,,,,,,,,,,,,,,,,,,,,,,,,FALSE, , , , , , , , , , , , , , , , 
Nebraska Omaha,,,,,,,,,0,0,,,,,,,,,,,,,,,,,,,,,,,,,,,,0,,,,,,,,,,,0,0,0,0,0,0,0,0,0,0,0,0,0,0,0,1
,Nebraska Omaha,Nebraska Omaha,,,,,,,,,,,,,,,,,,,,,,,,,,,,,,,,,,,,,,,,,,,,,,FALSE, , , , , , , , , , , , , , , , 
Nevada,,,,,,,,,0,0,,,,,,,,,,,,,,,,,,,,,,,,,,,,0,,,,,,,,,,,0,0,0,0,0,0,0,0,0,0,0,0,0,0,0,1
,Nevada,Nevada,,,,,,,,,,,,,,,,,,,,,,,,,,,,,,,,,,,,,,,,,,,,,,FALSE, , , , , , , , , , , , , , , , 
New Hampshire,,,,,,,,,0,0,,,,,,,,,,,,,,,,,,,,,,,,,,,,0,,,,,,,,,,,0,0,0,0,0,0,0,0,0,0,0,0,0,0,0,1
,New Hampshire,New Hampshire,,,,,,,,,,,,,,,,,,,,,,,,,,,,,,,,,,,,,,,,,,,,,,FALSE, , , , , , , , , , , , , , , , 
New Mexico,,,,,,,,,0,0,,,,,,,,,,,,,,,,,,,,,,,,,,,,0,,,,,,,,,,,0,0,0,0,0,0,0,0,0,0,0,0,0,0,0,1
,New Mexico,New Mexico,,,,,,,,,,,,,,,,,,,,,,,,,,,,,,,,,,,,,,,,,,,,,,FALSE, , , , , , , , , , , , , , , , 
New Mexico St.,,,,,,,,,0,0,,,,,,,,,,,,,,,,,,,,,,,,,,,,0,,,,,,,,,,,0,0,0,0,0,0,0,0,0,0,0,0,0,0,0,1
,New Mexico St.,New Mexico St.,,,,,,,,,,,,,,,,,,,,,,,,,,,,,,,,,,,,,,,,,,,,,,FALSE, , , , , , , , , , , , , , , , 
New Orleans,,,,,,,,,0,0,,,,,,,,,,,,,,,,,,,,,,,,,,,,0,,,,,,,,,,,0,0,0,0,0,0,0,0,0,0,0,0,0,0,0,1
,New Orleans,New Orleans,,,,,,,,,,,,,,,,,,,,,,,,,,,,,,,,,,,,,,,,,,,,,,FALSE, , , , , , , , , , , , , , , , 
Niagara,,,,,,,,,0,0,,,,,,,,,,,,,,,,,,,,,,,,,,,,0,,,,,,,,,,,0,0,0,0,0,0,0,0,0,0,0,0,0,0,0,1
,Niagara,Niagara,,,,,,,,,,,,,,,,,,,,,,,,,,,,,,,,,,,,,,,,,,,,,,FALSE, , , , , , , , , , , , , , , , 
Nicholls St.,,,,,,,,,0,0,,,,,,,,,,,,,,,,,,,,,,,,,,,,0,,,,,,,,,,,0,0,0,0,0,0,0,0,0,0,0,0,0,0,0,1
,Nicholls St.,Nicholls St.,,,,,,,,,,,,,,,,,,,,,,,,,,,,,,,,,,,,,,,,,,,,,,FALSE, , , , , , , , , , , , , , , , 
NJIT,,,,,,,,,0,0,,,,,,,,,,,,,,,,,,,,,,,,,,,,0,,,,,,,,,,,0,0,0,0,0,0,0,0,0,0,0,0,0,0,0,1
,NJIT,NJIT,,,,,,,,,,,,,,,,,,,,,,,,,,,,,,,,,,,,,,,,,,,,,,FALSE, , , , , , , , , , , , , , , , 
Norfolk St.,,,,,,,,,0,0,,,,,,,,,,,,,,,,,,,,,,,,,,,,0,,,,,,,,,,,0,0,0,0,0,0,0,0,0,0,0,0,0,0,0,1
,Norfolk St.,Norfolk St.,,,,,,,,,,,,,,,,,,,,,,,,,,,,,,,,,,,,,,,,,,,,,,FALSE, , , , , , , , , , , , , , , , 
North Alabama,,,,,,,,,0,0,,,,,,,,,,,,,,,,,,,,,,,,,,,,0,,,,,,,,,,,0,0,0,0,0,0,0,0,0,0,0,0,0,0,0,1
,North Alabama,North Alabama,,,,,,,,,,,,,,,,,,,,,,,,,,,,,,,,,,,,,,,,,,,,,,FALSE, , , , , , , , , , , , , , , , 
North Carolina,,,,,,,,,0,0,,,,,,,,,,,,,,,,,,,,,,,,,,,,0,,,,,,,,,,,0,0,0,0,0,0,0,0,0,0,0,0,0,0,0,1
,North Carolina,North Carolina,,,,,,,,,,,,,,,,,,,,,,,,,,,,,,,,,,,,,,,,,,,,,,FALSE, , , , , , , , , , , , , , , , 
North Carolina A&T,,,,,,,,,0,0,,,,,,,,,,,,,,,,,,,,,,,,,,,,0,,,,,,,,,,,0,0,0,0,0,0,0,0,0,0,0,0,0,0,0,1
,North Carolina A&T,North Carolina A&T,,,,,,,,,,,,,,,,,,,,,,,,,,,,,,,,,,,,,,,,,,,,,,FALSE, , , , , , , , , , , , , , , , 
North Carolina Central,,,,,,,,,0,0,,,,,,,,,,,,,,,,,,,,,,,,,,,,0,,,,,,,,,,,0,0,0,0,0,0,0,0,0,0,0,0,0,0,0,1
,North Carolina Central,North Carolina Central,,,,,,,,,,,,,,,,,,,,,,,,,,,,,,,,,,,,,,,,,,,,,,FALSE, , , , , , , , , , , , , , , , 
North Dakota,,,,,,,,,0,0,,,,,,,,,,,,,,,,,,,,,,,,,,,,0,,,,,,,,,,,0,0,0,0,0,0,0,0,0,0,0,0,0,0,0,1
,North Dakota,North Dakota,,,,,,,,,,,,,,,,,,,,,,,,,,,,,,,,,,,,,,,,,,,,,,FALSE, , , , , , , , , , , , , , , , 
North Dakota St.,,,,,,,,,0,0,,,,,,,,,,,,,,,,,,,,,,,,,,,,0,,,,,,,,,,,0,0,0,0,0,0,0,0,0,0,0,0,0,0,0,1
,North Dakota St.,North Dakota St.,,,,,,,,,,,,,,,,,,,,,,,,,,,,,,,,,,,,,,,,,,,,,,FALSE, , , , , , , , , , , , , , , , 
North Florida,,,,,,,,,0,0,,,,,,,,,,,,,,,,,,,,,,,,,,,,0,,,,,,,,,,,0,0,0,0,0,0,0,0,0,0,0,0,0,0,0,1
,North Florida,North Florida,,,,,,,,,,,,,,,,,,,,,,,,,,,,,,,,,,,,,,,,,,,,,,FALSE, , , , , , , , , , , , , , , , 
North Texas,,,,,,,,,0,0,,,,,,,,,,,,,,,,,,,,,,,,,,,,0,,,,,,,,,,,0,0,0,0,0,0,0,0,0,0,0,0,0,0,0,1
,North Texas,North Texas,,,,,,,,,,,,,,,,,,,,,,,,,,,,,,,,,,,,,,,,,,,,,,FALSE, , , , , , , , , , , , , , , , 
Northeastern,,,,,,,,,0,0,,,,,,,,,,,,,,,,,,,,,,,,,,,,0,,,,,,,,,,,0,0,0,0,0,0,0,0,0,0,0,0,0,0,0,1
,Northeastern,Northeastern,,,,,,,,,,,,,,,,,,,,,,,,,,,,,,,,,,,,,,,,,,,,,,FALSE, , , , , , , , , , , , , , , , 
Northern Arizona,,,,,,,,,0,0,,,,,,,,,,,,,,,,,,,,,,,,,,,,0,,,,,,,,,,,0,0,0,0,0,0,0,0,0,0,0,0,0,0,0,1
,Northern Arizona,Northern Arizona,,,,,,,,,,,,,,,,,,,,,,,,,,,,,,,,,,,,,,,,,,,,,,FALSE, , , , , , , , , , , , , , , , 
Northern Colorado,,,,,,,,,0,0,,,,,,,,,,,,,,,,,,,,,,,,,,,,0,,,,,,,,,,,0,0,0,0,0,0,0,0,0,0,0,0,0,0,0,1
,Northern Colorado,Northern Colorado,,,,,,,,,,,,,,,,,,,,,,,,,,,,,,,,,,,,,,,,,,,,,,FALSE, , , , , , , , , , , , , , , , 
Northern Illinois,,,,,,,,,0,0,,,,,,,,,,,,,,,,,,,,,,,,,,,,0,,,,,,,,,,,0,0,0,0,0,0,0,0,0,0,0,0,0,0,0,1
,Northern Illinois,Northern Illinois,,,,,,,,,,,,,,,,,,,,,,,,,,,,,,,,,,,,,,,,,,,,,,FALSE, , , , , , , , , , , , , , , , 
Northern Iowa,,,,,,,,,0,0,,,,,,,,,,,,,,,,,,,,,,,,,,,,0,,,,,,,,,,,0,0,0,0,0,0,0,0,0,0,0,0,0,0,0,1
,Northern Iowa,Northern Iowa,,,,,,,,,,,,,,,,,,,,,,,,,,,,,,,,,,,,,,,,,,,,,,FALSE, , , , , , , , , , , , , , , , 
Northern Kentucky,,,,,,,,,0,0,,,,,,,,,,,,,,,,,,,,,,,,,,,,0,,,,,,,,,,,0,0,0,0,0,0,0,0,0,0,0,0,0,0,0,1
,Northern Kentucky,Northern Kentucky,,,,,,,,,,,,,,,,,,,,,,,,,,,,,,,,,,,,,,,,,,,,,,FALSE, , , , , , , , , , , , , , , , 
Northwestern,,,,,,,,,0,0,,,,,,,,,,,,,,,,,,,,,,,,,,,,0,,,,,,,,,,,0,0,0,0,0,0,0,0,0,0,0,0,0,0,0,1
,Northwestern,Northwestern,,,,,,,,,,,,,,,,,,,,,,,,,,,,,,,,,,,,,,,,,,,,,,FALSE, , , , , , , , , , , , , , , , 
Northwestern St.,,,,,,,,,0,0,,,,,,,,,,,,,,,,,,,,,,,,,,,,0,,,,,,,,,,,0,0,0,0,0,0,0,0,0,0,0,0,0,0,0,1
,Northwestern St.,Northwestern St.,,,,,,,,,,,,,,,,,,,,,,,,,,,,,,,,,,,,,,,,,,,,,,FALSE, , , , , , , , , , , , , , , , 
Notre Dame,,,,,,,,,0,0,,,,,,,,,,,,,,,,,,,,,,,,,,,,0,,,,,,,,,,,0,0,0,0,0,0,0,0,0,0,0,0,0,0,0,1
,Notre Dame,Notre Dame,,,,,,,,,,,,,,,,,,,,,,,,,,,,,,,,,,,,,,,,,,,,,,FALSE, , , , , , , , , , , , , , , , 
Oakland,,,,,,,,,0,0,,,,,,,,,,,,,,,,,,,,,,,,,,,,0,,,,,,,,,,,0,0,0,0,0,0,0,0,0,0,0,0,0,0,0,1
,Oakland,Oakland,,,,,,,,,,,,,,,,,,,,,,,,,,,,,,,,,,,,,,,,,,,,,,FALSE, , , , , , , , , , , , , , , , 
Ohio,,,,,,,,,0,0,,,,,,,,,,,,,,,,,,,,,,,,,,,,0,,,,,,,,,,,0,0,0,0,0,0,0,0,0,0,0,0,0,0,0,1
,Ohio,Ohio,,,,,,,,,,,,,,,,,,,,,,,,,,,,,,,,,,,,,,,,,,,,,,FALSE, , , , , , , , , , , , , , , , 
Ohio St.,,,,,,,,,0,0,,,,,,,,,,,,,,,,,,,,,,,,,,,,0,,,,,,,,,,,0,0,0,0,0,0,0,0,0,0,0,0,0,0,0,1
,Ohio St.,Ohio St.,,,,,,,,,,,,,,,,,,,,,,,,,,,,,,,,,,,,,,,,,,,,,,FALSE, , , , , , , , , , , , , , , , 
Oklahoma,,,,,,,,,0,0,,,,,,,,,,,,,,,,,,,,,,,,,,,,0,,,,,,,,,,,0,0,0,0,0,0,0,0,0,0,0,0,0,0,0,1
,Oklahoma,Oklahoma,,,,,,,,,,,,,,,,,,,,,,,,,,,,,,,,,,,,,,,,,,,,,,FALSE, , , , , , , , , , , , , , , , 
Oklahoma St.,,,,,,,,,0,0,,,,,,,,,,,,,,,,,,,,,,,,,,,,0,,,,,,,,,,,0,0,0,0,0,0,0,0,0,0,0,0,0,0,0,1
,Oklahoma St.,Oklahoma St.,,,,,,,,,,,,,,,,,,,,,,,,,,,,,,,,,,,,,,,,,,,,,,FALSE, , , , , , , , , , , , , , , , 
Old Dominion,,,,,,,,,0,0,,,,,,,,,,,,,,,,,,,,,,,,,,,,0,,,,,,,,,,,0,0,0,0,0,0,0,0,0,0,0,0,0,0,0,1
,Old Dominion,Old Dominion,,,,,,,,,,,,,,,,,,,,,,,,,,,,,,,,,,,,,,,,,,,,,,FALSE, , , , , , , , , , , , , , , , 
Oral Roberts,,,,,,,,,0,0,,,,,,,,,,,,,,,,,,,,,,,,,,,,0,,,,,,,,,,,0,0,0,0,0,0,0,0,0,0,0,0,0,0,0,1
,Oral Roberts,Oral Roberts,,,,,,,,,,,,,,,,,,,,,,,,,,,,,,,,,,,,,,,,,,,,,,FALSE, , , , , , , , , , , , , , , , 
Oregon,,,,,,,,,0,0,,,,,,,,,,,,,,,,,,,,,,,,,,,,0,,,,,,,,,,,0,0,0,0,0,0,0,0,0,0,0,0,0,0,0,1
,Oregon,Oregon,,,,,,,,,,,,,,,,,,,,,,,,,,,,,,,,,,,,,,,,,,,,,,FALSE, , , , , , , , , , , , , , , , 
Oregon St.,,,,,,,,,0,0,,,,,,,,,,,,,,,,,,,,,,,,,,,,0,,,,,,,,,,,0,0,0,0,0,0,0,0,0,0,0,0,0,0,0,1
,Oregon St.,Oregon St.,,,,,,,,,,,,,,,,,,,,,,,,,,,,,,,,,,,,,,,,,,,,,,FALSE, , , , , , , , , , , , , , , , 
Pacific,,,,,,,,,0,0,,,,,,,,,,,,,,,,,,,,,,,,,,,,0,,,,,,,,,,,0,0,0,0,0,0,0,0,0,0,0,0,0,0,0,1
,Pacific,Pacific,,,,,,,,,,,,,,,,,,,,,,,,,,,,,,,,,,,,,,,,,,,,,,FALSE, , , , , , , , , , , , , , , , 
Penn,,,,,,,,,0,0,,,,,,,,,,,,,,,,,,,,,,,,,,,,0,,,,,,,,,,,0,0,0,0,0,0,0,0,0,0,0,0,0,0,0,1
,Penn,Penn,,,,,,,,,,,,,,,,,,,,,,,,,,,,,,,,,,,,,,,,,,,,,,FALSE, , , , , , , , , , , , , , , , 
Penn St.,,,,,,,,,0,0,,,,,,,,,,,,,,,,,,,,,,,,,,,,0,,,,,,,,,,,0,0,0,0,0,0,0,0,0,0,0,0,0,0,0,1
,Penn St.,Penn St.,,,,,,,,,,,,,,,,,,,,,,,,,,,,,,,,,,,,,,,,,,,,,,FALSE, , , , , , , , , , , , , , , , 
Pepperdine,,,,,,,,,0,0,,,,,,,,,,,,,,,,,,,,,,,,,,,,0,,,,,,,,,,,0,0,0,0,0,0,0,0,0,0,0,0,0,0,0,1
,Pepperdine,Pepperdine,,,,,,,,,,,,,,,,,,,,,,,,,,,,,,,,,,,,,,,,,,,,,,FALSE, , , , , , , , , , , , , , , , 
Pittsburgh,,,,,,,,,0,0,,,,,,,,,,,,,,,,,,,,,,,,,,,,0,,,,,,,,,,,0,0,0,0,0,0,0,0,0,0,0,0,0,0,0,1
,Pittsburgh,Pittsburgh,,,,,,,,,,,,,,,,,,,,,,,,,,,,,,,,,,,,,,,,,,,,,,FALSE, , , , , , , , , , , , , , , , 
Portland,,,,,,,,,0,0,,,,,,,,,,,,,,,,,,,,,,,,,,,,0,,,,,,,,,,,0,0,0,0,0,0,0,0,0,0,0,0,0,0,0,1
,Portland,Portland,,,,,,,,,,,,,,,,,,,,,,,,,,,,,,,,,,,,,,,,,,,,,,FALSE, , , , , , , , , , , , , , , , 
Portland St.,,,,,,,,,0,0,,,,,,,,,,,,,,,,,,,,,,,,,,,,0,,,,,,,,,,,0,0,0,0,0,0,0,0,0,0,0,0,0,0,0,1
,Portland St.,Portland St.,,,,,,,,,,,,,,,,,,,,,,,,,,,,,,,,,,,,,,,,,,,,,,FALSE, , , , , , , , , , , , , , , , 
Prairie View A&M,,,,,,,,,0,0,,,,,,,,,,,,,,,,,,,,,,,,,,,,0,,,,,,,,,,,0,0,0,0,0,0,0,0,0,0,0,0,0,0,0,1
,Prairie View A&M,Prairie View A&M,,,,,,,,,,,,,,,,,,,,,,,,,,,,,,,,,,,,,,,,,,,,,,FALSE, , , , , , , , , , , , , , , , 
Presbyterian,,,,,,,,,0,0,,,,,,,,,,,,,,,,,,,,,,,,,,,,0,,,,,,,,,,,0,0,0,0,0,0,0,0,0,0,0,0,0,0,0,1
,Presbyterian,Presbyterian,,,,,,,,,,,,,,,,,,,,,,,,,,,,,,,,,,,,,,,,,,,,,,FALSE, , , , , , , , , , , , , , , , 
Princeton,,,,,,,,,0,0,,,,,,,,,,,,,,,,,,,,,,,,,,,,0,,,,,,,,,,,0,0,0,0,0,0,0,0,0,0,0,0,0,0,0,1
,Princeton,Princeton,,,,,,,,,,,,,,,,,,,,,,,,,,,,,,,,,,,,,,,,,,,,,,FALSE, , , , , , , , , , , , , , , , 
Providence,,,,,,,,,0,0,,,,,,,,,,,,,,,,,,,,,,,,,,,,0,,,,,,,,,,,0,0,0,0,0,0,0,0,0,0,0,0,0,0,0,1
,Providence,Providence,,,,,,,,,,,,,,,,,,,,,,,,,,,,,,,,,,,,,,,,,,,,,,FALSE, , , , , , , , , , , , , , , , 
Purdue,,,,,,,,,0,0,,,,,,,,,,,,,,,,,,,,,,,,,,,,0,,,,,,,,,,,0,0,0,0,0,0,0,0,0,0,0,0,0,0,0,1
,Purdue,Purdue,,,,,,,,,,,,,,,,,,,,,,,,,,,,,,,,,,,,,,,,,,,,,,FALSE, , , , , , , , , , , , , , , , 
Purdue Fort Wayne,,,,,,,,,0,0,,,,,,,,,,,,,,,,,,,,,,,,,,,,0,,,,,,,,,,,0,0,0,0,0,0,0,0,0,0,0,0,0,0,0,1
,Purdue Fort Wayne,Purdue Fort Wayne,,,,,,,,,,,,,,,,,,,,,,,,,,,,,,,,,,,,,,,,,,,,,,FALSE, , , , , , , , , , , , , , , , 
Queens,,,,,,,,,0,0,,,,,,,,,,,,,,,,,,,,,,,,,,,,0,,,,,,,,,,,0,0,0,0,0,0,0,0,0,0,0,0,0,0,0,1
,Queens,Queens,,,,,,,,,,,,,,,,,,,,,,,,,,,,,,,,,,,,,,,,,,,,,,FALSE, , , , , , , , , , , , , , , , 
Quinnipiac,,,,,,,,,0,0,,,,,,,,,,,,,,,,,,,,,,,,,,,,0,,,,,,,,,,,0,0,0,0,0,0,0,0,0,0,0,0,0,0,0,1
,Quinnipiac,Quinnipiac,,,,,,,,,,,,,,,,,,,,,,,,,,,,,,,,,,,,,,,,,,,,,,FALSE, , , , , , , , , , , , , , , , 
Radford,,,,,,,,,0,0,,,,,,,,,,,,,,,,,,,,,,,,,,,,0,,,,,,,,,,,0,0,0,0,0,0,0,0,0,0,0,0,0,0,0,1
,Radford,Radford,,,,,,,,,,,,,,,,,,,,,,,,,,,,,,,,,,,,,,,,,,,,,,FALSE, , , , , , , , , , , , , , , , 
Rhode Island,,,,,,,,,0,0,,,,,,,,,,,,,,,,,,,,,,,,,,,,0,,,,,,,,,,,0,0,0,0,0,0,0,0,0,0,0,0,0,0,0,1
,Rhode Island,Rhode Island,,,,,,,,,,,,,,,,,,,,,,,,,,,,,,,,,,,,,,,,,,,,,,FALSE, , , , , , , , , , , , , , , , 
Rice,,,,,,,,,0,0,,,,,,,,,,,,,,,,,,,,,,,,,,,,0,,,,,,,,,,,0,0,0,0,0,0,0,0,0,0,0,0,0,0,0,1
,Rice,Rice,,,,,,,,,,,,,,,,,,,,,,,,,,,,,,,,,,,,,,,,,,,,,,FALSE, , , , , , , , , , , , , , , , 
Richmond,,,,,,,,,0,0,,,,,,,,,,,,,,,,,,,,,,,,,,,,0,,,,,,,,,,,0,0,0,0,0,0,0,0,0,0,0,0,0,0,0,1
,Richmond,Richmond,,,,,,,,,,,,,,,,,,,,,,,,,,,,,,,,,,,,,,,,,,,,,,FALSE, , , , , , , , , , , , , , , , 
Rider,,,,,,,,,0,0,,,,,,,,,,,,,,,,,,,,,,,,,,,,0,,,,,,,,,,,0,0,0,0,0,0,0,0,0,0,0,0,0,0,0,1
,Rider,Rider,,,,,,,,,,,,,,,,,,,,,,,,,,,,,,,,,,,,,,,,,,,,,,FALSE, , , , , , , , , , , , , , , , 
Robert Morris,,,,,,,,,0,0,,,,,,,,,,,,,,,,,,,,,,,,,,,,0,,,,,,,,,,,0,0,0,0,0,0,0,0,0,0,0,0,0,0,0,1
,Robert Morris,Robert Morris,,,,,,,,,,,,,,,,,,,,,,,,,,,,,,,,,,,,,,,,,,,,,,FALSE, , , , , , , , , , , , , , , , 
Rutgers,,,,,,,,,0,0,,,,,,,,,,,,,,,,,,,,,,,,,,,,0,,,,,,,,,,,0,0,0,0,0,0,0,0,0,0,0,0,0,0,0,1
,Rutgers,Rutgers,,,,,,,,,,,,,,,,,,,,,,,,,,,,,,,,,,,,,,,,,,,,,,FALSE, , , , , , , , , , , , , , , , 
Sacramento St.,,,,,,,,,0,0,,,,,,,,,,,,,,,,,,,,,,,,,,,,0,,,,,,,,,,,0,0,0,0,0,0,0,0,0,0,0,0,0,0,0,1
,Sacramento St.,Sacramento St.,,,,,,,,,,,,,,,,,,,,,,,,,,,,,,,,,,,,,,,,,,,,,,FALSE, , , , , , , , , , , , , , , , 
Sacred Heart,,,,,,,,,0,0,,,,,,,,,,,,,,,,,,,,,,,,,,,,0,,,,,,,,,,,0,0,0,0,0,0,0,0,0,0,0,0,0,0,0,1
,Sacred Heart,Sacred Heart,,,,,,,,,,,,,,,,,,,,,,,,,,,,,,,,,,,,,,,,,,,,,,FALSE, , , , , , , , , , , , , , , , 
Saint Francis,,,,,,,,,0,0,,,,,,,,,,,,,,,,,,,,,,,,,,,,0,,,,,,,,,,,0,0,0,0,0,0,0,0,0,0,0,0,0,0,0,1
,Saint Francis,Saint Francis,,,,,,,,,,,,,,,,,,,,,,,,,,,,,,,,,,,,,,,,,,,,,,FALSE, , , , , , , , , , , , , , , , 
Saint Joseph's,,,,,,,,,0,0,,,,,,,,,,,,,,,,,,,,,,,,,,,,0,,,,,,,,,,,0,0,0,0,0,0,0,0,0,0,0,0,0,0,0,1
,Saint Joseph's,Saint Joseph's,,,,,,,,,,,,,,,,,,,,,,,,,,,,,,,,,,,,,,,,,,,,,,FALSE, , , , , , , , , , , , , , , , 
Saint Louis,,,,,,,,,0,0,,,,,,,,,,,,,,,,,,,,,,,,,,,,0,,,,,,,,,,,0,0,0,0,0,0,0,0,0,0,0,0,0,0,0,1
,Saint Louis,Saint Louis,,,,,,,,,,,,,,,,,,,,,,,,,,,,,,,,,,,,,,,,,,,,,,FALSE, , , , , , , , , , , , , , , , 
Saint Mary's,,,,,,,,,0,0,,,,,,,,,,,,,,,,,,,,,,,,,,,,0,,,,,,,,,,,0,0,0,0,0,0,0,0,0,0,0,0,0,0,0,1
,Saint Mary's,Saint Mary's,,,,,,,,,,,,,,,,,,,,,,,,,,,,,,,,,,,,,,,,,,,,,,FALSE, , , , , , , , , , , , , , , , 
Saint Peter's,,,,,,,,,0,0,,,,,,,,,,,,,,,,,,,,,,,,,,,,0,,,,,,,,,,,0,0,0,0,0,0,0,0,0,0,0,0,0,0,0,1
,Saint Peter's,Saint Peter's,,,,,,,,,,,,,,,,,,,,,,,,,,,,,,,,,,,,,,,,,,,,,,FALSE, , , , , , , , , , , , , , , , 
Sam Houston St.,,,,,,,,,0,0,,,,,,,,,,,,,,,,,,,,,,,,,,,,0,,,,,,,,,,,0,0,0,0,0,0,0,0,0,0,0,0,0,0,0,1
,Sam Houston St.,Sam Houston St.,,,,,,,,,,,,,,,,,,,,,,,,,,,,,,,,,,,,,,,,,,,,,,FALSE, , , , , , , , , , , , , , , , 
Samford,,,,,,,,,0,0,,,,,,,,,,,,,,,,,,,,,,,,,,,,0,,,,,,,,,,,0,0,0,0,0,0,0,0,0,0,0,0,0,0,0,1
,Samford,Samford,,,,,,,,,,,,,,,,,,,,,,,,,,,,,,,,,,,,,,,,,,,,,,FALSE, , , , , , , , , , , , , , , , 
San Diego,,,,,,,,,0,0,,,,,,,,,,,,,,,,,,,,,,,,,,,,0,,,,,,,,,,,0,0,0,0,0,0,0,0,0,0,0,0,0,0,0,1
,San Diego,San Diego,,,,,,,,,,,,,,,,,,,,,,,,,,,,,,,,,,,,,,,,,,,,,,FALSE, , , , , , , , , , , , , , , , 
San Diego St.,,,,,,,,,0,0,,,,,,,,,,,,,,,,,,,,,,,,,,,,0,,,,,,,,,,,0,0,0,0,0,0,0,0,0,0,0,0,0,0,0,1
,San Diego St.,San Diego St.,,,,,,,,,,,,,,,,,,,,,,,,,,,,,,,,,,,,,,,,,,,,,,FALSE, , , , , , , , , , , , , , , , 
San Francisco,,,,,,,,,0,0,,,,,,,,,,,,,,,,,,,,,,,,,,,,0,,,,,,,,,,,0,0,0,0,0,0,0,0,0,0,0,0,0,0,0,1
,San Francisco,San Francisco,,,,,,,,,,,,,,,,,,,,,,,,,,,,,,,,,,,,,,,,,,,,,,FALSE, , , , , , , , , , , , , , , , 
San Jose St.,,,,,,,,,0,0,,,,,,,,,,,,,,,,,,,,,,,,,,,,0,,,,,,,,,,,0,0,0,0,0,0,0,0,0,0,0,0,0,0,0,1
,San Jose St.,San Jose St.,,,,,,,,,,,,,,,,,,,,,,,,,,,,,,,,,,,,,,,,,,,,,,FALSE, , , , , , , , , , , , , , , , 
Santa Clara,,,,,,,,,0,0,,,,,,,,,,,,,,,,,,,,,,,,,,,,0,,,,,,,,,,,0,0,0,0,0,0,0,0,0,0,0,0,0,0,0,1
,Santa Clara,Santa Clara,,,,,,,,,,,,,,,,,,,,,,,,,,,,,,,,,,,,,,,,,,,,,,FALSE, , , , , , , , , , , , , , , , 
Seattle,,,,,,,,,0,0,,,,,,,,,,,,,,,,,,,,,,,,,,,,0,,,,,,,,,,,0,0,0,0,0,0,0,0,0,0,0,0,0,0,0,1
,Seattle,Seattle,,,,,,,,,,,,,,,,,,,,,,,,,,,,,,,,,,,,,,,,,,,,,,FALSE, , , , , , , , , , , , , , , , 
Seton Hall,,,,,,,,,0,0,,,,,,,,,,,,,,,,,,,,,,,,,,,,0,,,,,,,,,,,0,0,0,0,0,0,0,0,0,0,0,0,0,0,0,1
,Seton Hall,Seton Hall,,,,,,,,,,,,,,,,,,,,,,,,,,,,,,,,,,,,,,,,,,,,,,FALSE, , , , , , , , , , , , , , , , 
Siena,,,,,,,,,0,0,,,,,,,,,,,,,,,,,,,,,,,,,,,,0,,,,,,,,,,,0,0,0,0,0,0,0,0,0,0,0,0,0,0,0,1
,Siena,Siena,,,,,,,,,,,,,,,,,,,,,,,,,,,,,,,,,,,,,,,,,,,,,,FALSE, , , , , , , , , , , , , , , , 
SIU Edwardsville,,,,,,,,,0,0,,,,,,,,,,,,,,,,,,,,,,,,,,,,0,,,,,,,,,,,0,0,0,0,0,0,0,0,0,0,0,0,0,0,0,1
,SIU Edwardsville,SIU Edwardsville,,,,,,,,,,,,,,,,,,,,,,,,,,,,,,,,,,,,,,,,,,,,,,FALSE, , , , , , , , , , , , , , , , 
SMU,,,,,,,,,0,0,,,,,,,,,,,,,,,,,,,,,,,,,,,,0,,,,,,,,,,,0,0,0,0,0,0,0,0,0,0,0,0,0,0,0,1
,SMU,SMU,,,,,,,,,,,,,,,,,,,,,,,,,,,,,,,,,,,,,,,,,,,,,,FALSE, , , , , , , , , , , , , , , , 
South Alabama,,,,,,,,,0,0,,,,,,,,,,,,,,,,,,,,,,,,,,,,0,,,,,,,,,,,0,0,0,0,0,0,0,0,0,0,0,0,0,0,0,1
,South Alabama,South Alabama,,,,,,,,,,,,,,,,,,,,,,,,,,,,,,,,,,,,,,,,,,,,,,FALSE, , , , , , , , , , , , , , , , 
South Carolina,,,,,,,,,0,0,,,,,,,,,,,,,,,,,,,,,,,,,,,,0,,,,,,,,,,,0,0,0,0,0,0,0,0,0,0,0,0,0,0,0,1
,South Carolina,South Carolina,,,,,,,,,,,,,,,,,,,,,,,,,,,,,,,,,,,,,,,,,,,,,,FALSE, , , , , , , , , , , , , , , , 
South Carolina St.,,,,,,,,,0,0,,,,,,,,,,,,,,,,,,,,,,,,,,,,0,,,,,,,,,,,0,0,0,0,0,0,0,0,0,0,0,0,0,0,0,1
,South Carolina St.,South Carolina St.,,,,,,,,,,,,,,,,,,,,,,,,,,,,,,,,,,,,,,,,,,,,,,FALSE, , , , , , , , , , , , , , , , 
South Dakota,,,,,,,,,0,0,,,,,,,,,,,,,,,,,,,,,,,,,,,,0,,,,,,,,,,,0,0,0,0,0,0,0,0,0,0,0,0,0,0,0,1
,South Dakota,South Dakota,,,,,,,,,,,,,,,,,,,,,,,,,,,,,,,,,,,,,,,,,,,,,,FALSE, , , , , , , , , , , , , , , , 
South Dakota St.,,,,,,,,,0,0,,,,,,,,,,,,,,,,,,,,,,,,,,,,0,,,,,,,,,,,0,0,0,0,0,0,0,0,0,0,0,0,0,0,0,1
,South Dakota St.,South Dakota St.,,,,,,,,,,,,,,,,,,,,,,,,,,,,,,,,,,,,,,,,,,,,,,FALSE, , , , , , , , , , , , , , , , 
South Florida,,,,,,,,,0,0,,,,,,,,,,,,,,,,,,,,,,,,,,,,0,,,,,,,,,,,0,0,0,0,0,0,0,0,0,0,0,0,0,0,0,1
,South Florida,South Florida,,,,,,,,,,,,,,,,,,,,,,,,,,,,,,,,,,,,,,,,,,,,,,FALSE, , , , , , , , , , , , , , , , 
Southeast Missouri St.,,,,,,,,,0,0,,,,,,,,,,,,,,,,,,,,,,,,,,,,0,,,,,,,,,,,0,0,0,0,0,0,0,0,0,0,0,0,0,0,0,1
,Southeast Missouri St.,Southeast Missouri St.,,,,,,,,,,,,,,,,,,,,,,,,,,,,,,,,,,,,,,,,,,,,,,FALSE, , , , , , , , , , , , , , , , 
Southeastern Louisiana,,,,,,,,,0,0,,,,,,,,,,,,,,,,,,,,,,,,,,,,0,,,,,,,,,,,0,0,0,0,0,0,0,0,0,0,0,0,0,0,0,1
,Southeastern Louisiana,Southeastern Louisiana,,,,,,,,,,,,,,,,,,,,,,,,,,,,,,,,,,,,,,,,,,,,,,FALSE, , , , , , , , , , , , , , , , 
Southern,,,,,,,,,0,0,,,,,,,,,,,,,,,,,,,,,,,,,,,,0,,,,,,,,,,,0,0,0,0,0,0,0,0,0,0,0,0,0,0,0,1
,Southern,Southern,,,,,,,,,,,,,,,,,,,,,,,,,,,,,,,,,,,,,,,,,,,,,,FALSE, , , , , , , , , , , , , , , , 
Southern Illinois,,,,,,,,,0,0,,,,,,,,,,,,,,,,,,,,,,,,,,,,0,,,,,,,,,,,0,0,0,0,0,0,0,0,0,0,0,0,0,0,0,1
,Southern Illinois,Southern Illinois,,,,,,,,,,,,,,,,,,,,,,,,,,,,,,,,,,,,,,,,,,,,,,FALSE, , , , , , , , , , , , , , , , 
Southern Indiana,,,,,,,,,0,0,,,,,,,,,,,,,,,,,,,,,,,,,,,,0,,,,,,,,,,,0,0,0,0,0,0,0,0,0,0,0,0,0,0,0,1
,Southern Indiana,Southern Indiana,,,,,,,,,,,,,,,,,,,,,,,,,,,,,,,,,,,,,,,,,,,,,,FALSE, , , , , , , , , , , , , , , , 
Southern Miss,,,,,,,,,0,0,,,,,,,,,,,,,,,,,,,,,,,,,,,,0,,,,,,,,,,,0,0,0,0,0,0,0,0,0,0,0,0,0,0,0,1
,Southern Miss,Southern Miss,,,,,,,,,,,,,,,,,,,,,,,,,,,,,,,,,,,,,,,,,,,,,,FALSE, , , , , , , , , , , , , , , , 
Southern Utah,,,,,,,,,0,0,,,,,,,,,,,,,,,,,,,,,,,,,,,,0,,,,,,,,,,,0,0,0,0,0,0,0,0,0,0,0,0,0,0,0,1
,Southern Utah,Southern Utah,,,,,,,,,,,,,,,,,,,,,,,,,,,,,,,,,,,,,,,,,,,,,,FALSE, , , , , , , , , , , , , , , , 
St. Bonaventure,,,,,,,,,0,0,,,,,,,,,,,,,,,,,,,,,,,,,,,,0,,,,,,,,,,,0,0,0,0,0,0,0,0,0,0,0,0,0,0,0,1
,St. Bonaventure,St. Bonaventure,,,,,,,,,,,,,,,,,,,,,,,,,,,,,,,,,,,,,,,,,,,,,,FALSE, , , , , , , , , , , , , , , , 
St. John's,,,,,,,,,0,0,,,,,,,,,,,,,,,,,,,,,,,,,,,,0,,,,,,,,,,,0,0,0,0,0,0,0,0,0,0,0,0,0,0,0,1
,St. John's,St. John's,,,,,,,,,,,,,,,,,,,,,,,,,,,,,,,,,,,,,,,,,,,,,,FALSE, , , , , , , , , , , , , , , , 
St. Thomas,,,,,,,,,0,0,,,,,,,,,,,,,,,,,,,,,,,,,,,,0,,,,,,,,,,,0,0,0,0,0,0,0,0,0,0,0,0,0,0,0,1
,St. Thomas,St. Thomas,,,,,,,,,,,,,,,,,,,,,,,,,,,,,,,,,,,,,,,,,,,,,,FALSE, , , , , , , , , , , , , , , , 
Stanford,,,,,,,,,0,0,,,,,,,,,,,,,,,,,,,,,,,,,,,,0,,,,,,,,,,,0,0,0,0,0,0,0,0,0,0,0,0,0,0,0,1
,Stanford,Stanford,,,,,,,,,,,,,,,,,,,,,,,,,,,,,,,,,,,,,,,,,,,,,,FALSE, , , , , , , , , , , , , , , , 
Stephen F. Austin,,,,,,,,,0,0,,,,,,,,,,,,,,,,,,,,,,,,,,,,0,,,,,,,,,,,0,0,0,0,0,0,0,0,0,0,0,0,0,0,0,1
,Stephen F. Austin,Stephen F. Austin,,,,,,,,,,,,,,,,,,,,,,,,,,,,,,,,,,,,,,,,,,,,,,FALSE, , , , , , , , , , , , , , , , 
Stetson,,,,,,,,,0,0,,,,,,,,,,,,,,,,,,,,,,,,,,,,0,,,,,,,,,,,0,0,0,0,0,0,0,0,0,0,0,0,0,0,0,1
,Stetson,Stetson,,,,,,,,,,,,,,,,,,,,,,,,,,,,,,,,,,,,,,,,,,,,,,FALSE, , , , , , , , , , , , , , , , 
Stonehill,,,,,,,,,0,0,,,,,,,,,,,,,,,,,,,,,,,,,,,,0,,,,,,,,,,,0,0,0,0,0,0,0,0,0,0,0,0,0,0,0,1
,Stonehill,Stonehill,,,,,,,,,,,,,,,,,,,,,,,,,,,,,,,,,,,,,,,,,,,,,,FALSE, , , , , , , , , , , , , , , , 
Stony Brook,,,,,,,,,0,0,,,,,,,,,,,,,,,,,,,,,,,,,,,,0,,,,,,,,,,,0,0,0,0,0,0,0,0,0,0,0,0,0,0,0,1
,Stony Brook,Stony Brook,,,,,,,,,,,,,,,,,,,,,,,,,,,,,,,,,,,,,,,,,,,,,,FALSE, , , , , , , , , , , , , , , , 
Syracuse,,,,,,,,,0,0,,,,,,,,,,,,,,,,,,,,,,,,,,,,0,,,,,,,,,,,0,0,0,0,0,0,0,0,0,0,0,0,0,0,0,1
,Syracuse,Syracuse,,,,,,,,,,,,,,,,,,,,,,,,,,,,,,,,,,,,,,,,,,,,,,FALSE, , , , , , , , , , , , , , , , 
Tarleton St.,,,,,,,,,0,0,,,,,,,,,,,,,,,,,,,,,,,,,,,,0,,,,,,,,,,,0,0,0,0,0,0,0,0,0,0,0,0,0,0,0,1
,Tarleton St.,Tarleton St.,,,,,,,,,,,,,,,,,,,,,,,,,,,,,,,,,,,,,,,,,,,,,,FALSE, , , , , , , , , , , , , , , , 
TCU,,,,,,,,,0,0,,,,,,,,,,,,,,,,,,,,,,,,,,,,0,,,,,,,,,,,0,0,0,0,0,0,0,0,0,0,0,0,0,0,0,1
,TCU,TCU,,,,,,,,,,,,,,,,,,,,,,,,,,,,,,,,,,,,,,,,,,,,,,FALSE, , , , , , , , , , , , , , , , 
Temple,,,,,,,,,0,0,,,,,,,,,,,,,,,,,,,,,,,,,,,,0,,,,,,,,,,,0,0,0,0,0,0,0,0,0,0,0,0,0,0,0,1
,Temple,Temple,,,,,,,,,,,,,,,,,,,,,,,,,,,,,,,,,,,,,,,,,,,,,,FALSE, , , , , , , , , , , , , , , , 
Tennessee,,,,,,,,,0,0,,,,,,,,,,,,,,,,,,,,,,,,,,,,0,,,,,,,,,,,0,0,0,0,0,0,0,0,0,0,0,0,0,0,0,1
,Tennessee,Tennessee,,,,,,,,,,,,,,,,,,,,,,,,,,,,,,,,,,,,,,,,,,,,,,FALSE, , , , , , , , , , , , , , , , 
Tennessee Martin,,,,,,,,,0,0,,,,,,,,,,,,,,,,,,,,,,,,,,,,0,,,,,,,,,,,0,0,0,0,0,0,0,0,0,0,0,0,0,0,0,1
,Tennessee Martin,Tennessee Martin,,,,,,,,,,,,,,,,,,,,,,,,,,,,,,,,,,,,,,,,,,,,,,FALSE, , , , , , , , , , , , , , , , 
Tennessee St.,,,,,,,,,0,0,,,,,,,,,,,,,,,,,,,,,,,,,,,,0,,,,,,,,,,,0,0,0,0,0,0,0,0,0,0,0,0,0,0,0,1
,Tennessee St.,Tennessee St.,,,,,,,,,,,,,,,,,,,,,,,,,,,,,,,,,,,,,,,,,,,,,,FALSE, , , , , , , , , , , , , , , , 
Tennessee Tech,,,,,,,,,0,0,,,,,,,,,,,,,,,,,,,,,,,,,,,,0,,,,,,,,,,,0,0,0,0,0,0,0,0,0,0,0,0,0,0,0,1
,Tennessee Tech,Tennessee Tech,,,,,,,,,,,,,,,,,,,,,,,,,,,,,,,,,,,,,,,,,,,,,,FALSE, , , , , , , , , , , , , , , , 
Texas,,,,,,,,,0,0,,,,,,,,,,,,,,,,,,,,,,,,,,,,0,,,,,,,,,,,0,0,0,0,0,0,0,0,0,0,0,0,0,0,0,1
,Texas,Texas,,,,,,,,,,,,,,,,,,,,,,,,,,,,,,,,,,,,,,,,,,,,,,FALSE, , , , , , , , , , , , , , , , 
Texas A&M,,,,,,,,,0,0,,,,,,,,,,,,,,,,,,,,,,,,,,,,0,,,,,,,,,,,0,0,0,0,0,0,0,0,0,0,0,0,0,0,0,1
,Texas A&M,Texas A&M,,,,,,,,,,,,,,,,,,,,,,,,,,,,,,,,,,,,,,,,,,,,,,FALSE, , , , , , , , , , , , , , , , 
Texas A&M Corpus Chris,,,,,,,,,0,0,,,,,,,,,,,,,,,,,,,,,,,,,,,,0,,,,,,,,,,,0,0,0,0,0,0,0,0,0,0,0,0,0,0,0,1
,Texas A&M Corpus Chris,Texas A&M Corpus Chris,,,,,,,,,,,,,,,,,,,,,,,,,,,,,,,,,,,,,,,,,,,,,,FALSE, , , , , , , , , , , , , , , , 
Texas Southern,,,,,,,,,0,0,,,,,,,,,,,,,,,,,,,,,,,,,,,,0,,,,,,,,,,,0,0,0,0,0,0,0,0,0,0,0,0,0,0,0,1
,Texas Southern,Texas Southern,,,,,,,,,,,,,,,,,,,,,,,,,,,,,,,,,,,,,,,,,,,,,,FALSE, , , , , , , , , , , , , , , , 
Texas St.,,,,,,,,,0,0,,,,,,,,,,,,,,,,,,,,,,,,,,,,0,,,,,,,,,,,0,0,0,0,0,0,0,0,0,0,0,0,0,0,0,1
,Texas St.,Texas St.,,,,,,,,,,,,,,,,,,,,,,,,,,,,,,,,,,,,,,,,,,,,,,FALSE, , , , , , , , , , , , , , , , 
Texas Tech,,,,,,,,,0,0,,,,,,,,,,,,,,,,,,,,,,,,,,,,0,,,,,,,,,,,0,0,0,0,0,0,0,0,0,0,0,0,0,0,0,1
,Texas Tech,Texas Tech,,,,,,,,,,,,,,,,,,,,,,,,,,,,,,,,,,,,,,,,,,,,,,FALSE, , , , , , , , , , , , , , , , 
The Citadel,,,,,,,,,0,0,,,,,,,,,,,,,,,,,,,,,,,,,,,,0,,,,,,,,,,,0,0,0,0,0,0,0,0,0,0,0,0,0,0,0,1
,The Citadel,The Citadel,,,,,,,,,,,,,,,,,,,,,,,,,,,,,,,,,,,,,,,,,,,,,,FALSE, , , , , , , , , , , , , , , , 
Toledo,,,,,,,,,0,0,,,,,,,,,,,,,,,,,,,,,,,,,,,,0,,,,,,,,,,,0,0,0,0,0,0,0,0,0,0,0,0,0,0,0,1
,Toledo,Toledo,,,,,,,,,,,,,,,,,,,,,,,,,,,,,,,,,,,,,,,,,,,,,,FALSE, , , , , , , , , , , , , , , , 
Towson,,,,,,,,,0,0,,,,,,,,,,,,,,,,,,,,,,,,,,,,0,,,,,,,,,,,0,0,0,0,0,0,0,0,0,0,0,0,0,0,0,1
,Towson,Towson,,,,,,,,,,,,,,,,,,,,,,,,,,,,,,,,,,,,,,,,,,,,,,FALSE, , , , , , , , , , , , , , , , 
Troy,,,,,,,,,0,0,,,,,,,,,,,,,,,,,,,,,,,,,,,,0,,,,,,,,,,,0,0,0,0,0,0,0,0,0,0,0,0,0,0,0,1
,Troy,Troy,,,,,,,,,,,,,,,,,,,,,,,,,,,,,,,,,,,,,,,,,,,,,,FALSE, , , , , , , , , , , , , , , , 
Tulane,,,,,,,,,0,0,,,,,,,,,,,,,,,,,,,,,,,,,,,,0,,,,,,,,,,,0,0,0,0,0,0,0,0,0,0,0,0,0,0,0,1
,Tulane,Tulane,,,,,,,,,,,,,,,,,,,,,,,,,,,,,,,,,,,,,,,,,,,,,,FALSE, , , , , , , , , , , , , , , , 
Tulsa,,,,,,,,,0,0,,,,,,,,,,,,,,,,,,,,,,,,,,,,0,,,,,,,,,,,0,0,0,0,0,0,0,0,0,0,0,0,0,0,0,1
,Tulsa,Tulsa,,,,,,,,,,,,,,,,,,,,,,,,,,,,,,,,,,,,,,,,,,,,,,FALSE, , , , , , , , , , , , , , , , 
UAB,,,,,,,,,0,0,,,,,,,,,,,,,,,,,,,,,,,,,,,,0,,,,,,,,,,,0,0,0,0,0,0,0,0,0,0,0,0,0,0,0,1
,UAB,UAB,,,,,,,,,,,,,,,,,,,,,,,,,,,,,,,,,,,,,,,,,,,,,,FALSE, , , , , , , , , , , , , , , , 
UC Davis,,,,,,,,,0,0,,,,,,,,,,,,,,,,,,,,,,,,,,,,0,,,,,,,,,,,0,0,0,0,0,0,0,0,0,0,0,0,0,0,0,1
,UC Davis,UC Davis,,,,,,,,,,,,,,,,,,,,,,,,,,,,,,,,,,,,,,,,,,,,,,FALSE, , , , , , , , , , , , , , , , 
UC Irvine,,,,,,,,,0,0,,,,,,,,,,,,,,,,,,,,,,,,,,,,0,,,,,,,,,,,0,0,0,0,0,0,0,0,0,0,0,0,0,0,0,1
,UC Irvine,UC Irvine,,,,,,,,,,,,,,,,,,,,,,,,,,,,,,,,,,,,,,,,,,,,,,FALSE, , , , , , , , , , , , , , , , 
UC Riverside,,,,,,,,,0,0,,,,,,,,,,,,,,,,,,,,,,,,,,,,0,,,,,,,,,,,0,0,0,0,0,0,0,0,0,0,0,0,0,0,0,1
,UC Riverside,UC Riverside,,,,,,,,,,,,,,,,,,,,,,,,,,,,,,,,,,,,,,,,,,,,,,FALSE, , , , , , , , , , , , , , , , 
UC San Diego,,,,,,,,,0,0,,,,,,,,,,,,,,,,,,,,,,,,,,,,0,,,,,,,,,,,0,0,0,0,0,0,0,0,0,0,0,0,0,0,0,1
,UC San Diego,UC San Diego,,,,,,,,,,,,,,,,,,,,,,,,,,,,,,,,,,,,,,,,,,,,,,FALSE, , , , , , , , , , , , , , , , 
UC Santa Barbara,,,,,,,,,0,0,,,,,,,,,,,,,,,,,,,,,,,,,,,,0,,,,,,,,,,,0,0,0,0,0,0,0,0,0,0,0,0,0,0,0,1
,UC Santa Barbara,UC Santa Barbara,,,,,,,,,,,,,,,,,,,,,,,,,,,,,,,,,,,,,,,,,,,,,,FALSE, , , , , , , , , , , , , , , , 
UCF,,,,,,,,,0,0,,,,,,,,,,,,,,,,,,,,,,,,,,,,0,,,,,,,,,,,0,0,0,0,0,0,0,0,0,0,0,0,0,0,0,1
,UCF,UCF,,,,,,,,,,,,,,,,,,,,,,,,,,,,,,,,,,,,,,,,,,,,,,FALSE, , , , , , , , , , , , , , , , 
UCLA,,,,,,,,,0,0,,,,,,,,,,,,,,,,,,,,,,,,,,,,0,,,,,,,,,,,0,0,0,0,0,0,0,0,0,0,0,0,0,0,0,1
,UCLA,UCLA,,,,,,,,,,,,,,,,,,,,,,,,,,,,,,,,,,,,,,,,,,,,,,FALSE, , , , , , , , , , , , , , , , 
UMass Lowell,,,,,,,,,0,0,,,,,,,,,,,,,,,,,,,,,,,,,,,,0,,,,,,,,,,,0,0,0,0,0,0,0,0,0,0,0,0,0,0,0,1
,UMass Lowell,UMass Lowell,,,,,,,,,,,,,,,,,,,,,,,,,,,,,,,,,,,,,,,,,,,,,,FALSE, , , , , , , , , , , , , , , , 
UMBC,,,,,,,,,0,0,,,,,,,,,,,,,,,,,,,,,,,,,,,,0,,,,,,,,,,,0,0,0,0,0,0,0,0,0,0,0,0,0,0,0,1
,UMBC,UMBC,,,,,,,,,,,,,,,,,,,,,,,,,,,,,,,,,,,,,,,,,,,,,,FALSE, , , , , , , , , , , , , , , , 
UMKC,,,,,,,,,0,0,,,,,,,,,,,,,,,,,,,,,,,,,,,,0,,,,,,,,,,,0,0,0,0,0,0,0,0,0,0,0,0,0,0,0,1
,UMKC,UMKC,,,,,,,,,,,,,,,,,,,,,,,,,,,,,,,,,,,,,,,,,,,,,,FALSE, , , , , , , , , , , , , , , , 
UNC Asheville,,,,,,,,,0,0,,,,,,,,,,,,,,,,,,,,,,,,,,,,0,,,,,,,,,,,0,0,0,0,0,0,0,0,0,0,0,0,0,0,0,1
,UNC Asheville,UNC Asheville,,,,,,,,,,,,,,,,,,,,,,,,,,,,,,,,,,,,,,,,,,,,,,FALSE, , , , , , , , , , , , , , , , 
UNC Greensboro,,,,,,,,,0,0,,,,,,,,,,,,,,,,,,,,,,,,,,,,0,,,,,,,,,,,0,0,0,0,0,0,0,0,0,0,0,0,0,0,0,1
,UNC Greensboro,UNC Greensboro,,,,,,,,,,,,,,,,,,,,,,,,,,,,,,,,,,,,,,,,,,,,,,FALSE, , , , , , , , , , , , , , , , 
UNC Wilmington,,,,,,,,,0,0,,,,,,,,,,,,,,,,,,,,,,,,,,,,0,,,,,,,,,,,0,0,0,0,0,0,0,0,0,0,0,0,0,0,0,1
,UNC Wilmington,UNC Wilmington,,,,,,,,,,,,,,,,,,,,,,,,,,,,,,,,,,,,,,,,,,,,,,FALSE, , , , , , , , , , , , , , , , 
UNLV,,,,,,,,,0,0,,,,,,,,,,,,,,,,,,,,,,,,,,,,0,,,,,,,,,,,0,0,0,0,0,0,0,0,0,0,0,0,0,0,0,1
,UNLV,UNLV,,,,,,,,,,,,,,,,,,,,,,,,,,,,,,,,,,,,,,,,,,,,,,FALSE, , , , , , , , , , , , , , , , 
USC,,,,,,,,,0,0,,,,,,,,,,,,,,,,,,,,,,,,,,,,0,,,,,,,,,,,0,0,0,0,0,0,0,0,0,0,0,0,0,0,0,1
,USC,USC,,,,,,,,,,,,,,,,,,,,,,,,,,,,,,,,,,,,,,,,,,,,,,FALSE, , , , , , , , , , , , , , , , 
USC Upstate,,,,,,,,,0,0,,,,,,,,,,,,,,,,,,,,,,,,,,,,0,,,,,,,,,,,0,0,0,0,0,0,0,0,0,0,0,0,0,0,0,1
,USC Upstate,USC Upstate,,,,,,,,,,,,,,,,,,,,,,,,,,,,,,,,,,,,,,,,,,,,,,FALSE, , , , , , , , , , , , , , , , 
UT Arlington,,,,,,,,,0,0,,,,,,,,,,,,,,,,,,,,,,,,,,,,0,,,,,,,,,,,0,0,0,0,0,0,0,0,0,0,0,0,0,0,0,1
,UT Arlington,UT Arlington,,,,,,,,,,,,,,,,,,,,,,,,,,,,,,,,,,,,,,,,,,,,,,FALSE, , , , , , , , , , , , , , , , 
UT Rio Grande Valley,,,,,,,,,0,0,,,,,,,,,,,,,,,,,,,,,,,,,,,,0,,,,,,,,,,,0,0,0,0,0,0,0,0,0,0,0,0,0,0,0,1
,UT Rio Grande Valley,UT Rio Grande Valley,,,,,,,,,,,,,,,,,,,,,,,,,,,,,,,,,,,,,,,,,,,,,,FALSE, , , , , , , , , , , , , , , , 
Utah,,,,,,,,,0,0,,,,,,,,,,,,,,,,,,,,,,,,,,,,0,,,,,,,,,,,0,0,0,0,0,0,0,0,0,0,0,0,0,0,0,1
,Utah,Utah,,,,,,,,,,,,,,,,,,,,,,,,,,,,,,,,,,,,,,,,,,,,,,FALSE, , , , , , , , , , , , , , , , 
Utah St.,,,,,,,,,0,0,,,,,,,,,,,,,,,,,,,,,,,,,,,,0,,,,,,,,,,,0,0,0,0,0,0,0,0,0,0,0,0,0,0,0,1
,Utah St.,Utah St.,,,,,,,,,,,,,,,,,,,,,,,,,,,,,,,,,,,,,,,,,,,,,,FALSE, , , , , , , , , , , , , , , , 
Utah Tech,,,,,,,,,0,0,,,,,,,,,,,,,,,,,,,,,,,,,,,,0,,,,,,,,,,,0,0,0,0,0,0,0,0,0,0,0,0,0,0,0,1
,Utah Tech,Utah Tech,,,,,,,,,,,,,,,,,,,,,,,,,,,,,,,,,,,,,,,,,,,,,,FALSE, , , , , , , , , , , , , , , , 
Utah Valley,,,,,,,,,0,0,,,,,,,,,,,,,,,,,,,,,,,,,,,,0,,,,,,,,,,,0,0,0,0,0,0,0,0,0,0,0,0,0,0,0,1
,Utah Valley,Utah Valley,,,,,,,,,,,,,,,,,,,,,,,,,,,,,,,,,,,,,,,,,,,,,,FALSE, , , , , , , , , , , , , , , , 
UTEP,,,,,,,,,0,0,,,,,,,,,,,,,,,,,,,,,,,,,,,,0,,,,,,,,,,,0,0,0,0,0,0,0,0,0,0,0,0,0,0,0,1
,UTEP,UTEP,,,,,,,,,,,,,,,,,,,,,,,,,,,,,,,,,,,,,,,,,,,,,,FALSE, , , , , , , , , , , , , , , , 
UTSA,,,,,,,,,0,0,,,,,,,,,,,,,,,,,,,,,,,,,,,,0,,,,,,,,,,,0,0,0,0,0,0,0,0,0,0,0,0,0,0,0,1
,UTSA,UTSA,,,,,,,,,,,,,,,,,,,,,,,,,,,,,,,,,,,,,,,,,,,,,,FALSE, , , , , , , , , , , , , , , , 
Valparaiso,,,,,,,,,0,0,,,,,,,,,,,,,,,,,,,,,,,,,,,,0,,,,,,,,,,,0,0,0,0,0,0,0,0,0,0,0,0,0,0,0,1
,Valparaiso,Valparaiso,,,,,,,,,,,,,,,,,,,,,,,,,,,,,,,,,,,,,,,,,,,,,,FALSE, , , , , , , , , , , , , , , , 
Vanderbilt,,,,,,,,,0,0,,,,,,,,,,,,,,,,,,,,,,,,,,,,0,,,,,,,,,,,0,0,0,0,0,0,0,0,0,0,0,0,0,0,0,1
,Vanderbilt,Vanderbilt,,,,,,,,,,,,,,,,,,,,,,,,,,,,,,,,,,,,,,,,,,,,,,FALSE, , , , , , , , , , , , , , , , 
VCU,,,,,,,,,0,0,,,,,,,,,,,,,,,,,,,,,,,,,,,,0,,,,,,,,,,,0,0,0,0,0,0,0,0,0,0,0,0,0,0,0,1
,VCU,VCU,,,,,,,,,,,,,,,,,,,,,,,,,,,,,,,,,,,,,,,,,,,,,,FALSE, , , , , , , , , , , , , , , , 
Vermont,,,,,,,,,0,0,,,,,,,,,,,,,,,,,,,,,,,,,,,,0,,,,,,,,,,,0,0,0,0,0,0,0,0,0,0,0,0,0,0,0,1
,Vermont,Vermont,,,,,,,,,,,,,,,,,,,,,,,,,,,,,,,,,,,,,,,,,,,,,,FALSE, , , , , , , , , , , , , , , , 
Villanova,,,,,,,,,0,0,,,,,,,,,,,,,,,,,,,,,,,,,,,,0,,,,,,,,,,,0,0,0,0,0,0,0,0,0,0,0,0,0,0,0,1
,Villanova,Villanova,,,,,,,,,,,,,,,,,,,,,,,,,,,,,,,,,,,,,,,,,,,,,,FALSE, , , , , , , , , , , , , , , , 
Virginia,,,,,,,,,0,0,,,,,,,,,,,,,,,,,,,,,,,,,,,,0,,,,,,,,,,,0,0,0,0,0,0,0,0,0,0,0,0,0,0,0,1
,Virginia,Virginia,,,,,,,,,,,,,,,,,,,,,,,,,,,,,,,,,,,,,,,,,,,,,,FALSE, , , , , , , , , , , , , , , , 
Virginia Tech,,,,,,,,,0,0,,,,,,,,,,,,,,,,,,,,,,,,,,,,0,,,,,,,,,,,0,0,0,0,0,0,0,0,0,0,0,0,0,0,0,1
,Virginia Tech,Virginia Tech,,,,,,,,,,,,,,,,,,,,,,,,,,,,,,,,,,,,,,,,,,,,,,FALSE, , , , , , , , , , , , , , , , 
VMI,,,,,,,,,0,0,,,,,,,,,,,,,,,,,,,,,,,,,,,,0,,,,,,,,,,,0,0,0,0,0,0,0,0,0,0,0,0,0,0,0,1
,VMI,VMI,,,,,,,,,,,,,,,,,,,,,,,,,,,,,,,,,,,,,,,,,,,,,,FALSE, , , , , , , , , , , , , , , , 
Wagner,,,,,,,,,0,0,,,,,,,,,,,,,,,,,,,,,,,,,,,,0,,,,,,,,,,,0,0,0,0,0,0,0,0,0,0,0,0,0,0,0,1
,Wagner,Wagner,,,,,,,,,,,,,,,,,,,,,,,,,,,,,,,,,,,,,,,,,,,,,,FALSE, , , , , , , , , , , , , , , , 
Wake Forest,,,,,,,,,0,0,,,,,,,,,,,,,,,,,,,,,,,,,,,,0,,,,,,,,,,,0,0,0,0,0,0,0,0,0,0,0,0,0,0,0,1
,Wake Forest,Wake Forest,,,,,,,,,,,,,,,,,,,,,,,,,,,,,,,,,,,,,,,,,,,,,,FALSE, , , , , , , , , , , , , , , , 
Washington,,,,,,,,,0,0,,,,,,,,,,,,,,,,,,,,,,,,,,,,0,,,,,,,,,,,0,0,0,0,0,0,0,0,0,0,0,0,0,0,0,1
,Washington,Washington,,,,,,,,,,,,,,,,,,,,,,,,,,,,,,,,,,,,,,,,,,,,,,FALSE, , , , , , , , , , , , , , , , 
Washington St.,,,,,,,,,0,0,,,,,,,,,,,,,,,,,,,,,,,,,,,,0,,,,,,,,,,,0,0,0,0,0,0,0,0,0,0,0,0,0,0,0,1
,Washington St.,Washington St.,,,,,,,,,,,,,,,,,,,,,,,,,,,,,,,,,,,,,,,,,,,,,,FALSE, , , , , , , , , , , , , , , , 
Weber St.,,,,,,,,,0,0,,,,,,,,,,,,,,,,,,,,,,,,,,,,0,,,,,,,,,,,0,0,0,0,0,0,0,0,0,0,0,0,0,0,0,1
,Weber St.,Weber St.,,,,,,,,,,,,,,,,,,,,,,,,,,,,,,,,,,,,,,,,,,,,,,FALSE, , , , , , , , , , , , , , , , 
West Georgia,,,,,,,,,0,0,,,,,,,,,,,,,,,,,,,,,,,,,,,,0,,,,,,,,,,,0,0,0,0,0,0,0,0,0,0,0,0,0,0,0,1
,West Georgia,West Georgia,,,,,,,,,,,,,,,,,,,,,,,,,,,,,,,,,,,,,,,,,,,,,,FALSE, , , , , , , , , , , , , , , , 
West Virginia,,,,,,,,,0,0,,,,,,,,,,,,,,,,,,,,,,,,,,,,0,,,,,,,,,,,0,0,0,0,0,0,0,0,0,0,0,0,0,0,0,1
,West Virginia,West Virginia,,,,,,,,,,,,,,,,,,,,,,,,,,,,,,,,,,,,,,,,,,,,,,FALSE, , , , , , , , , , , , , , , , 
Western Carolina,,,,,,,,,0,0,,,,,,,,,,,,,,,,,,,,,,,,,,,,0,,,,,,,,,,,0,0,0,0,0,0,0,0,0,0,0,0,0,0,0,1
,Western Carolina,Western Carolina,,,,,,,,,,,,,,,,,,,,,,,,,,,,,,,,,,,,,,,,,,,,,,FALSE, , , , , , , , , , , , , , , , 
Western Illinois,,,,,,,,,0,0,,,,,,,,,,,,,,,,,,,,,,,,,,,,0,,,,,,,,,,,0,0,0,0,0,0,0,0,0,0,0,0,0,0,0,1
,Western Illinois,Western Illinois,,,,,,,,,,,,,,,,,,,,,,,,,,,,,,,,,,,,,,,,,,,,,,FALSE, , , , , , , , , , , , , , , , 
Western Kentucky,,,,,,,,,0,0,,,,,,,,,,,,,,,,,,,,,,,,,,,,0,,,,,,,,,,,0,0,0,0,0,0,0,0,0,0,0,0,0,0,0,1
,Western Kentucky,Western Kentucky,,,,,,,,,,,,,,,,,,,,,,,,,,,,,,,,,,,,,,,,,,,,,,FALSE, , , , , , , , , , , , , , , , 
Western Michigan,,,,,,,,,0,0,,,,,,,,,,,,,,,,,,,,,,,,,,,,0,,,,,,,,,,,0,0,0,0,0,0,0,0,0,0,0,0,0,0,0,1
,Western Michigan,Western Michigan,,,,,,,,,,,,,,,,,,,,,,,,,,,,,,,,,,,,,,,,,,,,,,FALSE, , , , , , , , , , , , , , , , 
Wichita St.,,,,,,,,,0,0,,,,,,,,,,,,,,,,,,,,,,,,,,,,0,,,,,,,,,,,0,0,0,0,0,0,0,0,0,0,0,0,0,0,0,1
,Wichita St.,Wichita St.,,,,,,,,,,,,,,,,,,,,,,,,,,,,,,,,,,,,,,,,,,,,,,FALSE, , , , , , , , , , , , , , , , 
William & Mary,,,,,,,,,0,0,,,,,,,,,,,,,,,,,,,,,,,,,,,,0,,,,,,,,,,,0,0,0,0,0,0,0,0,0,0,0,0,0,0,0,1
,William & Mary,William & Mary,,,,,,,,,,,,,,,,,,,,,,,,,,,,,,,,,,,,,,,,,,,,,,FALSE, , , , , , , , , , , , , , , , 
Winthrop,,,,,,,,,0,0,,,,,,,,,,,,,,,,,,,,,,,,,,,,0,,,,,,,,,,,0,0,0,0,0,0,0,0,0,0,0,0,0,0,0,1
,Winthrop,Winthrop,,,,,,,,,,,,,,,,,,,,,,,,,,,,,,,,,,,,,,,,,,,,,,FALSE, , , , , , , , , , , , , , , , 
Wisconsin,,,,,,,,,0,0,,,,,,,,,,,,,,,,,,,,,,,,,,,,0,,,,,,,,,,,0,0,0,0,0,0,0,0,0,0,0,0,0,0,0,1
,Wisconsin,Wisconsin,,,,,,,,,,,,,,,,,,,,,,,,,,,,,,,,,,,,,,,,,,,,,,FALSE, , , , , , , , , , , , , , , , 
Wofford,,,,,,,,,0,0,,,,,,,,,,,,,,,,,,,,,,,,,,,,0,,,,,,,,,,,0,0,0,0,0,0,0,0,0,0,0,0,0,0,0,1
,Wofford,Wofford,,,,,,,,,,,,,,,,,,,,,,,,,,,,,,,,,,,,,,,,,,,,,,FALSE, , , , , , , , , , , , , , , , 
Wright St.,,,,,,,,,0,0,,,,,,,,,,,,,,,,,,,,,,,,,,,,0,,,,,,,,,,,0,0,0,0,0,0,0,0,0,0,0,0,0,0,0,1
,Wright St.,Wright St.,,,,,,,,,,,,,,,,,,,,,,,,,,,,,,,,,,,,,,,,,,,,,,FALSE, , , , , , , , , , , , , , , , 
Wyoming,,,,,,,,,0,0,,,,,,,,,,,,,,,,,,,,,,,,,,,,0,,,,,,,,,,,0,0,0,0,0,0,0,0,0,0,0,0,0,0,0,1
,Wyoming,Wyoming,,,,,,,,,,,,,,,,,,,,,,,,,,,,,,,,,,,,,,,,,,,,,,FALSE, , , , , , , , , , , , , , , , 
Xavier,,,,,,,,,0,0,,,,,,,,,,,,,,,,,,,,,,,,,,,,0,,,,,,,,,,,0,0,0,0,0,0,0,0,0,0,0,0,0,0,0,1
,Xavier,Xavier,,,,,,,,,,,,,,,,,,,,,,,,,,,,,,,,,,,,,,,,,,,,,,FALSE, , , , , , , , , , , , , , , , 
Yale,,,,,,,,,0,0,,,,,,,,,,,,,,,,,,,,,,,,,,,,0,,,,,,,,,,,0,0,0,0,0,0,0,0,0,0,0,0,0,0,0,1
,Yale,Yale,,,,,,,,,,,,,,,,,,,,,,,,,,,,,,,,,,,,,,,,,,,,,,FALSE, , , , , , , , , , , , , , , , 
Youngstown St.,,,,,,,,,0,0,,,,,,,,,,,,,,,,,,,,,,,,,,,,0,,,,,,,,,,,0,0,0,0,0,0,0,0,0,0,0,0,0,0,0,1
,Youngstown St.,Youngstown St.,,,,,,,,,,,,,,,,,,,,,,,,,,,,,,,,,,,,,,,,,,,,,,FALSE, , , , , , , , , , , , , , , , 
New Haven,,,,,,,,,0,0,,,,,,,,,,,,,,,,,,,,,,,,,,,,0,,,,,,,,,,,0,0,0,0,0,0,0,0,0,0,0,0,0,0,0,1
,New Haven,New Haven,,,,,,,,,,,,,,,,,,,,,,,,,,,,,,,,,,,,,,,,,,,,,,FALSE, , , , , , , , , , , , , , , , 
(blank),,,,,,,,,0,0,,,,,,,,,,,,,,,,,,,,,,,,,,,,0,,,,,,,,,,,0,0,0,0,0,0,0,0,0,0,0,0,0,0,0,0
