,,,,,,,,,,,,,,,,,,,,,,,,,,,,,,,,,,,,,,,,,,,,,,
Sananda Fru,Louisville,AWAY,Arkansas,SEC,1,1,Starter,1,29,7,9,0,0,0,0,4,4,1,0,1,3,14,0,70.938,0,2.453,1,0,0,0,0,0,0,0,0,0,0,0,1,0,-9,-3.5,1,0,"19,600",0
Ryan Conwell,Louisville,AWAY,Arkansas,SEC,1,1,Starter,1,33,4,16,3,12,4,4,0,1,4,0,5,5,15,0,70.938,0,2.453,1,0,0,0,0,1,0,0,0,0,0,1,1,0,-9,-3.5,1,0,"19,600",0
Mikel Brown Jr.,Louisville,AWAY,Arkansas,SEC,1,1,Starter,1,34,7,19,2,13,6,10,0,5,3,0,2,2,22,0,70.938,0,2.453,1,0,0,0,0,0,1,1,0,0,0,0,1,1,-9,-3.5,1,0,"19,600",0
Isaac McKneely,Louisville,AWAY,Arkansas,SEC,1,1,Starter,1,30,3,8,1,5,4,4,2,2,1,0,0,1,11,0,70.938,0,2.453,1,0,0,0,0,1,0,0,0,0,0,0,1,0,-9,-3.5,1,0,"19,600",0
J'Vonne Hadley,Louisville,AWAY,Arkansas,SEC,1,1,Starter,1,28,3,6,1,1,0,0,2,4,0,0,0,3,7,0,70.938,0,2.453,0,0,0,0,0,0,0,0,0,0,0,0,1,0,-9,-3.5,1,0,"19,600",0
Khani Rooths,Louisville,AWAY,Arkansas,SEC,1,1,Bench,0,9,1,4,0,2,0,0,1,2,0,0,0,0,2,0,70.938,0,2.453,0,0,0,0,0,0,0,0,0,0,0,0,0,0,-9,-3.5,1,0,"19,600",0
Kasean Pryor,Louisville,AWAY,Arkansas,SEC,1,1,Bench,0,6,2,3,0,1,0,0,0,0,0,1,0,1,4,0,70.938,0,2.453,0,0,0,0,0,0,0,0,0,0,0,0,0,0,-9,-3.5,1,0,"19,600",0
Aly Khalifa,Louisville,AWAY,Arkansas,SEC,1,1,Bench,0,8,0,2,0,1,0,0,0,0,2,0,0,2,0,0,70.938,0,2.453,0,0,0,0,0,0,0,0,0,0,0,0,0,0,-9,-3.5,1,0,"19,600",0
Adrian Wooley,Louisville,AWAY,Arkansas,SEC,1,1,Bench,0,14,2,3,1,2,0,0,0,5,2,0,1,4,5,0,70.938,0,2.453,0,0,0,0,0,0,0,1,0,0,0,1,0,0,-9,-3.5,1,0,"19,600",0
Kobe Rodgers,Louisville,AWAY,Arkansas,SEC,1,1,Bench,0,9,0,0,0,0,0,0,1,1,0,1,0,4,0,0,70.938,0,2.453,0,0,0,0,0,0,0,0,0,0,0,1,0,0,-9,-3.5,1,0,"19,600",0
Nick Pringle,Arkansas,HOME,Louisville,ACC,1,1,Starter,1,22,1,3,0,0,0,0,1,3,0,0,1,1,2,0,2.453,0,70.938,0,0,0,0,0,0,0,0,0,0,0,0,1,0,9,3.5,1,0,"19,600",0
Trevon Brazile,Arkansas,HOME,Louisville,ACC,1,1,Starter,1,32,8,11,3,4,2,3,1,4,0,2,1,1,21,0,2.453,0,70.938,1,0,0,0,0,0,0,0,0,1,0,0,1,1,9,3.5,1,0,"19,600",0
Darius Acuff Jr.,Arkansas,HOME,Louisville,ACC,1,1,Starter,1,36,6,18,0,4,5,7,1,4,10,0,4,2,17,0,2.453,0,70.938,2,1,0,0,0,0,0,0,0,0,1,0,1,0,9,3.5,1,0,"19,600",0
Karter Knox,Arkansas,HOME,Louisville,ACC,1,1,Starter,1,21,2,9,1,2,0,0,2,3,0,1,0,2,5,0,2.453,0,70.938,0,0,0,0,0,0,0,0,0,0,0,0,1,0,9,3.5,1,0,"19,600",0
D.J. Wagner,Arkansas,HOME,Louisville,ACC,1,1,Starter,1,19,2,8,1,3,0,2,0,1,0,1,1,1,5,0,2.453,0,70.938,0,0,0,0,0,0,0,0,0,0,0,0,0,0,9,3.5,1,0,"19,600",0
Malique Ewin,Arkansas,HOME,Louisville,ACC,1,1,Bench,0,18,3,4,0,0,6,8,7,2,1,1,0,1,12,0,2.453,0,70.938,1,0,0,0,0,0,0,0,1,0,0,0,0,0,9,3.5,1,0,"19,600",0
Billy Richmond III,Arkansas,HOME,Louisville,ACC,1,1,Bench,0,27,2,4,0,1,6,6,1,3,2,0,2,4,10,0,2.453,0,70.938,1,0,0,0,0,1,0,0,0,0,0,1,1,0,9,3.5,1,0,"19,600",0
Meleek Thomas,Arkansas,HOME,Louisville,ACC,1,1,Bench,0,25,4,10,1,4,8,9,1,4,1,0,0,3,17,0,2.453,0,70.938,1,0,0,0,0,0,0,0,0,0,0,0,1,0,9,3.5,1,0,"19,600",0
Bradey Henige,Cal Baptist,AWAY,BYU,Big 12,0,0,Starter,1,17,2,5,0,0,0,0,2,1,0,1,1,2,4,0,47.854,0,16.932,0,0,0,0,0,0,0,0,0,0,0,0,0,0,-31,19.5,0,0,"9,189",0
Devon Malcolm,Cal Baptist,AWAY,BYU,Big 12,0,0,Starter,1,18,3,5,1,1,0,0,2,2,1,0,0,2,7,0,47.854,0,16.932,0,0,0,0,0,0,0,0,0,0,0,0,0,0,-31,19.5,0,0,"9,189",0
Jordan Muller,Cal Baptist,AWAY,BYU,Big 12,0,0,Starter,1,36,2,9,2,6,0,0,1,2,1,1,2,4,6,0,47.854,0,16.932,0,0,0,0,0,0,0,0,0,0,0,1,1,0,-31,19.5,0,0,"9,189",0
Dominique Daniels Jr.,Cal Baptist,AWAY,BYU,Big 12,0,0,Starter,1,31,4,13,1,7,2,3,1,3,2,1,4,1,11,0,47.854,0,16.932,1,0,0,0,0,0,0,0,0,0,0,0,1,0,-31,19.5,0,0,"9,189",0
Martel Williams,Cal Baptist,AWAY,BYU,Big 12,0,0,Starter,1,31,5,15,0,5,2,3,3,3,4,1,3,2,12,0,47.854,0,16.932,1,0,0,0,0,0,0,0,0,0,0,0,1,0,-31,19.5,0,0,"9,189",0
Rene D'Amelio,Cal Baptist,AWAY,BYU,Big 12,0,0,Bench,0,10,0,5,0,2,3,4,1,1,0,0,1,0,3,0,47.854,0,16.932,0,0,0,1,0,0,0,0,0,0,0,0,0,0,-31,19.5,0,0,"9,189",0
Jonathan Griman,Cal Baptist,AWAY,BYU,Big 12,0,0,Bench,0,16,1,3,0,0,0,0,0,1,0,0,2,2,2,0,47.854,0,16.932,0,0,0,0,0,0,0,0,0,0,0,0,0,0,-31,19.5,0,0,"9,189",0
Nate Garcia,Cal Baptist,AWAY,BYU,Big 12,0,0,Bench,0,17,0,2,0,0,6,6,0,2,1,0,1,0,6,0,47.854,0,16.932,0,0,0,0,0,1,0,0,0,0,0,0,0,0,-31,19.5,0,0,"9,189",0
Jalen Dollar,Cal Baptist,AWAY,BYU,Big 12,0,0,Bench,0,9,1,1,1,1,0,0,0,0,0,1,0,2,3,0,47.854,0,16.932,0,0,0,0,0,0,0,0,0,0,0,0,0,0,-31,19.5,0,0,"9,189",0
Monty Bowser,Cal Baptist,AWAY,BYU,Big 12,0,0,Bench,0,15,2,3,1,1,1,3,0,3,0,1,0,1,6,0,47.854,0,16.932,0,0,0,0,0,0,0,0,0,0,0,0,0,0,-31,19.5,0,0,"9,189",0
AJ Dybantsa,BYU,HOME,Cal Baptist,WAC,0,1,Starter,1,28,10,15,1,4,1,1,1,4,5,2,2,0,22,0,16.932,0,47.854,1,0,0,0,0,0,0,0,0,0,0,0,1,1,31,-19.5,0,0,"9,189",0
Keba Keita,BYU,HOME,Cal Baptist,WAC,0,1,Starter,1,20,10,15,0,0,3,5,5,7,0,1,1,0,23,0,16.932,0,47.854,2,1,0,0,0,0,1,1,1,0,0,0,1,1,31,-19.5,0,0,"9,189",0
Kennard Davis Jr.,BYU,HOME,Cal Baptist,WAC,0,1,Starter,1,26,4,9,3,6,0,0,0,2,1,1,0,0,11,0,16.932,0,47.854,1,0,0,0,0,0,0,0,0,0,0,0,1,0,31,-19.5,0,0,"9,189",0
Richie Saunders,BYU,HOME,Cal Baptist,WAC,0,1,Starter,1,25,3,6,1,3,3,4,1,5,2,4,2,3,10,0,16.932,0,47.854,1,0,0,0,0,0,0,0,0,1,0,0,1,0,31,-19.5,0,0,"9,189",0
Robert Wright III,BYU,HOME,Cal Baptist,WAC,0,1,Starter,1,33,5,10,2,5,2,2,2,2,12,3,1,0,14,0,16.932,0,47.854,2,1,0,0,0,0,0,0,0,0,1,0,1,0,31,-19.5,0,0,"9,189",0
Khadim Mboup,BYU,HOME,Cal Baptist,WAC,0,1,Bench,0,15,1,3,0,0,0,0,1,5,1,1,2,3,2,0,16.932,0,47.854,0,0,0,0,0,0,0,0,0,0,0,0,0,0,31,-19.5,0,0,"9,189",0
Mihailo Bošković,BYU,HOME,Cal Baptist,WAC,0,1,Bench,0,18,3,3,1,1,0,0,0,1,1,0,1,2,7,0,16.932,0,47.854,0,0,0,0,0,0,0,0,0,0,0,0,0,0,31,-19.5,0,0,"9,189",0
Tyler Mrus,BYU,HOME,Cal Baptist,WAC,0,1,Bench,0,13,0,2,0,2,0,0,0,1,0,0,0,0,0,0,16.932,0,47.854,0,0,0,0,0,0,0,0,0,0,0,0,0,0,31,-19.5,0,0,"9,189",0
Xavion Staton,BYU,HOME,Cal Baptist,WAC,0,1,Bench,0,8,0,0,0,0,0,0,0,0,0,0,0,5,0,0,16.932,0,47.854,0,0,0,0,0,0,0,0,0,0,0,1,0,0,31,-19.5,0,0,"9,189",0
Aleksej Kostić,BYU,HOME,Cal Baptist,WAC,0,1,Bench,0,12,0,2,0,1,2,2,0,0,0,0,0,5,2,0,16.932,0,47.854,0,0,0,0,0,0,0,0,0,0,0,1,0,0,31,-19.5,0,0,"9,189",0
Omari Hamilton,Alcorn St.,AWAY,Iowa St.,Big 12,0,0,Starter,1,8,2,3,0,1,0,0,0,0,0,0,1,1,4,0,49.599,0,11.934,0,0,0,0,0,0,0,0,0,0,0,0,0,0,-64,42.5,0,0,"13,429",0
Tycen McDaniels,Alcorn St.,AWAY,Iowa St.,Big 12,0,0,Starter,1,16,1,1,0,0,0,0,0,0,1,1,4,4,2,0,49.599,0,11.934,0,0,0,0,0,0,0,0,0,0,0,1,0,0,-64,42.5,0,0,"13,429",0
Nick Woodard,Alcorn St.,AWAY,Iowa St.,Big 12,0,0,Starter,1,22,2,4,1,2,0,0,0,1,1,1,3,0,5,0,49.599,0,11.934,0,0,0,0,0,0,0,0,0,0,0,0,1,0,-64,42.5,0,0,"13,429",0
Jameel Morris,Alcorn St.,AWAY,Iowa St.,Big 12,0,0,Starter,1,28,7,15,1,3,2,4,1,2,4,4,4,3,17,0,49.599,0,11.934,1,0,0,0,0,0,0,0,0,0,0,0,1,0,-64,42.5,0,0,"13,429",0
Shane Lancaster,Alcorn St.,AWAY,Iowa St.,Big 12,0,0,Starter,1,19,6,8,4,4,0,0,0,0,0,1,2,2,16,0,49.599,0,11.934,1,0,0,0,0,0,0,0,0,0,0,0,0,0,-64,42.5,0,0,"13,429",0
Jeremy Ellis,Alcorn St.,AWAY,Iowa St.,Big 12,0,0,Bench,0,14,1,3,0,0,0,0,2,1,0,0,1,1,2,0,49.599,0,11.934,0,0,0,0,0,0,0,0,1,0,0,0,0,0,-64,42.5,0,0,"13,429",0
William Henderson,Alcorn St.,AWAY,Iowa St.,Big 12,0,0,Bench,0,10,1,3,0,1,0,0,1,0,0,0,2,1,2,0,49.599,0,11.934,0,0,0,0,0,0,0,0,0,0,0,0,0,0,-64,42.5,0,0,"13,429",0
Mike Jones,Alcorn St.,AWAY,Iowa St.,Big 12,0,0,Bench,0,25,1,2,0,0,3,4,1,5,1,1,1,1,5,0,49.599,0,11.934,0,0,0,0,0,0,0,1,0,0,0,0,1,0,-64,42.5,0,0,"13,429",0
Travis Roberts,Alcorn St.,AWAY,Iowa St.,Big 12,0,0,Bench,0,22,2,6,1,4,0,0,1,0,1,3,0,0,5,0,49.599,0,11.934,0,0,0,0,0,0,0,0,0,0,0,0,1,0,-64,42.5,0,0,"13,429",0
Bryson Calamese,Alcorn St.,AWAY,Iowa St.,Big 12,0,0,Bench,0,20,4,6,1,2,1,1,0,0,5,0,5,2,10,0,49.599,0,11.934,1,0,0,0,0,0,0,0,0,0,0,0,1,0,-64,42.5,0,0,"13,429",0
Davian Williams,Alcorn St.,AWAY,Iowa St.,Big 12,0,0,Bench,0,16,0,5,0,2,0,0,0,0,1,0,3,0,0,0,49.599,0,11.934,0,0,0,1,0,0,0,0,0,0,0,0,0,0,-64,42.5,0,0,"13,429",0
Blake Buchanan,Iowa St.,HOME,Alcorn St.,SWAC,0,1,Starter,1,19,2,2,0,0,2,2,1,1,2,0,3,1,6,0,11.934,0,49.599,0,0,0,0,0,0,0,0,0,0,0,0,0,0,64,-42.5,0,0,"13,429",0
Joshua Jefferson,Iowa St.,HOME,Alcorn St.,SWAC,0,1,Starter,1,31,10,13,2,2,2,2,0,3,10,2,0,1,24,0,11.934,0,49.599,2,1,0,0,0,0,0,0,0,0,1,0,1,1,64,-42.5,0,0,"13,429",0
Milan Momcilovic,Iowa St.,HOME,Alcorn St.,SWAC,0,1,Starter,1,30,9,12,8,9,1,2,0,3,2,5,1,1,27,0,11.934,0,49.599,1,0,0,0,0,0,1,0,0,1,0,0,1,1,64,-42.5,0,0,"13,429",0
Killyan Toure,Iowa St.,HOME,Alcorn St.,SWAC,0,1,Starter,1,27,3,6,0,1,7,8,1,2,6,4,2,2,13,0,11.934,0,49.599,1,0,0,0,0,0,0,0,0,0,0,0,1,0,64,-42.5,0,0,"13,429",0
Nate Heise,Iowa St.,HOME,Alcorn St.,SWAC,0,1,Starter,1,22,5,5,3,3,0,2,0,3,2,0,3,2,13,0,11.934,0,49.599,1,0,0,0,0,0,0,0,0,0,0,0,1,0,64,-42.5,0,0,"13,429",0
Dominykas Pleta,Iowa St.,HOME,Alcorn St.,SWAC,0,1,Bench,0,11,4,5,0,0,4,4,2,3,0,0,3,1,12,0,11.934,0,49.599,1,0,0,0,0,1,0,0,1,0,0,0,0,0,64,-42.5,0,0,"13,429",0
Eric Mulder,Iowa St.,HOME,Alcorn St.,SWAC,0,1,Bench,0,11,2,3,0,0,0,0,2,2,2,1,0,0,4,0,11.934,0,49.599,0,0,0,0,0,0,0,0,1,0,0,0,0,0,64,-42.5,0,0,"13,429",0
Jamarion Batemon,Iowa St.,HOME,Alcorn St.,SWAC,0,1,Bench,0,28,9,13,7,10,1,2,1,3,2,1,1,1,26,0,11.934,0,49.599,1,0,0,0,0,0,0,0,0,0,0,0,1,1,64,-42.5,0,0,"13,429",0
Cade Kelderman,Iowa St.,HOME,Alcorn St.,SWAC,0,1,Bench,0,15,2,4,2,4,1,2,0,0,7,4,0,3,7,0,11.934,0,49.599,0,0,0,0,0,0,0,0,0,0,0,0,0,0,64,-42.5,0,0,"13,429",0
Carter Welling,Clemson,AWAY,Alabama,SEC,1,0,Starter,1,17,1,5,0,1,0,0,2,2,0,2,2,2,2,0,84.245,0,47.778,0,0,0,0,0,0,0,0,0,1,0,0,0,0,-6,10.5,1,0,"13,474",0
Jake Wahlin,Clemson,AWAY,Alabama,SEC,1,0,Starter,1,22,3,5,0,0,5,5,1,5,0,0,0,3,11,0,84.245,0,47.778,1,0,0,0,0,1,0,0,0,0,0,0,1,0,-6,10.5,1,0,"13,474",0
RJ Godfrey,Clemson,AWAY,Alabama,SEC,1,0,Starter,1,32,6,10,0,0,7,9,1,3,3,1,3,2,19,0,84.245,0,47.778,1,0,0,0,0,0,0,0,0,0,0,0,1,0,-6,10.5,1,0,"13,474",0
Jestin Porter,Clemson,AWAY,Alabama,SEC,1,0,Starter,1,16,2,7,0,3,0,0,1,0,1,0,0,2,4,0,84.245,0,47.778,0,0,0,0,0,0,0,0,0,0,0,0,0,0,-6,10.5,1,0,"13,474",0
Dillon Hunter,Clemson,AWAY,Alabama,SEC,1,0,Starter,1,33,5,7,0,1,3,5,0,5,4,2,0,3,13,0,84.245,0,47.778,1,0,0,0,0,0,0,0,0,1,1,0,1,0,-6,10.5,1,0,"13,474",0
Nick Davidson,Clemson,AWAY,Alabama,SEC,1,0,Bench,0,14,4,6,0,0,3,4,1,2,1,0,0,0,11,0,84.245,0,47.778,1,0,0,0,0,0,0,0,0,0,0,0,0,0,-6,10.5,1,0,"13,474",0
Zac Foster,Clemson,AWAY,Alabama,SEC,1,0,Bench,0,26,5,17,1,6,1,1,2,3,3,0,0,4,12,0,84.245,0,47.778,1,0,0,0,0,0,0,0,0,0,0,1,1,0,-6,10.5,1,0,"13,474",0
Ace Buckner,Clemson,AWAY,Alabama,SEC,1,0,Bench,0,13,1,5,1,1,0,0,3,1,0,1,0,2,3,0,84.245,0,47.778,0,0,0,0,0,0,0,0,0,0,0,0,0,0,-6,10.5,1,0,"13,474",0
Butta Johnson,Clemson,AWAY,Alabama,SEC,1,0,Bench,0,24,2,7,2,6,2,2,3,2,0,0,1,1,8,0,84.245,0,47.778,0,0,0,0,0,0,0,0,0,0,0,0,1,0,-6,10.5,1,0,"13,474",0
Amari Allen,Alabama,HOME,Clemson,ACC,1,1,Starter,1,36,7,13,1,4,5,7,4,7,4,0,2,3,20,0,47.778,0,84.245,2,1,0,0,0,0,0,1,1,0,1,0,1,1,6,-10.5,1,0,"13,474",0
Aiden Sherrell,Alabama,HOME,Clemson,ACC,1,1,Starter,1,29,1,3,0,1,3,8,3,7,0,0,1,2,5,0,47.778,0,84.245,1,0,0,0,0,0,0,1,0,0,0,0,1,0,6,-10.5,1,0,"13,474",0
Taylor Bol Bowen,Alabama,HOME,Clemson,ACC,1,1,Starter,1,28,4,8,3,7,0,0,1,4,3,0,0,3,11,0,47.778,0,84.245,1,0,0,0,0,0,0,0,0,0,0,0,1,0,6,-10.5,1,0,"13,474",0
Labaron Philon Jr.,Alabama,HOME,Clemson,ACC,1,1,Starter,1,33,9,17,3,7,8,8,0,1,3,0,2,4,29,0,47.778,0,84.245,1,0,0,0,0,1,1,0,0,0,0,1,1,1,6,-10.5,1,0,"13,474",0
Houston Mallette,Alabama,HOME,Clemson,ACC,1,1,Starter,1,33,2,6,2,6,4,5,2,1,1,1,0,1,10,0,47.778,0,84.245,1,0,0,0,0,0,0,0,0,0,0,0,1,0,6,-10.5,1,0,"13,474",0
London Jemison,Alabama,HOME,Clemson,ACC,1,1,Bench,0,19,4,7,3,6,2,3,1,1,0,2,0,1,13,0,47.778,0,84.245,1,0,0,0,0,0,0,0,0,1,0,0,0,0,6,-10.5,1,0,"13,474",0
Noah Williamson,Alabama,HOME,Clemson,ACC,1,1,Bench,0,5,0,1,0,1,0,0,0,0,0,0,1,2,0,0,47.778,0,84.245,0,0,0,0,0,0,0,0,0,0,0,0,0,0,6,-10.5,1,0,"13,474",0
Davion Hannah,Alabama,HOME,Clemson,ACC,1,1,Bench,0,11,0,3,0,1,0,0,0,1,0,0,2,2,0,0,47.778,0,84.245,0,0,0,1,0,0,0,0,0,0,0,0,0,0,6,-10.5,1,0,"13,474",0
Jalil Bethea,Alabama,HOME,Clemson,ACC,1,1,Bench,0,6,1,2,0,1,0,0,1,2,2,0,0,1,2,0,47.778,0,84.245,0,0,0,0,0,0,0,0,0,0,0,0,0,0,6,-10.5,1,0,"13,474",0
Corey Washington,SMU,AWAY,Vanderbilt,SEC,1,0,Starter,1,29,1,3,0,0,4,4,2,2,2,1,1,5,6,0,6.944,0,27.576,0,0,0,0,0,1,0,0,0,0,0,1,1,0,-19,11,0,0,"7,437",0
Samet Yigitoglu,SMU,AWAY,Vanderbilt,SEC,1,0,Starter,1,34,7,10,0,0,2,4,2,6,0,0,1,2,16,0,6.944,0,27.576,1,0,0,0,0,0,0,0,0,0,0,0,1,0,-19,11,0,0,"7,437",0
B.J. Edwards,SMU,AWAY,Vanderbilt,SEC,1,0,Starter,1,34,4,14,0,6,2,2,2,4,2,0,1,1,10,0,6.944,0,27.576,1,0,0,0,0,0,0,0,0,0,0,0,1,0,-19,11,0,0,"7,437",0
Boopie Miller,SMU,AWAY,Vanderbilt,SEC,1,0,Starter,1,38,5,13,0,3,7,8,3,4,6,1,5,2,17,0,6.944,0,27.576,1,0,0,0,0,0,0,0,0,0,1,0,1,0,-19,11,0,0,"7,437",0
Jaron Pierre Jr.,SMU,AWAY,Vanderbilt,SEC,1,0,Starter,1,33,5,13,2,7,1,3,0,4,0,0,3,3,13,0,6.944,0,27.576,1,0,0,0,0,0,0,0,0,0,0,0,1,0,-19,11,0,0,"7,437",0
Jermaine O'Neal Jr.,SMU,AWAY,Vanderbilt,SEC,1,0,Bench,0,10,0,0,0,0,0,0,1,1,0,0,1,0,0,0,6.944,0,27.576,0,0,0,0,0,0,0,0,0,0,0,0,0,0,-19,11,0,0,"7,437",0
Jaden Toombs,SMU,AWAY,Vanderbilt,SEC,1,0,Bench,0,16,2,6,0,1,1,2,2,0,2,0,0,1,5,0,6.944,0,27.576,0,0,0,0,0,0,0,0,0,0,0,0,0,0,-19,11,0,0,"7,437",0
B.J. Davis-Ray,SMU,AWAY,Vanderbilt,SEC,1,0,Bench,0,6,1,1,0,0,0,0,0,0,0,0,0,0,2,0,6.944,0,27.576,0,0,0,0,0,0,0,0,0,0,0,0,0,0,-19,11,0,0,"7,437",0
AK Okereke,Vanderbilt,HOME,SMU,ACC,1,1,Starter,1,28,4,5,1,2,0,0,0,3,4,1,0,5,9,0,27.576,0,6.944,0,0,0,0,1,0,0,0,0,0,0,1,1,0,19,-11,0,0,"7,437",0
Tyler Nickel,Vanderbilt,HOME,SMU,ACC,1,1,Starter,1,24,5,8,2,5,0,0,0,1,2,2,0,2,12,0,27.576,0,6.944,1,0,0,0,1,0,0,0,0,1,0,0,1,0,19,-11,0,0,"7,437",0
Devin McGlockton,Vanderbilt,HOME,SMU,ACC,1,1,Starter,1,26,6,7,1,1,0,0,1,7,2,0,1,3,13,0,27.576,0,6.944,1,0,0,0,0,0,0,1,0,0,0,0,1,0,19,-11,0,0,"7,437",0
Tyler Tanner,Vanderbilt,HOME,SMU,ACC,1,1,Starter,1,37,10,14,2,5,4,4,0,5,6,2,2,1,26,0,27.576,0,6.944,1,0,0,0,0,1,1,0,0,1,1,0,1,1,19,-11,0,0,"7,437",0
Duke Miles,Vanderbilt,HOME,SMU,ACC,1,1,Starter,1,29,4,11,0,4,2,2,0,2,2,1,0,3,10,0,27.576,0,6.944,1,0,0,0,0,0,0,0,0,0,0,0,1,0,19,-11,0,0,"7,437",0
Tyler Harris,Vanderbilt,HOME,SMU,ACC,1,1,Bench,0,10,2,6,0,3,0,0,0,0,0,0,0,0,4,0,27.576,0,6.944,0,0,0,0,0,0,0,0,0,0,0,0,0,0,19,-11,0,0,"7,437",0
Jalen Washington,Vanderbilt,HOME,SMU,ACC,1,1,Bench,0,18,3,6,0,3,2,3,4,2,2,1,0,2,8,0,27.576,0,6.944,0,0,0,0,1,0,0,0,1,0,0,0,0,0,19,-11,0,0,"7,437",0
Chandler Bing,Vanderbilt,HOME,SMU,ACC,1,1,Bench,0,7,1,2,0,0,0,0,1,0,1,0,0,0,2,0,27.576,0,6.944,0,0,0,0,0,0,0,0,0,0,0,0,0,0,19,-11,0,0,"7,437",0
Frankie Collins,Vanderbilt,HOME,SMU,ACC,1,1,Bench,0,16,1,4,0,1,2,3,0,2,1,0,0,4,4,0,27.576,0,6.944,0,0,0,0,0,0,0,0,0,0,0,1,0,0,19,-11,0,0,"7,437",0
Darrion Williams,N.C. State,AWAY,Auburn,SEC,1,0,Starter,1,33,4,11,1,5,2,2,1,1,3,0,2,2,11,0,75.482,0,41.29,1,0,0,0,0,0,0,0,0,0,0,0,1,0,-10,5.5,0,0,"9,121",0
Ven-Allen Lubin,N.C. State,AWAY,Auburn,SEC,1,0,Starter,1,28,4,6,1,1,3,3,0,2,0,1,2,3,12,0,75.482,0,41.29,1,0,0,0,0,1,0,0,0,0,0,0,1,0,-10,5.5,0,0,"9,121",0
Tre Holloman,N.C. State,AWAY,Auburn,SEC,1,0,Starter,1,29,5,11,4,9,2,2,1,2,4,1,1,1,16,0,75.482,0,41.29,1,0,0,0,0,0,0,0,0,0,1,0,1,0,-10,5.5,0,0,"9,121",0
Paul McNeil Jr.,N.C. State,AWAY,Auburn,SEC,1,0,Starter,1,26,3,9,1,5,0,0,1,3,2,2,0,1,7,0,75.482,0,41.29,0,0,0,0,0,0,0,0,0,0,0,0,1,0,-10,5.5,0,0,"9,121",0
Quadir Copeland,N.C. State,AWAY,Auburn,SEC,1,0,Starter,1,28,8,12,2,3,4,6,0,1,3,3,1,3,22,0,75.482,0,41.29,1,0,0,0,0,0,0,0,0,1,0,0,1,1,-10,5.5,0,0,"9,121",0
Musa Sagnia,N.C. State,AWAY,Auburn,SEC,1,0,Bench,0,11,0,0,0,0,0,0,0,1,0,2,1,4,0,0,75.482,0,41.29,0,0,0,0,0,0,0,0,0,0,0,1,0,0,-10,5.5,0,0,"9,121",0
Matt Able,N.C. State,AWAY,Auburn,SEC,1,0,Bench,0,23,2,11,1,6,0,0,2,1,1,3,1,2,5,0,75.482,0,41.29,0,0,0,0,0,0,0,0,1,1,0,0,1,0,-10,5.5,0,0,"9,121",0
Terrance Arceneaux,N.C. State,AWAY,Auburn,SEC,1,0,Bench,0,13,0,3,0,1,0,0,2,1,1,1,0,1,0,0,75.482,0,41.29,0,0,0,1,0,0,0,0,1,0,0,0,0,0,-10,5.5,0,0,"9,121",0
Alyn Breed,N.C. State,AWAY,Auburn,SEC,1,0,Bench,0,8,0,1,0,0,0,0,0,0,0,1,1,1,0,0,75.482,0,41.29,0,0,0,0,0,0,0,0,0,0,0,0,0,0,-10,5.5,0,0,"9,121",0
Keyshawn Hall,Auburn,HOME,N.C. State,ACC,1,1,Starter,1,36,9,14,5,7,5,5,0,10,1,1,6,1,28,0,41.29,0,75.482,2,1,0,0,0,1,0,1,0,0,0,0,1,1,10,-5.5,0,0,"9,121",0
KeShawn Murphy,Auburn,HOME,N.C. State,ACC,1,1,Starter,1,15,1,1,1,1,0,0,0,1,1,0,2,0,3,0,41.29,0,75.482,0,0,0,0,0,0,0,0,0,0,0,0,0,0,10,-5.5,0,0,"9,121",0
Elyjah Freeman,Auburn,HOME,N.C. State,ACC,1,1,Starter,1,18,2,3,0,1,2,2,1,4,1,0,2,1,6,0,41.29,0,75.482,0,0,0,0,0,0,0,0,0,0,0,0,0,0,10,-5.5,0,0,"9,121",0
Kevin Overton,Auburn,HOME,N.C. State,ACC,1,1,Starter,1,38,8,13,6,9,7,7,2,7,0,0,0,1,29,0,41.29,0,75.482,1,0,0,0,0,1,1,0,1,0,0,0,1,1,10,-5.5,0,0,"9,121",0
Tahaad Pettiford,Auburn,HOME,N.C. State,ACC,1,1,Starter,1,32,1,7,0,3,4,5,1,2,1,0,4,2,6,0,41.29,0,75.482,0,0,0,0,0,0,0,0,0,0,0,0,1,0,10,-5.5,0,0,"9,121",0
Filip Jović,Auburn,HOME,N.C. State,ACC,1,1,Bench,0,24,1,1,0,0,0,1,1,4,1,0,1,3,2,0,41.29,0,75.482,0,0,0,0,0,0,0,0,0,0,0,0,1,0,10,-5.5,0,0,"9,121",0
Sebastian Williams-Adams,Auburn,HOME,N.C. State,ACC,1,1,Bench,0,27,3,3,0,0,1,2,0,1,4,2,3,1,7,0,41.29,0,75.482,0,0,0,0,1,0,0,0,0,0,1,0,1,0,10,-5.5,0,0,"9,121",0
Kaden Magwood,Auburn,HOME,N.C. State,ACC,1,1,Bench,0,8,1,1,0,0,0,0,0,0,1,0,1,1,2,0,41.29,0,75.482,0,0,0,0,0,0,0,0,0,0,0,0,0,0,10,-5.5,0,0,"9,121",0
Reed Bailey,Indiana,AWAY,Minnesota,Big Ten,1,1,Starter,1,20,1,5,0,0,4,6,2,2,0,0,0,4,6,0,-9.18,0,15.516,0,0,0,0,0,0,0,0,0,0,0,1,1,0,-9,-8.5,1,0,"8,582",0
Tucker DeVries,Indiana,AWAY,Minnesota,Big Ten,1,1,Starter,1,37,3,13,3,10,0,0,0,3,3,1,0,2,9,0,-9.18,0,15.516,0,0,0,0,0,0,0,0,0,0,0,0,1,0,-9,-8.5,1,0,"8,582",0
Tayton Conerway,Indiana,AWAY,Minnesota,Big Ten,1,1,Starter,1,23,6,11,2,6,4,6,0,2,2,4,3,4,18,0,-9.18,0,15.516,1,0,0,0,0,0,1,0,0,1,0,1,1,0,-9,-8.5,1,0,"8,582",0
Lamar Wilkerson,Indiana,AWAY,Minnesota,Big Ten,1,1,Starter,1,36,5,14,2,6,3,4,0,2,0,1,1,2,15,0,-9.18,0,15.516,1,0,0,0,0,0,0,0,0,0,0,0,1,0,-9,-8.5,1,0,"8,582",0
Conor Enright,Indiana,AWAY,Minnesota,Big Ten,1,1,Starter,1,35,1,1,0,0,1,2,1,2,7,1,2,3,3,0,-9.18,0,15.516,0,0,0,0,0,0,0,0,0,0,1,0,1,0,-9,-8.5,1,0,"8,582",0
Sam Alexis,Indiana,AWAY,Minnesota,Big Ten,1,1,Bench,0,19,5,7,0,1,0,2,2,1,2,0,1,1,10,0,-9.18,0,15.516,1,0,0,0,0,0,0,0,0,0,0,0,0,0,-9,-8.5,1,0,"8,582",0
Trent Sisley,Indiana,AWAY,Minnesota,Big Ten,1,1,Bench,0,15,1,3,1,3,0,0,0,3,0,0,0,3,3,0,-9.18,0,15.516,0,0,0,0,0,0,0,0,0,0,0,0,0,0,-9,-8.5,1,0,"8,582",0
Nick Dorn,Indiana,AWAY,Minnesota,Big Ten,1,1,Bench,0,12,0,1,0,1,0,0,0,2,0,0,0,3,0,0,-9.18,0,15.516,0,0,0,0,0,0,0,0,0,0,0,0,0,0,-9,-8.5,1,0,"8,582",0
Bobby Durkin,Minnesota,HOME,Indiana,Big Ten,1,0,Starter,1,37,3,7,3,6,3,3,0,4,2,0,0,1,12,0,15.516,0,-9.18,1,0,0,0,0,1,0,0,0,0,0,0,1,0,9,8.5,1,0,"8,582",0
Jaylen Crocker-Johnson,Minnesota,HOME,Indiana,Big Ten,1,0,Starter,1,25,4,9,2,6,1,1,2,5,2,1,5,4,11,0,15.516,0,-9.18,1,0,0,0,0,0,0,1,0,0,0,1,1,0,9,8.5,1,0,"8,582",0
Isaac Asuma,Minnesota,HOME,Indiana,Big Ten,1,0,Starter,1,39,4,10,1,5,6,9,2,5,4,2,2,2,15,0,15.516,0,-9.18,1,0,0,0,0,0,0,1,0,0,0,0,1,0,9,8.5,1,0,"8,582",0
Cade Tyson,Minnesota,HOME,Indiana,Big Ten,1,0,Starter,1,40,5,10,2,4,5,6,4,4,3,1,5,3,17,0,15.516,0,-9.18,1,0,0,0,0,0,0,0,1,0,0,0,1,0,9,8.5,1,0,"8,582",0
Langston Reynolds,Minnesota,HOME,Indiana,Big Ten,1,0,Starter,1,38,7,11,0,0,3,4,0,5,4,1,3,0,17,0,15.516,0,-9.18,1,0,0,0,0,0,0,1,0,0,0,0,1,0,9,8.5,1,0,"8,582",0
Nehemiah Turner,Minnesota,HOME,Indiana,Big Ten,1,0,Bench,0,7,0,0,0,0,0,0,0,2,0,0,1,4,0,0,15.516,0,-9.18,0,0,0,0,0,0,0,0,0,0,0,1,0,0,9,8.5,1,0,"8,582",0
Grayson Grove,Minnesota,HOME,Indiana,Big Ten,1,0,Bench,0,8,0,0,0,0,1,4,0,2,0,0,0,4,1,0,15.516,0,-9.18,0,0,0,0,0,0,0,0,0,0,0,1,0,0,9,8.5,1,0,"8,582",0
Kai Shinholster,Minnesota,HOME,Indiana,Big Ten,1,0,Bench,0,6,0,0,0,0,0,0,0,1,1,1,0,0,0,0,15.516,0,-9.18,0,0,0,0,0,0,0,0,0,0,0,0,0,0,9,8.5,1,0,"8,582",0
Xander Alarie,Northeastern,AWAY,Holy Cross,Patriot,0,0,Starter,1,23,2,10,0,3,2,2,2,2,0,0,2,3,6,0,8.232,0,9.622,0,0,0,0,0,0,0,0,0,0,0,0,1,0,-17,-8.5,0,0,831,0
Youri Fritz,Northeastern,AWAY,Holy Cross,Patriot,0,0,Starter,1,15,2,2,0,0,1,3,0,3,0,0,2,0,5,0,8.232,0,9.622,0,0,0,0,0,0,0,0,0,0,0,0,0,0,-17,-8.5,0,0,831,0
Xavier Abreu,Northeastern,AWAY,Holy Cross,Patriot,0,0,Starter,1,23,3,10,1,5,0,0,0,2,2,0,2,1,7,0,8.232,0,9.622,0,0,0,0,0,0,0,0,0,0,0,0,1,0,-17,-8.5,0,0,831,0
Luca Soroa Schaller,Northeastern,AWAY,Holy Cross,Patriot,0,0,Starter,1,18,1,4,0,1,0,0,0,2,3,3,2,0,2,0,8.232,0,9.622,0,0,0,0,0,0,0,0,0,1,0,0,0,0,-17,-8.5,0,0,831,0
William Kermoury,Northeastern,AWAY,Holy Cross,Patriot,0,0,Starter,1,19,1,5,1,4,0,0,0,1,3,0,2,2,3,0,8.232,0,9.622,0,0,0,0,0,0,0,0,0,0,0,0,0,0,-17,-8.5,0,0,831,0
Ty Francis,Northeastern,AWAY,Holy Cross,Patriot,0,0,Bench,0,28,4,7,0,2,0,2,1,3,0,1,1,1,8,0,8.232,0,9.622,0,0,0,0,0,0,0,0,0,0,0,0,1,0,-17,-8.5,0,0,831,0
Liam Koelsch,Northeastern,AWAY,Holy Cross,Patriot,0,0,Bench,0,10,1,2,0,0,0,1,5,2,1,0,0,1,2,0,8.232,0,9.622,0,0,0,0,0,0,0,0,1,0,0,0,0,0,-17,-8.5,0,0,831,0
Ryan Williams,Northeastern,AWAY,Holy Cross,Patriot,0,0,Bench,0,8,0,3,0,2,0,0,0,2,1,0,1,1,0,0,8.232,0,9.622,0,0,0,1,0,0,0,0,0,0,0,0,0,0,-17,-8.5,0,0,831,0
JB Frankel,Northeastern,AWAY,Holy Cross,Patriot,0,0,Bench,0,24,4,6,3,5,0,0,2,1,0,1,0,1,11,0,8.232,0,9.622,1,0,0,0,0,0,0,0,0,0,0,0,1,0,-17,-8.5,0,0,831,0
Mike Loughnane,Northeastern,AWAY,Holy Cross,Patriot,0,0,Bench,0,28,6,12,3,6,0,0,1,3,4,1,1,3,15,0,8.232,0,9.622,1,0,0,0,0,0,0,0,0,0,1,0,1,0,-17,-8.5,0,0,831,0
Aiden Disu,Holy Cross,HOME,Northeastern,CAA,0,0,Starter,1,29,4,5,1,1,1,1,0,4,2,1,1,2,10,0,9.622,0,8.232,1,0,0,0,0,0,0,0,0,0,0,0,1,0,17,8.5,0,0,831,0
Aidan Richard,Holy Cross,HOME,Northeastern,CAA,0,0,Starter,1,28,2,5,0,3,1,2,0,6,2,0,0,2,5,0,9.622,0,8.232,0,0,0,0,0,0,0,1,0,0,0,0,1,0,17,8.5,0,0,831,0
Tyler Boston,Holy Cross,HOME,Northeastern,CAA,0,0,Starter,1,32,7,13,0,4,4,4,0,4,4,2,3,1,18,0,9.622,0,8.232,1,0,0,0,0,1,1,0,0,0,1,0,1,0,17,8.5,0,0,831,0
Joe Nugent,Holy Cross,HOME,Northeastern,CAA,0,0,Starter,1,30,3,9,2,4,0,0,1,6,0,1,0,2,8,0,9.622,0,8.232,0,0,0,0,0,0,0,1,0,0,0,0,1,0,17,8.5,0,0,831,0
Gabe Warren,Holy Cross,HOME,Northeastern,CAA,0,0,Starter,1,32,4,10,1,3,3,4,0,4,1,2,0,2,12,0,9.622,0,8.232,1,0,0,0,0,0,0,0,0,0,0,0,1,0,17,8.5,0,0,831,0
Will Aljancic,Holy Cross,HOME,Northeastern,CAA,0,0,Bench,0,8,3,3,0,0,0,0,0,0,0,0,3,1,6,0,9.622,0,8.232,0,0,0,0,1,0,0,0,0,0,0,0,0,0,17,8.5,0,0,831,0
Chuck Hare,Holy Cross,HOME,Northeastern,CAA,0,0,Bench,0,12,1,4,0,0,0,0,1,3,0,1,0,0,2,0,9.622,0,8.232,0,0,0,0,0,0,0,0,0,0,0,0,0,0,17,8.5,0,0,831,0
John St. Germain III,Holy Cross,HOME,Northeastern,CAA,0,0,Bench,0,11,2,2,0,0,2,2,1,1,0,1,2,1,6,0,9.622,0,8.232,0,0,0,0,0,0,0,0,0,0,0,0,0,0,17,8.5,0,0,831,0
DeAndre Williams,Holy Cross,HOME,Northeastern,CAA,0,0,Bench,0,18,4,5,1,1,0,0,1,1,4,1,1,1,9,0,9.622,0,8.232,0,0,0,0,0,0,0,0,0,0,1,0,0,0,17,8.5,0,0,831,0
Andrea Holden,Wright St.,AWAY,Youngstown St.,Horizon,0,0,Starter,1,28,5,6,0,0,1,3,1,3,2,4,3,4,11,0,23.912,0,18.506,1,0,0,0,0,0,0,0,0,1,0,1,1,0,-1,3.5,1,0,"1,471",0
Michael Imariagbe,Wright St.,AWAY,Youngstown St.,Horizon,0,0,Starter,1,23,3,7,0,0,9,14,1,2,1,0,1,4,15,0,23.912,0,18.506,1,0,0,0,0,0,0,0,0,0,0,1,1,0,-1,3.5,1,0,"1,471",0
Michael Cooper,Wright St.,AWAY,Youngstown St.,Horizon,0,0,Starter,1,30,3,9,2,6,0,2,0,2,0,0,1,2,8,0,23.912,0,18.506,0,0,0,0,0,0,0,0,0,0,0,0,1,0,-1,3.5,1,0,"1,471",0
Solomon Callaghan,Wright St.,AWAY,Youngstown St.,Horizon,0,0,Starter,1,34,1,3,0,2,3,3,2,1,0,0,1,1,5,0,23.912,0,18.506,0,0,0,0,0,1,0,0,0,0,0,0,1,0,-1,3.5,1,0,"1,471",0
Logan Woods,Wright St.,AWAY,Youngstown St.,Horizon,0,0,Starter,1,18,0,1,0,0,0,0,0,0,0,1,1,1,0,0,23.912,0,18.506,0,0,0,0,0,0,0,0,0,0,0,0,0,0,-1,3.5,1,0,"1,471",0
Dominic Pangonis,Wright St.,AWAY,Youngstown St.,Horizon,0,0,Bench,0,9,1,2,0,1,0,0,0,0,0,0,1,0,2,0,23.912,0,18.506,0,0,0,0,0,0,0,0,0,0,0,0,0,0,-1,3.5,1,0,"1,471",0
TJ Burch,Wright St.,AWAY,Youngstown St.,Horizon,0,0,Bench,0,28,7,13,0,3,0,2,0,3,3,2,2,4,14,0,23.912,0,18.506,1,0,0,0,0,0,0,0,0,0,1,1,1,0,-1,3.5,1,0,"1,471",0
Sam Alamutu,Wright St.,AWAY,Youngstown St.,Horizon,0,0,Bench,0,25,5,7,1,1,2,4,1,6,3,1,1,1,13,0,23.912,0,18.506,1,0,0,0,0,0,0,1,0,0,1,0,1,0,-1,3.5,1,0,"1,471",0
Cris Carroll,Youngstown St.,HOME,Wright St.,Horizon,0,0,Starter,1,35,5,11,2,7,7,10,2,5,1,0,5,1,19,0,18.506,0,23.912,1,0,0,0,0,0,1,0,0,0,0,0,1,0,1,-3.5,1,0,"1,471",0
Rich Rolf,Youngstown St.,HOME,Wright St.,Horizon,0,0,Starter,1,28,3,7,2,4,2,2,1,4,2,1,1,2,10,0,18.506,0,23.912,1,0,0,0,0,0,0,0,0,0,0,0,1,0,1,-3.5,1,0,"1,471",0
Imanuel Zorgvol,Youngstown St.,HOME,Wright St.,Horizon,0,0,Starter,1,15,4,7,0,1,0,2,2,1,2,0,1,4,8,0,18.506,0,23.912,0,0,0,0,0,0,0,0,0,0,0,1,0,0,1,-3.5,1,0,"1,471",0
Bryson Dawkins,Youngstown St.,HOME,Wright St.,Horizon,0,0,Starter,1,25,6,9,1,2,0,0,0,6,0,0,2,1,13,0,18.506,0,23.912,1,0,0,0,0,0,0,1,0,0,0,0,1,0,1,-3.5,1,0,"1,471",0
Jason Nelson,Youngstown St.,HOME,Wright St.,Horizon,0,0,Starter,1,21,1,9,0,3,0,0,2,0,2,2,1,2,2,0,18.506,0,23.912,0,0,0,0,0,0,0,0,0,0,0,0,1,0,1,-3.5,1,0,"1,471",0
Vlad Salaridze,Youngstown St.,HOME,Wright St.,Horizon,0,0,Bench,0,10,2,4,1,1,0,0,3,1,1,0,1,3,5,0,18.506,0,23.912,0,0,0,0,0,0,0,0,1,0,0,0,0,0,1,-3.5,1,0,"1,471",0
Tyler Robinett,Youngstown St.,HOME,Wright St.,Horizon,0,0,Bench,0,15,1,4,0,1,0,0,2,2,0,0,0,4,2,0,18.506,0,23.912,0,0,0,0,0,0,0,0,0,0,0,1,0,0,1,-3.5,1,0,"1,471",0
Tae Blackshear,Youngstown St.,HOME,Wright St.,Horizon,0,0,Bench,0,17,2,4,1,1,0,2,0,3,3,0,2,2,5,0,18.506,0,23.912,0,0,0,0,0,0,0,0,0,0,1,0,0,0,1,-3.5,1,0,"1,471",0
Cam Polak,Youngstown St.,HOME,Wright St.,Horizon,0,0,Bench,0,15,1,1,0,0,2,2,0,0,0,0,0,1,4,0,18.506,0,23.912,0,0,0,0,0,0,0,0,0,0,0,0,0,0,1,-3.5,1,0,"1,471",0
Drew King,Youngstown St.,HOME,Wright St.,Horizon,0,0,Bench,0,19,0,0,0,0,1,2,0,2,1,1,4,0,1,0,18.506,0,23.912,0,0,0,0,0,0,0,0,0,0,0,0,0,0,1,-3.5,1,0,"1,471",0
Tolu Samuels,Southern Indiana,AWAY,Western Michigan,MAC,0,0,Starter,1,28,0,1,0,0,3,8,3,7,2,1,1,4,3,0,6.734,0,11.638,1,0,0,0,0,0,0,0,1,0,0,1,1,0,-14,5.5,0,0,"1,029",0
Ola Ajiboye,Southern Indiana,AWAY,Western Michigan,MAC,0,0,Starter,1,17,1,2,0,0,5,6,0,3,0,0,0,3,7,0,6.734,0,11.638,0,0,0,0,0,0,0,0,0,0,0,0,0,0,-14,5.5,0,0,"1,029",0
Kaden Brown,Southern Indiana,AWAY,Western Michigan,MAC,0,0,Starter,1,37,2,9,2,6,1,6,1,1,1,0,2,1,7,0,6.734,0,11.638,0,0,0,0,0,0,0,0,0,0,0,0,1,0,-14,5.5,0,0,"1,029",0
Steven Clay,Southern Indiana,AWAY,Western Michigan,MAC,0,0,Starter,1,8,0,0,0,0,0,0,0,0,0,0,0,0,0,0,6.734,0,11.638,0,0,0,0,0,0,0,0,0,0,0,0,0,0,-14,5.5,0,0,"1,029",0
Ismail Habib,Southern Indiana,AWAY,Western Michigan,MAC,0,0,Starter,1,35,8,19,4,6,3,7,0,3,2,1,2,1,23,0,6.734,0,11.638,1,0,0,0,0,0,0,0,0,0,0,0,1,1,-14,5.5,0,0,"1,029",0
Ben Ezeagu,Southern Indiana,AWAY,Western Michigan,MAC,0,0,Bench,0,8,0,0,0,0,0,0,0,0,0,1,0,3,0,0,6.734,0,11.638,0,0,0,0,0,0,0,0,0,0,0,0,0,0,-14,5.5,0,0,"1,029",0
Devin Curtis,Southern Indiana,AWAY,Western Michigan,MAC,0,0,Bench,0,15,1,3,0,2,1,2,1,1,0,0,0,2,3,0,6.734,0,11.638,0,0,0,0,0,0,0,0,0,0,0,0,0,0,-14,5.5,0,0,"1,029",0
Cardell Bailey,Southern Indiana,AWAY,Western Michigan,MAC,0,0,Bench,0,31,9,15,3,7,5,7,1,5,0,1,1,1,26,0,6.734,0,11.638,1,0,0,0,0,0,1,0,0,0,0,0,1,1,-14,5.5,0,0,"1,029",0
Sheridan Sharp,Southern Indiana,AWAY,Western Michigan,MAC,0,0,Bench,0,17,1,4,0,0,0,0,1,2,3,2,1,1,2,0,6.734,0,11.638,0,0,0,0,0,0,0,0,0,1,0,0,0,0,-14,5.5,0,0,"1,029",0
Max Burton,Western Michigan,HOME,Southern Indiana,Ohio Valley,0,0,Starter,1,29,4,5,0,0,1,1,1,7,3,0,1,1,9,0,11.638,0,6.734,0,0,0,0,0,0,0,0,0,0,0,0,1,0,14,-5.5,0,0,"1,029",0
Brady Swartz,Western Michigan,HOME,Southern Indiana,Ohio Valley,0,0,Starter,1,21,2,6,0,0,0,0,0,4,1,0,0,3,4,0,11.638,0,6.734,0,0,0,0,0,0,0,0,0,0,0,0,1,0,14,-5.5,0,0,"1,029",0
EJ Ryans,Western Michigan,HOME,Southern Indiana,Ohio Valley,0,0,Starter,1,30,6,11,2,5,0,0,0,0,3,0,3,4,14,0,11.638,0,6.734,1,0,0,0,0,0,0,0,0,0,0,1,1,0,14,-5.5,0,0,"1,029",0
Jalen Griffith,Western Michigan,HOME,Southern Indiana,Ohio Valley,0,0,Starter,1,21,4,7,1,3,0,0,0,1,4,1,0,2,9,0,11.638,0,6.734,0,0,0,0,0,0,0,0,0,0,1,0,1,0,14,-5.5,0,0,"1,029",0
Jayden Brewer,Western Michigan,HOME,Southern Indiana,Ohio Valley,0,0,Starter,1,31,10,14,3,4,3,3,0,10,4,1,2,1,26,0,11.638,0,6.734,2,1,0,0,0,1,1,1,0,0,1,0,1,1,14,-5.5,0,0,"1,029",0
Hudson Ward,Western Michigan,HOME,Southern Indiana,Ohio Valley,0,0,Bench,0,17,3,5,0,1,0,0,2,1,1,1,0,2,6,0,11.638,0,6.734,0,0,0,0,0,0,0,0,0,0,0,0,0,0,14,-5.5,0,0,"1,029",0
Declan Peterson,Western Michigan,HOME,Southern Indiana,Ohio Valley,0,0,Bench,0,8,0,0,0,0,0,0,0,2,0,0,1,3,0,0,11.638,0,6.734,0,0,0,0,0,0,0,0,0,0,0,0,0,0,14,-5.5,0,0,"1,029",0
Carson Vis,Western Michigan,HOME,Southern Indiana,Ohio Valley,0,0,Bench,0,13,2,4,1,2,3,4,0,2,1,0,0,1,8,0,11.638,0,6.734,0,0,0,0,0,0,0,0,0,0,0,0,0,0,14,-5.5,0,0,"1,029",0
Trey Lewis,Western Michigan,HOME,Southern Indiana,Ohio Valley,0,0,Bench,0,23,4,10,3,7,1,4,1,8,1,0,1,4,12,0,11.638,0,6.734,1,0,0,0,0,0,0,0,0,0,0,1,1,0,14,-5.5,0,0,"1,029",0
Khouri Carvey,North Carolina Central,AWAY,James Madison,Sun Belt,0,0,Starter,1,17,2,3,0,0,1,3,3,2,1,1,2,4,5,0,33.861,0,14.001,0,0,0,0,0,0,0,0,1,0,0,1,0,0,-5,14.5,1,0,"2,492",0
Jonathan Dunn,North Carolina Central,AWAY,James Madison,Sun Belt,0,0,Starter,1,24,1,1,0,0,0,0,1,1,0,0,0,2,2,0,33.861,0,14.001,0,0,0,0,0,0,0,0,0,0,0,0,1,0,-5,14.5,1,0,"2,492",0
Gage Lattimore,North Carolina Central,AWAY,James Madison,Sun Belt,0,0,Starter,1,40,10,24,5,13,4,5,0,3,2,1,2,3,29,0,33.861,0,14.001,1,0,0,0,0,0,1,0,0,0,0,0,1,1,-5,14.5,1,0,"2,492",0
Tekao Carpenter,North Carolina Central,AWAY,James Madison,Sun Belt,0,0,Starter,1,31,1,7,0,4,0,0,0,1,1,0,1,4,2,0,33.861,0,14.001,0,0,0,0,0,0,0,0,0,0,0,1,1,0,-5,14.5,1,0,"2,492",0
Dionte Johnson,North Carolina Central,AWAY,James Madison,Sun Belt,0,0,Starter,1,37,4,7,2,3,6,6,0,2,7,4,4,1,16,0,33.861,0,14.001,1,0,0,0,0,1,0,0,0,1,1,0,1,0,-5,14.5,1,0,"2,492",0
Kelechi Okworogwo,North Carolina Central,AWAY,James Madison,Sun Belt,0,0,Bench,0,35,3,7,0,0,0,1,2,10,0,0,0,1,6,0,33.861,0,14.001,1,0,0,0,0,0,0,1,0,0,0,0,1,0,-5,14.5,1,0,"2,492",0
Kyric Davis,North Carolina Central,AWAY,James Madison,Sun Belt,0,0,Bench,0,9,0,1,0,0,0,0,1,2,0,0,1,1,0,0,33.861,0,14.001,0,0,0,0,0,0,0,0,0,0,0,0,0,0,-5,14.5,1,0,"2,492",0
Gabe Newhof,James Madison,HOME,North Carolina Central,MEAC,0,0,Starter,1,17,4,9,0,0,0,0,2,4,0,0,1,0,8,0,14.001,0,33.861,0,0,0,0,0,0,0,0,0,0,0,0,0,0,5,-14.5,1,0,"2,492",0
Eddie Ricks III,James Madison,HOME,North Carolina Central,MEAC,0,0,Starter,1,34,0,2,0,2,5,7,0,7,3,3,0,1,5,0,14.001,0,33.861,0,0,0,0,0,0,0,0,0,0,0,0,1,0,5,-14.5,1,0,"2,492",0
Justin McBride,James Madison,HOME,North Carolina Central,MEAC,0,0,Starter,1,34,4,10,1,3,7,11,2,4,0,1,3,2,16,0,14.001,0,33.861,1,0,0,0,0,0,0,0,0,0,0,0,1,0,5,-14.5,1,0,"2,492",0
Cliff Davis,James Madison,HOME,North Carolina Central,MEAC,0,0,Starter,1,33,5,9,4,8,4,4,0,1,1,0,0,1,18,0,14.001,0,33.861,1,0,0,0,0,1,0,0,0,0,0,0,1,0,5,-14.5,1,0,"2,492",0
Paul Lewis,James Madison,HOME,North Carolina Central,MEAC,0,0,Starter,1,25,1,6,1,4,3,6,1,0,3,1,2,4,6,0,14.001,0,33.861,0,0,0,0,0,0,0,0,0,0,0,1,1,0,5,-14.5,1,0,"2,492",0
Preston Fowler,James Madison,HOME,North Carolina Central,MEAC,0,0,Bench,0,12,1,3,1,3,0,0,1,3,1,1,0,1,3,0,14.001,0,33.861,0,0,0,0,0,0,0,0,0,0,0,0,0,0,5,-14.5,1,0,"2,492",0
Christian Brown,James Madison,HOME,North Carolina Central,MEAC,0,0,Bench,0,7,2,6,1,1,0,0,3,1,0,0,0,4,5,0,14.001,0,33.861,0,0,0,0,0,0,0,0,1,0,0,1,0,0,5,-14.5,1,0,"2,492",0
Eli Wilborn,James Madison,HOME,North Carolina Central,MEAC,0,0,Bench,0,16,0,3,0,0,0,0,2,3,1,0,1,2,0,0,14.001,0,33.861,0,0,0,1,0,0,0,0,0,0,0,0,0,0,5,-14.5,1,0,"2,492",0
Oriekose Egbule,James Madison,HOME,North Carolina Central,MEAC,0,0,Bench,0,7,0,0,0,0,0,0,0,0,1,0,1,1,0,0,14.001,0,33.861,0,0,0,0,0,0,0,0,0,0,0,0,0,0,5,-14.5,1,0,"2,492",0
Paul Jones III,James Madison,HOME,North Carolina Central,MEAC,0,0,Bench,0,15,1,4,1,3,3,4,0,1,0,0,2,0,6,0,14.001,0,33.861,0,0,0,0,0,0,0,0,0,0,0,0,0,0,5,-14.5,1,0,"2,492",0
Joshua Lewis,Louisiana,AWAY,Lamar,Southland,0,0,Starter,1,27,2,4,1,1,0,0,1,3,2,1,0,4,5,0,11.999,0,21.78,0,0,0,0,0,0,0,0,0,0,0,1,1,0,-10,10,0,0,"1,499",0
Jeremiah Evans,Louisiana,AWAY,Lamar,Southland,0,0,Starter,1,16,2,4,0,0,3,3,1,2,2,0,2,4,7,0,11.999,0,21.78,0,0,0,0,0,1,0,0,0,0,0,1,0,0,-10,10,0,0,"1,499",0
Mike Collins,Louisiana,AWAY,Lamar,Southland,0,0,Starter,1,29,2,5,0,2,0,1,0,0,3,2,3,1,4,0,11.999,0,21.78,0,0,0,0,0,0,0,0,0,0,0,0,1,0,-10,10,0,0,"1,499",0
Jaxon Olvera,Louisiana,AWAY,Lamar,Southland,0,0,Starter,1,37,4,12,3,7,0,0,0,6,2,1,4,1,11,0,11.999,0,21.78,1,0,0,0,0,0,0,0,0,0,0,0,1,0,-10,10,0,0,"1,499",0
Dorian Finister,Louisiana,AWAY,Lamar,Southland,0,0,Starter,1,26,3,9,2,7,1,2,2,4,1,0,2,4,9,0,11.999,0,21.78,0,0,0,0,0,0,0,0,0,0,0,1,1,0,-10,10,0,0,"1,499",0
Dariyus Woodson,Louisiana,AWAY,Lamar,Southland,0,0,Bench,0,21,3,7,1,4,2,2,1,1,1,0,1,0,9,0,11.999,0,21.78,0,0,0,0,0,0,0,0,0,0,0,0,1,0,-10,10,0,0,"1,499",0
Todd Jones Jr.,Louisiana,AWAY,Lamar,Southland,0,0,Bench,0,10,0,1,0,0,0,0,0,0,1,0,1,1,0,0,11.999,0,21.78,0,0,0,0,0,0,0,0,0,0,0,0,0,0,-10,10,0,0,"1,499",0
Kyran Ratliff,Louisiana,AWAY,Lamar,Southland,0,0,Bench,0,7,1,2,0,0,0,0,0,0,0,0,0,2,2,0,11.999,0,21.78,0,0,0,0,0,0,0,0,0,0,0,0,0,0,-10,10,0,0,"1,499",0
De'Vion Lavergne,Louisiana,AWAY,Lamar,Southland,0,0,Bench,0,9,0,0,0,0,0,0,1,2,2,0,2,0,0,0,11.999,0,21.78,0,0,0,0,0,0,0,0,0,0,0,0,0,0,-10,10,0,0,"1,499",0
Milan Mejia,Louisiana,AWAY,Lamar,Southland,0,0,Bench,0,18,3,4,2,3,0,0,0,2,1,0,2,1,8,0,11.999,0,21.78,0,0,0,0,0,0,0,0,0,0,0,0,0,0,-10,10,0,0,"1,499",0
Braden East,Lamar,HOME,Louisiana,Sun Belt,0,0,Starter,1,31,9,17,0,0,6,10,3,9,2,0,1,4,24,0,21.78,0,11.999,2,1,0,0,0,0,1,1,0,0,0,1,1,1,10,-10,0,0,"1,499",0
Errol White,Lamar,HOME,Louisiana,Sun Belt,0,0,Starter,1,32,1,5,0,0,2,2,5,4,0,1,0,0,4,0,21.78,0,11.999,0,0,0,0,0,0,0,0,1,0,0,0,1,0,10,-10,0,0,"1,499",0
Andrew Holifield,Lamar,HOME,Louisiana,Sun Belt,0,0,Starter,1,26,4,7,1,3,4,6,1,4,2,1,1,2,13,0,21.78,0,11.999,1,0,0,0,0,0,0,0,0,0,0,0,1,0,10,-10,0,0,"1,499",0
Rob Lee Jr.,Lamar,HOME,Louisiana,Sun Belt,0,0,Starter,1,30,4,10,1,1,1,2,0,1,5,0,0,0,10,0,21.78,0,11.999,1,0,0,0,0,0,0,0,0,0,1,0,1,0,10,-10,0,0,"1,499",0
Cody Pennebaker,Lamar,HOME,Louisiana,Sun Belt,0,0,Starter,1,33,5,6,0,0,0,1,0,2,3,6,0,1,10,0,21.78,0,11.999,1,0,0,0,0,0,0,0,0,1,0,0,1,0,10,-10,0,0,"1,499",0
Eian Lowe,Lamar,HOME,Louisiana,Sun Belt,0,0,Bench,0,9,0,1,0,1,0,0,0,1,0,0,1,1,0,0,21.78,0,11.999,0,0,0,0,0,0,0,0,0,0,0,0,0,0,10,-10,0,0,"1,499",0
King-Njhsanni Wilhite,Lamar,HOME,Louisiana,Sun Belt,0,0,Bench,0,14,0,3,0,0,0,0,0,0,2,1,0,3,0,0,21.78,0,11.999,0,0,0,1,0,0,0,0,0,0,0,0,0,0,10,-10,0,0,"1,499",0
Jayden Gambrell,Lamar,HOME,Louisiana,Sun Belt,0,0,Bench,0,5,0,0,0,0,0,0,0,0,0,0,0,0,0,0,21.78,0,11.999,0,0,0,0,0,0,0,0,0,0,0,0,0,0,10,-10,0,0,"1,499",0
B.B. Knight,Lamar,HOME,Louisiana,Sun Belt,0,0,Bench,0,9,1,3,0,2,2,3,0,0,0,0,1,1,4,0,21.78,0,11.999,0,0,0,0,0,0,0,0,0,0,0,0,0,0,10,-10,0,0,"1,499",0
Martin de LaPorterie,Drexel,AWAY,American,Patriot,0,0,Starter,1,11,2,4,0,0,0,0,0,1,0,0,1,1,4,0,28.006,0,17.215,0,0,0,0,0,0,0,0,0,0,0,0,0,0,-2,4.5,1,0,"1,065",0
Kevon Vanderhorst,Drexel,AWAY,American,Patriot,0,0,Starter,1,29,6,11,0,4,1,2,0,2,3,0,1,4,13,0,28.006,0,17.215,1,0,0,0,0,0,0,0,0,0,1,1,1,0,-2,4.5,1,0,"1,065",0
Josh Reed,Drexel,AWAY,American,Patriot,0,0,Starter,1,15,0,5,0,0,0,0,0,0,1,0,0,2,0,0,28.006,0,17.215,0,0,0,1,0,0,0,0,0,0,0,0,0,0,-2,4.5,1,0,"1,065",0
Villiam Garcia Adsten,Drexel,AWAY,American,Patriot,0,0,Starter,1,28,1,4,1,2,0,1,4,7,1,0,2,2,3,0,28.006,0,17.215,1,0,0,0,0,0,0,1,1,0,0,0,1,0,-2,4.5,1,0,"1,065",0
Shane Blakeney,Drexel,AWAY,American,Patriot,0,0,Starter,1,34,9,18,2,6,2,4,1,4,2,2,2,2,22,0,28.006,0,17.215,1,0,0,0,0,0,1,0,0,0,0,0,1,1,-2,4.5,1,0,"1,065",0
Victor Panov,Drexel,AWAY,American,Patriot,0,0,Bench,0,16,3,4,1,2,2,3,1,2,1,0,2,1,9,0,28.006,0,17.215,0,0,0,0,0,0,0,0,0,0,0,0,0,0,-2,4.5,1,0,"1,065",0
Garfield Turner,Drexel,AWAY,American,Patriot,0,0,Bench,0,22,3,3,0,0,0,0,3,6,0,0,1,3,6,0,28.006,0,17.215,0,0,0,0,1,0,0,0,0,0,0,0,1,0,-2,4.5,1,0,"1,065",0
Eli Beard,Drexel,AWAY,American,Patriot,0,0,Bench,0,26,4,8,1,3,2,3,0,3,3,1,1,2,11,0,28.006,0,17.215,1,0,0,0,0,0,0,0,0,0,1,0,1,0,-2,4.5,1,0,"1,065",0
Dillon Tingler,Drexel,AWAY,American,Patriot,0,0,Bench,0,17,1,1,1,1,2,2,0,2,1,2,1,2,5,0,28.006,0,17.215,0,0,0,0,0,0,0,0,0,0,0,0,0,0,-2,4.5,1,0,"1,065",0
Julen Iturbe,American,HOME,Drexel,CAA,0,0,Starter,1,26,2,7,1,3,3,4,3,5,1,2,0,1,8,0,17.215,0,28.006,0,0,0,0,0,0,0,0,0,0,0,0,1,0,2,-4.5,1,0,"1,065",0
Matt Mayock,American,HOME,Drexel,CAA,0,0,Starter,1,30,5,9,3,4,2,2,1,2,1,0,2,1,15,0,17.215,0,28.006,1,0,0,0,0,0,0,0,0,0,0,0,1,0,2,-4.5,1,0,"1,065",0
Greg Jones,American,HOME,Drexel,CAA,0,0,Starter,1,33,3,10,1,4,4,5,1,7,3,1,1,1,11,0,17.215,0,28.006,1,0,0,0,0,0,0,1,0,0,1,0,1,0,2,-4.5,1,0,"1,065",0
Wyatt Nausadis,American,HOME,Drexel,CAA,0,0,Starter,1,24,2,5,1,3,2,2,0,2,1,0,1,3,7,0,17.215,0,28.006,0,0,0,0,0,0,0,0,0,0,0,0,1,0,2,-4.5,1,0,"1,065",0
Geoff Sprouse,American,HOME,Drexel,CAA,0,0,Starter,1,27,4,8,2,5,1,2,0,2,2,3,0,0,11,0,17.215,0,28.006,1,0,0,0,0,0,0,0,0,1,0,0,1,0,2,-4.5,1,0,"1,065",0
Chris Eagan,American,HOME,Drexel,CAA,0,0,Bench,0,11,2,3,0,0,0,0,0,0,0,0,0,3,4,0,17.215,0,28.006,0,0,0,0,0,0,0,0,0,0,0,0,0,0,2,-4.5,1,0,"1,065",0
Kade Sebastian,American,HOME,Drexel,CAA,0,0,Bench,0,21,0,1,0,0,0,0,1,2,1,1,1,2,0,0,17.215,0,28.006,0,0,0,0,0,0,0,0,0,0,0,0,1,0,2,-4.5,1,0,"1,065",0
Dean Hogans,American,HOME,Drexel,CAA,0,0,Bench,0,6,0,0,0,0,0,2,2,0,0,0,1,0,0,0,17.215,0,28.006,0,0,0,0,0,0,0,0,0,0,0,0,0,0,2,-4.5,1,0,"1,065",0
Madden Collins,American,HOME,Drexel,CAA,0,0,Bench,0,20,6,15,1,7,6,10,1,4,1,1,0,4,19,0,17.215,0,28.006,1,0,0,0,0,0,0,0,0,0,0,1,1,0,2,-4.5,1,0,"1,065",0
Kaspar Sepp,Cornell,AWAY,Towson,CAA,0,0,Starter,1,29,4,8,1,1,3,4,3,3,4,0,1,3,12,0,25.028,0,19.283,1,0,0,0,0,0,0,0,0,0,0,0,1,0,-13,6.5,0,0,"2,215",0
DJ Nix,Cornell,AWAY,Towson,CAA,0,0,Starter,1,13,1,1,0,0,0,0,0,2,0,0,1,0,2,0,25.028,0,19.283,0,0,0,0,0,0,0,0,0,0,0,0,0,0,-13,6.5,0,0,"2,215",0
Jacob Beccles,Cornell,AWAY,Towson,CAA,0,0,Starter,1,26,3,4,0,1,1,3,0,2,3,1,1,1,7,0,25.028,0,19.283,0,0,0,0,1,0,0,0,0,0,0,0,1,0,-13,6.5,0,0,"2,215",0
Cooper Noard,Cornell,AWAY,Towson,CAA,0,0,Starter,1,31,6,15,0,7,2,2,0,3,2,1,1,2,14,0,25.028,0,19.283,1,0,0,0,0,0,0,0,0,0,0,0,1,0,-13,6.5,0,0,"2,215",0
Adam Hinton,Cornell,AWAY,Towson,CAA,0,0,Starter,1,34,5,9,5,6,2,2,2,1,1,1,3,0,17,0,25.028,0,19.283,1,0,0,0,0,0,0,0,0,0,0,0,1,0,-13,6.5,0,0,"2,215",0
Anthony Nimani,Cornell,AWAY,Towson,CAA,0,0,Bench,0,14,3,3,0,0,1,2,0,2,0,0,0,1,7,0,25.028,0,19.283,0,0,0,0,1,0,0,0,0,0,0,0,0,0,-13,6.5,0,0,"2,215",0
Corbin Zentner,Cornell,AWAY,Towson,CAA,0,0,Bench,0,8,0,1,0,1,0,0,0,0,0,0,1,0,0,0,25.028,0,19.283,0,0,0,0,0,0,0,0,0,0,0,0,0,0,-13,6.5,0,0,"2,215",0
Jake Fiegen,Cornell,AWAY,Towson,CAA,0,0,Bench,0,26,7,13,0,2,5,5,1,1,0,1,2,3,19,0,25.028,0,19.283,1,0,0,0,0,1,0,0,0,0,0,0,1,0,-13,6.5,0,0,"2,215",0
Josh Baldwin,Cornell,AWAY,Towson,CAA,0,0,Bench,0,13,1,2,0,1,0,0,0,1,3,0,2,2,2,0,25.028,0,19.283,0,0,0,0,0,0,0,0,0,0,0,0,0,0,-13,6.5,0,0,"2,215",0
Caleb Embeya,Towson,HOME,Cornell,Ivy,0,0,Starter,1,23,2,2,0,0,2,2,5,2,0,0,1,4,6,0,19.283,0,25.028,0,0,0,0,0,0,0,0,1,0,0,1,1,0,13,-6.5,0,0,"2,215",0
Tyler Coleman,Towson,HOME,Cornell,Ivy,0,0,Starter,1,19,4,4,1,1,0,1,3,3,1,1,2,1,9,0,19.283,0,25.028,0,0,0,0,1,0,0,0,0,0,0,0,0,0,13,-6.5,0,0,"2,215",0
Tyler Tejada,Towson,HOME,Cornell,Ivy,0,0,Starter,1,38,9,18,6,10,2,2,0,8,3,1,1,4,26,0,19.283,0,25.028,1,0,0,0,0,0,1,1,0,0,0,1,1,1,13,-6.5,0,0,"2,215",0
Dylan Williamson,Towson,HOME,Cornell,Ivy,0,0,Starter,1,36,7,15,0,4,1,2,0,2,8,0,2,1,15,0,19.283,0,25.028,1,0,0,0,0,0,0,0,0,0,1,0,1,0,13,-6.5,0,0,"2,215",0
Tyler Schmidt,Towson,HOME,Cornell,Ivy,0,0,Starter,1,23,3,5,1,2,0,0,1,0,2,1,0,1,7,0,19.283,0,25.028,0,0,0,0,0,0,0,0,0,0,0,0,1,0,13,-6.5,0,0,"2,215",0
Jack Doumbia Jr.,Towson,HOME,Cornell,Ivy,0,0,Bench,0,17,5,8,0,0,3,6,0,1,2,1,2,3,13,0,19.283,0,25.028,1,0,0,0,0,0,0,0,0,0,0,0,0,0,13,-6.5,0,0,"2,215",0
Mor Seck,Towson,HOME,Cornell,Ivy,0,0,Bench,0,14,3,6,0,0,0,0,2,2,0,1,2,3,6,0,19.283,0,25.028,0,0,0,0,0,0,0,0,0,0,0,0,0,0,13,-6.5,0,0,"2,215",0
Jaquan Womack,Towson,HOME,Cornell,Ivy,0,0,Bench,0,13,3,3,2,2,0,0,1,1,1,2,0,1,8,0,19.283,0,25.028,0,0,0,0,0,0,0,0,0,1,0,0,0,0,13,-6.5,0,0,"2,215",0
Chike Ndefo,Towson,HOME,Cornell,Ivy,0,0,Bench,0,9,0,2,0,0,0,2,2,0,0,0,0,1,0,0,19.283,0,25.028,0,0,0,0,0,0,0,0,0,0,0,0,0,0,13,-6.5,0,0,"2,215",0
Jaiden Cole,Towson,HOME,Cornell,Ivy,0,0,Bench,0,8,1,3,1,3,0,0,0,1,1,0,0,0,3,0,19.283,0,25.028,0,0,0,0,0,0,0,0,0,0,0,0,0,0,13,-6.5,0,0,"2,215",0
John Squire,New Hampshire,AWAY,Dartmouth,Ivy,0,0,Starter,1,28,2,4,0,0,2,2,2,1,1,2,1,1,6,0,7.517,0,10.359,0,0,0,0,0,0,0,0,0,0,0,0,1,0,-1,8.5,1,0,864,0
Belal El Shakery,New Hampshire,AWAY,Dartmouth,Ivy,0,0,Starter,1,22,3,8,0,1,1,4,1,4,1,0,4,2,7,0,7.517,0,10.359,0,0,0,0,0,0,0,0,0,0,0,0,1,0,-1,8.5,1,0,864,0
Davide Poser,New Hampshire,AWAY,Dartmouth,Ivy,0,0,Starter,1,32,2,6,1,3,1,1,0,5,1,2,0,2,6,0,7.517,0,10.359,0,0,0,0,0,0,0,0,0,0,0,0,1,0,-1,8.5,1,0,864,0
KiJan Robinson,New Hampshire,AWAY,Dartmouth,Ivy,0,0,Starter,1,24,5,11,0,2,0,0,0,2,0,0,2,2,10,0,7.517,0,10.359,1,0,0,0,0,0,0,0,0,0,0,0,1,0,-1,8.5,1,0,864,0
Jack Graham,New Hampshire,AWAY,Dartmouth,Ivy,0,0,Starter,1,34,2,8,0,4,1,2,0,3,1,3,0,0,5,0,7.517,0,10.359,0,0,0,0,0,0,0,0,0,1,0,0,1,0,-1,8.5,1,0,864,0
Giannos Xanthopoulos,New Hampshire,AWAY,Dartmouth,Ivy,0,0,Bench,0,8,1,2,0,0,0,0,0,2,0,0,0,1,2,0,7.517,0,10.359,0,0,0,0,0,0,0,0,0,0,0,0,0,0,-1,8.5,1,0,864,0
Tyler Bike,New Hampshire,AWAY,Dartmouth,Ivy,0,0,Bench,0,15,2,4,1,2,0,0,0,3,3,1,0,3,5,0,7.517,0,10.359,0,0,0,0,0,0,0,0,0,0,1,0,0,0,-1,8.5,1,0,864,0
R.J. Kennedy,New Hampshire,AWAY,Dartmouth,Ivy,0,0,Bench,0,17,4,9,2,3,2,2,2,2,0,0,0,4,12,0,7.517,0,10.359,1,0,0,0,0,0,0,0,0,0,0,1,0,0,-1,8.5,1,0,864,0
Comeh Emuobor,New Hampshire,AWAY,Dartmouth,Ivy,0,0,Bench,0,20,5,10,0,2,5,5,2,1,0,1,1,0,15,0,7.517,0,10.359,1,0,0,0,0,1,0,0,0,0,0,0,1,0,-1,8.5,1,0,864,0
Jackson Munro,Dartmouth,HOME,New Hampshire,American East,0,0,Starter,1,26,1,6,1,4,0,0,3,4,3,0,0,3,3,0,10.359,0,7.517,0,0,0,0,0,0,0,0,0,0,1,0,1,0,1,-8.5,1,0,864,0
Jayden Williams,Dartmouth,HOME,New Hampshire,American East,0,0,Starter,1,29,6,11,2,6,0,0,1,7,2,0,3,3,14,0,10.359,0,7.517,1,0,0,0,0,0,0,1,0,0,0,0,1,0,1,-8.5,1,0,864,0
Brandon Mitchell-Day,Dartmouth,HOME,New Hampshire,American East,0,0,Starter,1,30,6,13,1,3,2,2,4,4,3,2,4,0,15,0,10.359,0,7.517,1,0,0,0,0,0,0,0,1,0,1,0,1,0,1,-8.5,1,0,864,0
Connor Amundsen,Dartmouth,HOME,New Hampshire,American East,0,0,Starter,1,33,2,8,2,5,2,2,0,2,1,1,1,3,8,0,10.359,0,7.517,0,0,0,0,0,0,0,0,0,0,0,0,1,0,1,-8.5,1,0,864,0
Kareem Thomas,Dartmouth,HOME,New Hampshire,American East,0,0,Starter,1,26,7,9,0,1,4,5,0,4,1,1,2,2,18,0,10.359,0,7.517,1,0,0,0,0,0,1,0,0,0,0,0,1,0,1,-8.5,1,0,864,0
Shanon Simango,Dartmouth,HOME,New Hampshire,American East,0,0,Bench,0,7,0,1,0,0,0,0,0,2,0,0,2,0,0,0,10.359,0,7.517,0,0,0,0,0,0,0,0,0,0,0,0,0,0,1,-8.5,1,0,864,0
Cam Hiatt,Dartmouth,HOME,New Hampshire,American East,0,0,Bench,0,24,2,5,2,3,1,2,0,3,0,0,1,1,7,0,10.359,0,7.517,0,0,0,0,0,0,0,0,0,0,0,0,1,0,1,-8.5,1,0,864,0
Cameron McNamee,Dartmouth,HOME,New Hampshire,American East,0,0,Bench,0,25,1,8,0,4,2,4,2,2,0,0,0,1,4,0,10.359,0,7.517,0,0,0,0,0,0,0,0,0,0,0,0,1,0,1,-8.5,1,0,864,0
Nadjrıck Peat,Coastal Carolina,AWAY,USC Upstate,Big South,0,0,Starter,1,20,2,5,0,0,0,0,3,5,0,0,0,3,4,0,12.234,0,10.323,0,0,0,0,0,0,0,0,1,0,0,0,1,0,-7,2.5,1,1,717,0
Reggie Hill,Coastal Carolina,AWAY,USC Upstate,Big South,0,0,Starter,1,23,2,3,2,2,0,0,0,6,0,1,1,3,6,0,12.234,0,10.323,0,0,0,0,0,0,0,1,0,0,0,0,1,0,-7,2.5,1,1,717,0
AJ Dancler,Coastal Carolina,AWAY,USC Upstate,Big South,0,0,Starter,1,41,5,18,4,8,2,2,1,3,4,2,0,3,16,0,12.234,0,10.323,1,0,0,0,0,0,0,0,0,1,1,0,1,0,-7,2.5,1,1,717,0
Rasheed Jones,Coastal Carolina,AWAY,USC Upstate,Big South,0,0,Starter,1,42,6,16,3,7,4,5,0,6,2,1,2,4,19,0,12.234,0,10.323,1,0,0,0,0,0,0,1,0,0,0,1,1,0,-7,2.5,1,1,717,0
Joshua Beadle,Coastal Carolina,AWAY,USC Upstate,Big South,0,0,Starter,1,39,6,15,1,3,3,4,2,3,4,2,3,4,16,0,12.234,0,10.323,1,0,0,0,0,0,0,0,0,1,1,1,1,0,-7,2.5,1,1,717,0
Derrick Green,Coastal Carolina,AWAY,USC Upstate,Big South,0,0,Bench,0,6,0,2,0,0,1,2,2,0,0,0,0,0,1,0,12.234,0,10.323,0,0,0,0,0,0,0,0,0,0,0,0,0,0,-7,2.5,1,1,717,0
Braeden MacVicar,Coastal Carolina,AWAY,USC Upstate,Big South,0,0,Bench,0,7,1,3,1,3,0,0,1,2,0,0,0,3,3,0,12.234,0,10.323,0,0,0,0,0,0,0,0,0,0,0,0,0,0,-7,2.5,1,1,717,0
Tristan Thompson,Coastal Carolina,AWAY,USC Upstate,Big South,0,0,Bench,0,27,1,7,0,2,0,0,1,4,0,0,0,1,2,0,12.234,0,10.323,0,0,0,0,0,0,0,0,0,0,0,0,1,0,-7,2.5,1,1,717,0
DaJohn Craig,Coastal Carolina,AWAY,USC Upstate,Big South,0,0,Bench,0,16,4,6,1,3,0,0,0,0,0,1,0,5,9,0,12.234,0,10.323,0,0,0,0,1,0,0,0,0,0,0,1,0,0,-7,2.5,1,1,717,0
Learic Davis,USC Upstate,HOME,Coastal Carolina,Sun Belt,0,0,Starter,1,36,4,8,3,6,0,0,3,6,1,1,1,1,11,0,10.323,0,12.234,1,0,0,0,0,0,0,1,1,0,0,0,1,0,7,-2.5,1,1,717,0
Coen Collier,USC Upstate,HOME,Coastal Carolina,Sun Belt,0,0,Starter,1,15,0,1,0,1,0,2,0,5,0,0,2,1,0,0,10.323,0,12.234,0,0,0,0,0,0,0,0,0,0,0,0,0,0,7,-2.5,1,1,717,0
Mason Bendinger,USC Upstate,HOME,Coastal Carolina,Sun Belt,0,0,Starter,1,32,7,16,1,2,12,15,1,4,0,1,1,2,27,0,10.323,0,12.234,1,0,0,0,0,0,1,0,0,0,0,0,1,1,7,-2.5,1,1,717,0
Tyler Smith,USC Upstate,HOME,Coastal Carolina,Sun Belt,0,0,Starter,1,26,2,6,0,1,0,1,0,5,3,0,1,3,4,0,10.323,0,12.234,0,0,0,0,0,0,0,0,0,0,0,0,1,0,7,-2.5,1,1,717,0
Karmani Gregory,USC Upstate,HOME,Coastal Carolina,Sun Belt,0,0,Starter,1,37,9,17,1,5,2,4,2,5,3,1,1,3,21,0,10.323,0,12.234,1,0,0,0,0,0,0,0,0,0,0,0,1,1,7,-2.5,1,1,717,0
Jafeth Martinez,USC Upstate,HOME,Coastal Carolina,Sun Belt,0,0,Bench,0,16,0,0,0,0,3,6,2,3,0,0,2,1,3,0,10.323,0,12.234,0,0,0,0,0,0,0,0,0,0,0,0,0,0,7,-2.5,1,1,717,0
Isaiah Skinner,USC Upstate,HOME,Coastal Carolina,Sun Belt,0,0,Bench,0,16,1,1,1,1,0,0,1,2,0,0,0,2,3,0,10.323,0,12.234,0,0,0,0,0,0,0,0,0,0,0,0,0,0,7,-2.5,1,1,717,0
Carmelo Adkins,USC Upstate,HOME,Coastal Carolina,Sun Belt,0,0,Bench,0,29,3,10,1,3,7,8,0,3,1,1,3,0,14,0,10.323,0,12.234,1,0,0,0,0,0,0,0,0,0,0,0,1,0,7,-2.5,1,1,717,0
Kanye Jones,USC Upstate,HOME,Coastal Carolina,Sun Belt,0,0,Bench,0,18,1,4,0,1,0,0,0,0,0,1,0,0,2,0,10.323,0,12.234,0,0,0,0,0,0,0,0,0,0,0,0,0,0,7,-2.5,1,1,717,0
Rolyns Aligbe,Southern Illinois,AWAY,High Point,Big South,0,0,Starter,1,18,2,8,0,1,1,2,3,4,1,0,1,2,5,0,35.312,0,12.849,0,0,0,0,0,0,0,0,0,0,0,0,0,0,2,9.5,1,0,"2,497",0
Prince Aligbe,Southern Illinois,AWAY,High Point,Big South,0,0,Starter,1,26,4,7,0,0,2,2,3,2,0,0,1,2,10,0,35.312,0,12.849,1,0,0,0,0,0,0,0,0,0,0,0,1,0,2,9.5,1,0,"2,497",0
Quel’Ron House,Southern Illinois,AWAY,High Point,Big South,0,0,Starter,1,27,3,9,0,1,0,0,0,3,2,0,3,1,6,0,35.312,0,12.849,0,0,0,0,0,0,0,0,0,0,0,0,1,0,2,9.5,1,0,"2,497",0
Damien Mayo Jr.,Southern Illinois,AWAY,High Point,Big South,0,0,Starter,1,23,7,12,4,6,4,4,2,3,2,3,4,2,22,0,35.312,0,12.849,1,0,0,0,0,1,1,0,0,1,0,0,1,1,2,9.5,1,0,"2,497",0
Drew Steffe,Southern Illinois,AWAY,High Point,Big South,0,0,Starter,1,33,6,10,4,7,2,4,0,4,7,1,1,2,18,0,35.312,0,12.849,1,0,0,0,0,0,0,0,0,0,1,0,1,0,2,9.5,1,0,"2,497",0
Jorge Moreno,Southern Illinois,AWAY,High Point,Big South,0,0,Bench,0,16,2,3,0,0,0,0,0,4,1,0,0,2,4,0,35.312,0,12.849,0,0,0,0,0,0,0,0,0,0,0,0,0,0,2,9.5,1,0,"2,497",0
Jalen Haynes,Southern Illinois,AWAY,High Point,Big South,0,0,Bench,0,23,5,8,0,3,0,0,1,1,5,1,2,2,10,0,35.312,0,12.849,1,0,0,0,1,0,0,0,0,0,0,0,1,0,2,9.5,1,0,"2,497",0
Isaiah Stafford,Southern Illinois,AWAY,High Point,Big South,0,0,Bench,0,15,3,7,2,3,0,0,1,5,1,1,0,1,8,0,35.312,0,12.849,0,0,0,0,0,0,0,0,0,0,0,0,0,0,2,9.5,1,0,"2,497",0
Davion Sykes,Southern Illinois,AWAY,High Point,Big South,0,0,Bench,0,16,1,2,0,0,1,2,0,3,1,0,0,4,3,0,35.312,0,12.849,0,0,0,0,0,0,0,0,0,0,0,1,0,0,2,9.5,1,0,"2,497",0
Owen Aquino,High Point,HOME,Southern Illinois,Missouri Valley,0,0,Starter,1,31,3,6,0,0,2,3,3,2,4,1,3,2,8,0,12.849,0,35.312,0,0,0,0,0,0,0,0,0,0,0,0,1,0,-2,-9.5,1,0,"2,497",0
Terry Anderson,High Point,HOME,Southern Illinois,Missouri Valley,0,0,Starter,1,33,6,13,2,2,7,9,3,7,3,1,1,3,21,0,12.849,0,35.312,2,1,0,0,0,0,0,1,0,0,0,0,1,1,-2,-9.5,1,0,"2,497",0
Cam’Ron Fletcher,High Point,HOME,Southern Illinois,Missouri Valley,0,0,Starter,1,28,3,7,1,3,1,2,4,6,1,2,2,1,8,0,12.849,0,35.312,1,0,0,0,0,0,0,0,1,0,0,0,1,0,-2,-9.5,1,0,"2,497",0
Rob Martin,High Point,HOME,Southern Illinois,Missouri Valley,0,0,Starter,1,30,8,17,3,6,1,3,1,1,0,1,2,1,20,0,12.849,0,35.312,1,0,0,0,0,0,0,0,0,0,0,0,1,1,-2,-9.5,1,0,"2,497",0
Chase Johnston,High Point,HOME,Southern Illinois,Missouri Valley,0,0,Starter,1,16,2,7,2,6,0,0,0,1,0,0,0,2,6,0,12.849,0,35.312,0,0,0,0,0,0,0,0,0,0,0,0,0,0,-2,-9.5,1,0,"2,497",0
Josh Ibukunoluwa,High Point,HOME,Southern Illinois,Missouri Valley,0,0,Bench,0,9,1,1,0,0,0,0,1,0,0,1,0,1,2,0,12.849,0,35.312,0,0,0,0,0,0,0,0,0,0,0,0,0,0,-2,-9.5,1,0,"2,497",0
Braden Hausen,High Point,HOME,Southern Illinois,Missouri Valley,0,0,Bench,0,8,0,2,0,2,0,0,0,1,0,0,0,0,0,0,12.849,0,35.312,0,0,0,0,0,0,0,0,0,0,0,0,0,0,-2,-9.5,1,0,"2,497",0
Conrad Martinez,High Point,HOME,Southern Illinois,Missouri Valley,0,0,Bench,0,30,2,8,0,4,7,7,0,0,2,1,3,0,11,0,12.849,0,35.312,1,0,0,0,0,1,0,0,0,0,0,0,1,0,-2,-9.5,1,0,"2,497",0
Scotty Washington,High Point,HOME,Southern Illinois,Missouri Valley,0,0,Bench,0,14,3,4,2,3,0,0,0,2,0,1,0,2,8,0,12.849,0,35.312,0,0,0,0,0,0,0,0,0,0,0,0,0,0,-2,-9.5,1,0,"2,497",0
Jonah Pierce,Presbyterian,AWAY,Wofford,Southern,0,0,Starter,1,33,8,14,0,0,3,5,3,11,0,0,4,2,19,0,28.364,0,19.034,2,1,0,0,0,0,1,1,0,0,0,0,1,0,-7,6.5,1,0,"1,410",0
Jaylen Peterson,Presbyterian,AWAY,Wofford,Southern,0,0,Starter,1,14,1,2,0,0,0,0,0,2,0,0,0,0,2,0,28.364,0,19.034,0,0,0,0,0,0,0,0,0,0,0,0,0,0,-7,6.5,1,0,"1,410",0
Josh Pickett,Presbyterian,AWAY,Wofford,Southern,0,0,Starter,1,31,0,5,0,1,0,0,0,1,1,1,3,4,0,0,28.364,0,19.034,0,0,0,1,0,0,0,0,0,0,0,1,1,0,-7,6.5,1,0,"1,410",0
Triston Wilson,Presbyterian,AWAY,Wofford,Southern,0,0,Starter,1,34,2,10,1,3,2,4,2,5,3,0,2,3,7,0,28.364,0,19.034,0,0,0,0,0,0,0,0,0,0,1,0,1,0,-7,6.5,1,0,"1,410",0
Carl Parrish,Presbyterian,AWAY,Wofford,Southern,0,0,Starter,1,27,4,11,3,6,0,1,0,1,2,0,0,2,11,0,28.364,0,19.034,1,0,0,0,0,0,0,0,0,0,0,0,1,0,-7,6.5,1,0,"1,410",0
Chidi Chiakwelu,Presbyterian,AWAY,Wofford,Southern,0,0,Bench,0,25,4,10,0,0,4,5,5,5,0,1,0,2,12,0,28.364,0,19.034,2,1,0,0,0,0,0,0,0,0,0,0,1,0,-7,6.5,1,0,"1,410",0
Amare Anderson,Presbyterian,AWAY,Wofford,Southern,0,0,Bench,0,9,1,1,0,0,1,1,0,1,0,1,0,0,3,0,28.364,0,19.034,0,0,0,0,0,0,0,0,0,0,0,0,0,0,-7,6.5,1,0,"1,410",0
Khalon Hudson,Presbyterian,AWAY,Wofford,Southern,0,0,Bench,0,8,0,1,0,0,0,0,1,1,0,1,0,0,0,0,28.364,0,19.034,0,0,0,0,0,0,0,0,0,0,0,0,0,0,-7,6.5,1,0,"1,410",0
Iverson King,Presbyterian,AWAY,Wofford,Southern,0,0,Bench,0,16,1,2,0,1,0,0,2,3,1,0,1,0,2,0,28.364,0,19.034,0,0,0,0,0,0,0,0,0,0,0,0,0,0,-7,6.5,1,0,"1,410",0
Rex Stirling,Wofford,HOME,Presbyterian,Big South,0,0,Starter,1,15,0,5,0,0,0,0,2,0,1,0,1,2,0,0,19.034,0,28.364,0,0,0,1,0,0,0,0,0,0,0,0,0,0,7,-6.5,1,0,"1,410",0
Kahmare Holmes,Wofford,HOME,Presbyterian,Big South,0,0,Starter,1,32,5,17,2,7,4,5,1,6,1,3,1,2,16,0,19.034,0,28.364,1,0,0,0,0,0,0,0,0,1,0,0,1,0,7,-6.5,1,0,"1,410",0
Luke Flynn,Wofford,HOME,Presbyterian,Big South,0,0,Starter,1,35,3,8,2,7,0,0,2,0,1,2,0,1,8,0,19.034,0,28.364,0,0,0,0,0,0,0,0,0,0,0,0,1,0,7,-6.5,1,0,"1,410",0
Cayden Vasko,Wofford,HOME,Presbyterian,Big South,0,0,Starter,1,29,4,9,2,4,0,0,2,2,2,0,0,4,10,0,19.034,0,28.364,1,0,0,0,0,0,0,0,0,0,0,1,1,0,7,-6.5,1,0,"1,410",0
Nils Machowski,Wofford,HOME,Presbyterian,Big South,0,0,Starter,1,31,5,16,2,9,4,5,1,5,2,0,2,0,16,0,19.034,0,28.364,1,0,0,0,0,0,0,0,0,0,0,0,1,0,7,-6.5,1,0,"1,410",0
Brian Sumpter,Wofford,HOME,Presbyterian,Big South,0,0,Bench,0,21,0,2,0,0,4,6,2,3,1,1,0,3,4,0,19.034,0,28.364,0,0,0,0,0,0,0,0,0,0,0,0,1,0,7,-6.5,1,0,"1,410",0
Chace Watley,Wofford,HOME,Presbyterian,Big South,0,0,Bench,0,23,3,10,2,4,1,2,6,3,1,0,1,2,9,0,19.034,0,28.364,0,0,0,0,0,0,0,0,1,0,0,0,1,0,7,-6.5,1,0,"1,410",0
Brendan Rigsbee,Wofford,HOME,Presbyterian,Big South,0,0,Bench,0,13,0,1,0,1,0,0,0,1,0,0,0,1,0,0,19.034,0,28.364,0,0,0,0,0,0,0,0,0,0,0,0,0,0,7,-6.5,1,0,"1,410",0
Avery Thomas II,Louisiana Tech,AWAY,Georgia Southern,Sun Belt,0,0,Starter,1,21,0,2,0,2,2,2,1,2,0,0,1,2,2,0,12.459,0,15.731,0,0,0,0,0,0,0,0,0,0,0,0,1,0,-8,2,0,0,"1,921",0
Will Allen,Louisiana Tech,AWAY,Georgia Southern,Sun Belt,0,0,Starter,1,4,0,0,0,0,0,0,0,0,0,0,0,1,0,0,12.459,0,15.731,0,0,0,0,0,0,0,0,0,0,0,0,0,0,-8,2,0,0,"1,921",0
Melian Martinez,Louisiana Tech,AWAY,Georgia Southern,Sun Belt,0,0,Starter,1,9,1,2,0,0,0,0,0,3,0,0,0,2,2,0,12.459,0,15.731,0,0,0,0,0,0,0,0,0,0,0,0,0,0,-8,2,0,0,"1,921",0
Jaylen Fenner,Louisiana Tech,AWAY,Georgia Southern,Sun Belt,0,0,Starter,1,13,0,4,0,2,1,2,1,0,0,0,0,2,1,0,12.459,0,15.731,0,0,0,1,0,0,0,0,0,0,0,0,0,0,-8,2,0,0,"1,921",0
AJ Bates,Louisiana Tech,AWAY,Georgia Southern,Sun Belt,0,0,Starter,1,28,3,6,0,3,1,3,0,1,9,0,2,3,7,0,12.459,0,15.731,0,0,0,0,1,0,0,0,0,0,1,0,1,0,-8,2,0,0,"1,921",0
Sir Issac Herron,Louisiana Tech,AWAY,Georgia Southern,Sun Belt,0,0,Bench,0,28,5,6,0,0,0,1,1,3,2,1,0,1,10,0,12.459,0,15.731,1,0,0,0,0,0,0,0,0,0,0,0,1,0,-8,2,0,0,"1,921",0
Will Jeffress,Louisiana Tech,AWAY,Georgia Southern,Sun Belt,0,0,Bench,0,21,1,5,0,3,1,1,2,3,0,0,1,2,3,0,12.459,0,15.731,0,0,0,0,0,0,0,0,1,0,0,0,1,0,-8,2,0,0,"1,921",0
DJ Dudley,Louisiana Tech,AWAY,Georgia Southern,Sun Belt,0,0,Bench,0,30,10,17,4,8,2,4,0,2,2,2,2,1,26,0,12.459,0,15.731,1,0,0,0,0,0,0,0,0,0,0,0,1,1,-8,2,0,0,"1,921",0
Scooter Williams,Louisiana Tech,AWAY,Georgia Southern,Sun Belt,0,0,Bench,0,23,3,6,1,2,2,4,0,1,0,1,2,2,9,0,12.459,0,15.731,0,0,0,0,0,0,0,0,0,0,0,0,1,0,-8,2,0,0,"1,921",0
Kaden Cooper,Louisiana Tech,AWAY,Georgia Southern,Sun Belt,0,0,Bench,0,20,4,6,1,1,0,0,0,4,0,0,1,1,9,0,12.459,0,15.731,0,0,0,0,0,0,0,0,0,0,0,0,1,0,-8,2,0,0,"1,921",0
Shainen Carter,Georgia Southern,HOME,Louisiana Tech,CUSA,0,0,Starter,1,26,3,5,0,0,0,1,1,5,1,0,0,4,6,0,15.731,0,12.459,0,0,0,0,0,0,0,0,0,0,0,1,1,0,8,-2,0,0,"1,921",0
Alden Applewhite,Georgia Southern,HOME,Louisiana Tech,CUSA,0,0,Starter,1,33,1,5,1,4,6,6,0,2,0,4,0,0,9,0,15.731,0,12.459,0,0,0,0,0,1,0,0,0,1,0,0,1,0,8,-2,0,0,"1,921",0
Spudd Webb,Georgia Southern,HOME,Louisiana Tech,CUSA,0,0,Starter,1,34,13,14,4,5,2,4,1,7,4,1,1,4,32,0,15.731,0,12.459,1,0,0,0,1,0,1,1,0,0,0,1,1,1,8,-2,0,0,"1,921",0
Tyren Moore,Georgia Southern,HOME,Louisiana Tech,CUSA,0,0,Starter,1,31,3,11,1,8,3,4,0,1,2,2,3,0,10,0,15.731,0,12.459,1,0,0,0,0,0,0,0,0,0,0,0,1,0,8,-2,0,0,"1,921",0
Jefferson Koulibaly,Georgia Southern,HOME,Louisiana Tech,CUSA,0,0,Starter,1,25,0,2,0,2,3,3,1,2,2,0,1,4,3,0,15.731,0,12.459,0,0,0,0,0,1,0,0,0,0,0,1,1,0,8,-2,0,0,"1,921",0
Andres Burney,Georgia Southern,HOME,Louisiana Tech,CUSA,0,0,Bench,0,13,1,2,0,0,0,0,1,1,0,1,3,2,2,0,15.731,0,12.459,0,0,0,0,0,0,0,0,0,0,0,0,0,0,8,-2,0,0,"1,921",0
Tsvet Sotirov,Georgia Southern,HOME,Louisiana Tech,CUSA,0,0,Bench,0,5,0,4,0,4,0,0,0,0,0,0,0,0,0,0,15.731,0,12.459,0,0,0,1,0,0,0,0,0,0,0,0,0,0,8,-2,0,0,"1,921",0
Khayri Dunn,Georgia Southern,HOME,Louisiana Tech,CUSA,0,0,Bench,0,11,0,2,0,2,0,0,1,1,0,0,0,0,0,0,15.731,0,12.459,0,0,0,0,0,0,0,0,0,0,0,0,0,0,8,-2,0,0,"1,921",0
Dwayne Williams Jr,Georgia Southern,HOME,Louisiana Tech,CUSA,0,0,Bench,0,18,6,10,3,7,0,0,2,0,0,0,2,0,15,0,15.731,0,12.459,1,0,0,0,1,0,0,0,1,0,0,0,0,0,8,-2,0,0,"1,921",0
Tylik Weeks,Southern Miss,AWAY,Radford,Big South,0,0,Starter,1,28,5,12,0,1,8,9,2,3,0,2,2,3,18,0,17.703,0,17.211,1,0,0,0,0,0,0,0,0,1,0,0,1,0,7,1.5,1,0,"1,788",0
Djahi Binet,Southern Miss,AWAY,Radford,Big South,0,0,Starter,1,35,5,9,0,0,7,8,4,9,2,0,2,0,17,0,17.703,0,17.211,2,1,0,0,0,0,0,1,1,0,0,0,1,0,7,1.5,1,0,"1,788",0
Dylan Brumfield,Southern Miss,AWAY,Radford,Big South,0,0,Starter,1,32,2,5,0,1,8,8,2,5,1,0,3,4,12,0,17.703,0,17.211,1,0,0,0,0,1,0,0,0,0,0,1,1,0,7,1.5,1,0,"1,788",0
Isaac Taveras,Southern Miss,AWAY,Radford,Big South,0,0,Starter,1,27,8,14,2,4,0,3,0,6,3,2,1,4,18,0,17.703,0,17.211,1,0,0,0,0,0,0,0,0,1,0,1,1,0,7,1.5,1,0,"1,788",0
Curt Lewis,Southern Miss,AWAY,Radford,Big South,0,0,Starter,1,34,4,8,3,6,0,0,2,1,2,0,1,3,11,0,17.703,0,17.211,1,0,0,0,0,0,0,0,0,0,0,0,1,0,7,1.5,1,0,"1,788",0
IJ Ezuma,Southern Miss,AWAY,Radford,Big South,0,0,Bench,0,6,0,1,0,0,0,0,0,1,0,0,0,1,0,0,17.703,0,17.211,0,0,0,0,0,0,0,0,0,0,0,0,0,0,7,1.5,1,0,"1,788",0
Tegra Izay,Southern Miss,AWAY,Radford,Big South,0,0,Bench,0,6,0,1,0,0,0,0,0,2,0,0,0,1,0,0,17.703,0,17.211,0,0,0,0,0,0,0,0,0,0,0,0,0,0,7,1.5,1,0,"1,788",0
Chiante’ Tramble,Southern Miss,AWAY,Radford,Big South,0,0,Bench,0,13,1,3,0,2,2,2,0,2,0,1,1,2,4,0,17.703,0,17.211,0,0,0,0,0,0,0,0,0,0,0,0,0,0,7,1.5,1,0,"1,788",0
Israel Hart,Southern Miss,AWAY,Radford,Big South,0,0,Bench,0,6,0,2,0,1,2,2,0,1,0,0,1,1,2,0,17.703,0,17.211,0,0,0,0,0,0,0,0,0,0,0,0,0,0,7,1.5,1,0,"1,788",0
Brewer Carruth,Southern Miss,AWAY,Radford,Big South,0,0,Bench,0,5,0,1,0,1,0,0,1,1,1,0,1,2,0,0,17.703,0,17.211,0,0,0,0,0,0,0,0,0,0,0,0,0,0,7,1.5,1,0,"1,788",0
Tyson Brown,Radford,HOME,Southern Miss,Sun Belt,0,0,Starter,1,35,7,9,0,0,5,9,2,3,0,1,0,3,19,0,17.211,0,17.703,1,0,0,0,0,0,1,0,0,0,0,0,1,0,-7,-1.5,1,0,"1,788",0
Jaylon Johnson,Radford,HOME,Southern Miss,Sun Belt,0,0,Starter,1,38,6,19,6,15,0,0,0,3,3,2,4,2,18,0,17.211,0,17.703,1,0,0,0,0,0,0,0,0,1,0,0,1,0,-7,-1.5,1,0,"1,788",0
Lukas Walls,Radford,HOME,Southern Miss,Sun Belt,0,0,Starter,1,14,0,2,0,1,2,2,0,1,1,0,1,5,2,0,17.211,0,17.703,0,0,0,0,0,0,0,0,0,0,0,1,0,0,-7,-1.5,1,0,"1,788",0
Del Jones,Radford,HOME,Southern Miss,Sun Belt,0,0,Starter,1,39,4,14,3,8,4,4,1,6,5,1,2,2,15,0,17.211,0,17.703,1,0,0,0,0,1,0,0,0,0,1,0,1,0,-7,-1.5,1,0,"1,788",0
Dennis Parker Jr.,Radford,HOME,Southern Miss,Sun Belt,0,0,Starter,1,28,2,9,1,4,5,6,4,4,3,1,3,4,10,0,17.211,0,17.703,1,0,0,0,0,0,0,0,1,0,0,1,1,0,-7,-1.5,1,0,"1,788",0
Frederik Erichsen,Radford,HOME,Southern Miss,Sun Belt,0,0,Bench,0,12,1,1,0,0,2,2,0,1,0,0,0,3,4,0,17.211,0,17.703,0,0,0,0,0,0,0,0,0,0,0,0,0,0,-7,-1.5,1,0,"1,788",0
Louie Jordan,Radford,HOME,Southern Miss,Sun Belt,0,0,Bench,0,11,0,4,0,4,2,2,0,1,0,1,1,2,2,0,17.211,0,17.703,0,0,0,1,0,0,0,0,0,0,0,0,0,0,-7,-1.5,1,0,"1,788",0
Brennan Rigsby Jr.,Radford,HOME,Southern Miss,Sun Belt,0,0,Bench,0,20,2,3,0,1,1,2,1,2,0,2,0,2,5,0,17.211,0,17.703,0,0,0,0,0,0,0,0,0,1,0,0,1,0,-7,-1.5,1,0,"1,788",0
Charles Johnston,Furman,AWAY,Elon,CAA,0,0,Starter,1,29,4,13,2,8,2,2,4,7,4,0,0,4,12,0,14.099,0,41.248,2,1,0,0,0,0,0,1,1,0,0,1,1,0,9,-1.5,0,0,"1,468",0
Cooper Bowser,Furman,AWAY,Elon,CAA,0,0,Starter,1,33,7,7,0,0,5,9,2,6,2,0,3,4,19,0,14.099,0,41.248,1,0,0,0,1,0,0,0,0,0,0,1,1,0,9,-1.5,0,0,"1,468",0
Ben Vander Wal,Furman,AWAY,Elon,CAA,0,0,Starter,1,31,6,7,1,2,0,1,3,5,2,1,3,4,13,0,14.099,0,41.248,1,0,0,0,1,0,0,0,0,0,0,1,1,0,9,-1.5,0,0,"1,468",0
Alex Wilkins,Furman,AWAY,Elon,CAA,0,0,Starter,1,24,3,12,0,7,2,3,0,0,3,0,1,3,8,0,14.099,0,41.248,0,0,0,0,0,0,0,0,0,0,0,0,1,0,9,-1.5,0,0,"1,468",0
Asa Thomas,Furman,AWAY,Elon,CAA,0,0,Starter,1,33,6,12,5,11,4,4,0,3,2,0,0,1,21,0,14.099,0,41.248,1,0,0,0,0,1,0,0,0,0,0,0,1,1,9,-1.5,0,0,"1,468",0
Collin O’Neal,Furman,AWAY,Elon,CAA,0,0,Bench,0,20,3,5,1,2,2,2,0,1,3,2,0,3,9,0,14.099,0,41.248,0,0,0,0,0,0,0,0,0,1,0,0,1,0,9,-1.5,0,0,"1,468",0
Eddrin Bronson,Furman,AWAY,Elon,CAA,0,0,Bench,0,12,1,1,1,1,0,0,0,2,1,0,1,0,3,0,14.099,0,41.248,0,0,0,0,0,0,0,0,0,0,0,0,0,0,9,-1.5,0,0,"1,468",0
Tom House,Furman,AWAY,Elon,CAA,0,0,Bench,0,18,1,4,1,3,9,10,1,1,3,0,0,1,12,0,14.099,0,41.248,1,0,0,0,0,0,0,0,0,0,0,0,0,0,9,-1.5,0,0,"1,468",0
Chandler Cuthrell,Elon,HOME,Furman,Southern,0,0,Starter,1,28,8,14,2,3,7,9,3,4,1,1,2,5,25,0,41.248,0,14.099,1,0,0,0,0,0,1,0,0,0,0,1,1,1,-9,1.5,0,0,"1,468",0
Isaac Harrell,Elon,HOME,Furman,Southern,0,0,Starter,1,26,2,7,1,4,0,0,3,0,1,0,0,5,5,0,41.248,0,14.099,0,0,0,0,0,0,0,0,0,0,0,1,1,0,-9,1.5,0,0,"1,468",0
Kacper Klaczek,Elon,HOME,Furman,Southern,0,0,Starter,1,27,3,9,1,5,0,2,1,1,2,1,0,2,7,0,41.248,0,14.099,0,0,0,0,0,0,0,0,0,0,0,0,1,0,-9,1.5,0,0,"1,468",0
Randall Pettus II,Elon,HOME,Furman,Southern,0,0,Starter,1,30,5,10,5,9,6,7,0,1,1,1,0,4,21,0,41.248,0,14.099,1,0,0,0,0,0,0,0,0,0,0,1,1,1,-9,1.5,0,0,"1,468",0
Ja’Juan Carr,Elon,HOME,Furman,Southern,0,0,Starter,1,29,5,7,0,1,2,3,1,4,6,1,1,0,12,0,41.248,0,14.099,1,0,0,0,0,0,0,0,0,0,1,0,1,0,-9,1.5,0,0,"1,468",0
Bryson Spell,Elon,HOME,Furman,Southern,0,0,Bench,0,12,1,2,0,0,0,0,0,1,1,0,1,2,2,0,41.248,0,14.099,0,0,0,0,0,0,0,0,0,0,0,0,0,0,-9,1.5,0,0,"1,468",0
Bryson Cokley,Elon,HOME,Furman,Southern,0,0,Bench,0,24,4,13,1,6,2,2,2,3,1,0,0,3,11,0,41.248,0,14.099,1,0,0,0,0,0,0,0,0,0,0,0,1,0,-9,1.5,0,0,"1,468",0
Ned Hull,Elon,HOME,Furman,Southern,0,0,Bench,0,9,1,5,1,5,0,0,1,2,0,0,0,1,3,0,41.248,0,14.099,0,0,0,0,0,0,0,0,0,0,0,0,0,0,-9,1.5,0,0,"1,468",0
DeMarco Johnson,Elon,HOME,Furman,Southern,0,0,Bench,0,15,0,1,0,1,2,2,1,3,3,0,2,1,2,0,41.248,0,14.099,0,0,0,0,0,0,0,0,0,0,0,0,0,0,-9,1.5,0,0,"1,468",0
Jaquan Scott,Arkansas Pine Bluff,AWAY,Illinois Chicago,Missouri Valley,0,0,Starter,1,16,1,6,0,0,1,2,2,3,1,2,3,5,3,0,9.362,0,6.35,0,0,0,0,0,0,0,0,0,1,0,1,0,0,1,18.5,1,0,"2,394",0
Milhan Charles,Arkansas Pine Bluff,AWAY,Illinois Chicago,Missouri Valley,0,0,Starter,1,30,4,5,0,0,0,2,1,8,2,1,1,0,8,0,9.362,0,6.35,0,0,0,0,0,0,0,1,0,0,0,0,1,0,1,18.5,1,0,"2,394",0
Alex Mirhosseini,Arkansas Pine Bluff,AWAY,Illinois Chicago,Missouri Valley,0,0,Starter,1,37,5,14,2,8,0,0,1,2,4,2,3,3,12,0,9.362,0,6.35,1,0,0,0,0,0,0,0,0,1,0,0,1,0,1,18.5,1,0,"2,394",0
Trevon Payton,Arkansas Pine Bluff,AWAY,Illinois Chicago,Missouri Valley,0,0,Starter,1,31,5,8,3,6,0,0,0,5,5,1,1,2,13,0,9.362,0,6.35,1,0,0,0,0,0,0,0,0,0,0,0,1,0,1,18.5,1,0,"2,394",0
Quion Williams,Arkansas Pine Bluff,AWAY,Illinois Chicago,Missouri Valley,0,0,Starter,1,39,7,12,0,1,2,4,2,5,6,2,4,1,16,0,9.362,0,6.35,1,0,0,0,0,0,1,0,0,1,1,0,1,0,1,18.5,1,0,"2,394",0
Kyle Brown,Arkansas Pine Bluff,AWAY,Illinois Chicago,Missouri Valley,0,0,Bench,0,12,0,1,0,0,2,2,1,0,0,1,0,2,2,0,9.362,0,6.35,0,0,0,0,0,0,0,0,0,0,0,0,0,0,1,18.5,1,0,"2,394",0
Dennis Asoro,Arkansas Pine Bluff,AWAY,Illinois Chicago,Missouri Valley,0,0,Bench,0,5,0,0,0,0,0,0,0,0,1,0,1,2,0,0,9.362,0,6.35,0,0,0,0,0,0,0,0,0,0,0,0,0,0,1,18.5,1,0,"2,394",0
Ahmad Johnson,Arkansas Pine Bluff,AWAY,Illinois Chicago,Missouri Valley,0,0,Bench,0,15,3,7,2,5,0,0,0,0,0,0,0,3,8,0,9.362,0,6.35,0,0,0,0,0,0,0,0,0,0,0,0,0,0,1,18.5,1,0,"2,394",0
Ramel Lloyd Jr.,Arkansas Pine Bluff,AWAY,Illinois Chicago,Missouri Valley,0,0,Bench,0,15,0,7,0,2,1,2,0,1,0,1,1,1,1,0,9.362,0,6.35,0,0,0,1,0,0,0,0,0,0,0,0,0,0,1,18.5,1,0,"2,394",0
Abdul Momoh,Illinois Chicago,HOME,Arkansas Pine Bluff,SWAC,0,0,Starter,1,18,3,4,0,0,2,4,4,0,0,0,1,0,8,0,6.35,0,9.362,0,0,0,0,0,0,0,0,0,0,0,0,0,0,-1,-18.5,1,0,"2,394",0
Andy Johnson,Illinois Chicago,HOME,Arkansas Pine Bluff,SWAC,0,0,Starter,1,35,1,9,1,5,4,4,0,1,1,0,4,2,7,0,6.35,0,9.362,0,0,0,0,0,1,0,0,0,0,0,0,1,0,-1,-18.5,1,0,"2,394",0
Rashund Washington Jr.,Illinois Chicago,HOME,Arkansas Pine Bluff,SWAC,0,0,Starter,1,29,3,7,0,3,0,2,1,4,3,1,2,1,6,0,6.35,0,9.362,0,0,0,0,0,0,0,0,0,0,0,0,1,0,-1,-18.5,1,0,"2,394",0
Ahmad Henderson II,Illinois Chicago,HOME,Arkansas Pine Bluff,SWAC,0,0,Starter,1,31,5,16,1,6,4,4,0,3,3,1,2,2,15,0,6.35,0,9.362,1,0,0,0,0,1,0,0,0,0,0,0,1,0,-1,-18.5,1,0,"2,394",0
Mekhi Lowery,Illinois Chicago,HOME,Arkansas Pine Bluff,SWAC,0,0,Starter,1,35,5,12,0,0,1,2,2,7,4,1,2,3,11,0,6.35,0,9.362,1,0,0,0,0,0,0,0,0,0,0,0,1,0,-1,-18.5,1,0,"2,394",0
Jayce Nathaniel,Illinois Chicago,HOME,Arkansas Pine Bluff,SWAC,0,0,Bench,0,25,4,9,0,2,3,3,7,7,2,1,0,0,11,0,6.35,0,9.362,2,1,0,0,0,1,0,0,1,0,0,0,1,0,-1,-18.5,1,0,"2,394",0
Josiah Hammons,Illinois Chicago,HOME,Arkansas Pine Bluff,SWAC,0,0,Bench,0,10,0,3,0,0,2,2,0,0,0,0,2,0,2,0,6.35,0,9.362,0,0,0,1,0,0,0,0,0,0,0,0,0,0,-1,-18.5,1,0,"2,394",0
Sam Silverstein,Illinois Chicago,HOME,Arkansas Pine Bluff,SWAC,0,0,Bench,0,17,1,3,0,0,0,1,1,2,0,2,3,2,2,0,6.35,0,9.362,0,0,0,0,0,0,0,0,0,1,0,0,0,0,-1,-18.5,1,0,"2,394",0
Jacob Hogarth,Gardner Webb,AWAY,Queens,ASUN,0,0,Starter,1,24,7,12,0,0,1,1,5,3,1,0,1,1,15,0,18.295,0,11.993,1,0,0,0,0,0,0,0,1,0,0,0,1,0,-33,15,0,0,672,0
Curtis Williams III,Gardner Webb,AWAY,Queens,ASUN,0,0,Starter,1,29,4,13,1,6,4,4,1,6,0,0,2,0,13,0,18.295,0,11.993,1,0,0,0,0,1,0,1,0,0,0,0,1,0,-33,15,0,0,672,0
Spence Sims,Gardner Webb,AWAY,Queens,ASUN,0,0,Starter,1,24,6,9,3,3,0,0,0,1,0,0,0,2,15,0,18.295,0,11.993,1,0,0,0,0,0,0,0,0,0,0,0,1,0,-33,15,0,0,672,0
Colin Hawkins,Gardner Webb,AWAY,Queens,ASUN,0,0,Starter,1,23,2,9,0,2,1,1,1,0,2,3,1,1,5,0,18.295,0,11.993,0,0,0,0,0,0,0,0,0,1,0,0,1,0,-33,15,0,0,672,0
Ace Talbert,Gardner Webb,AWAY,Queens,ASUN,0,0,Starter,1,28,4,12,3,8,4,5,0,5,0,0,0,3,15,0,18.295,0,11.993,1,0,0,0,0,0,0,0,0,0,0,0,1,0,-33,15,0,0,672,0
Riek Riek,Gardner Webb,AWAY,Queens,ASUN,0,0,Bench,0,10,0,1,0,0,0,0,0,0,0,0,0,3,0,0,18.295,0,11.993,0,0,0,0,0,0,0,0,0,0,0,0,0,0,-33,15,0,0,672,0
NaVuan Peterson,Gardner Webb,AWAY,Queens,ASUN,0,0,Bench,0,11,1,4,1,3,0,0,1,0,0,1,1,2,3,0,18.295,0,11.993,0,0,0,0,0,0,0,0,0,0,0,0,0,0,-33,15,0,0,672,0
Ahmadou Ndiaye,Gardner Webb,AWAY,Queens,ASUN,0,0,Bench,0,5,0,0,0,0,0,1,2,1,0,0,2,2,0,0,18.295,0,11.993,0,0,0,0,0,0,0,0,0,0,0,0,0,0,-33,15,0,0,672,0
Jamias Ferere,Gardner Webb,AWAY,Queens,ASUN,0,0,Bench,0,17,1,5,0,0,4,4,3,2,1,0,2,1,6,0,18.295,0,11.993,0,0,0,0,0,1,0,0,0,0,0,0,0,0,-33,15,0,0,672,0
Jacob Hudson,Gardner Webb,AWAY,Queens,ASUN,0,0,Bench,0,27,0,4,0,1,2,2,0,3,3,1,1,0,2,0,18.295,0,11.993,0,0,0,1,0,0,0,0,0,0,0,0,1,0,-33,15,0,0,672,0
Carson Schwieger,Queens,HOME,Gardner Webb,Big South,0,0,Starter,1,20,4,5,4,5,0,0,0,2,1,1,0,2,12,0,11.993,0,18.295,1,0,0,0,0,0,0,0,0,0,0,0,1,0,33,-15,0,0,672,0
Avantae Parker,Queens,HOME,Gardner Webb,Big South,0,0,Starter,1,18,9,11,0,1,0,2,2,3,1,2,1,1,18,0,11.993,0,18.295,1,0,0,0,0,0,0,0,0,0,0,0,0,0,33,-15,0,0,672,0
Nasir Mann,Queens,HOME,Gardner Webb,Big South,0,0,Starter,1,26,8,12,3,5,1,3,2,4,2,0,1,1,20,0,11.993,0,18.295,1,0,0,0,0,0,1,0,0,0,0,0,1,1,33,-15,0,0,672,0
Jordan Watford,Queens,HOME,Gardner Webb,Big South,0,0,Starter,1,22,2,3,0,0,3,4,0,1,9,0,2,3,7,0,11.993,0,18.295,0,0,0,0,0,0,0,0,0,0,1,0,1,0,33,-15,0,0,672,0
Chris Ashby,Queens,HOME,Gardner Webb,Big South,0,0,Starter,1,25,5,10,4,8,0,0,0,1,1,0,0,2,14,0,11.993,0,18.295,1,0,0,0,0,0,0,0,0,0,0,0,1,0,33,-15,0,0,672,0
Kam Clark,Queens,HOME,Gardner Webb,Big South,0,0,Bench,0,11,1,2,1,2,0,0,0,3,0,0,1,0,3,0,11.993,0,18.295,0,0,0,0,0,0,0,0,0,0,0,0,0,0,33,-15,0,0,672,0
Maban Jabriel,Queens,HOME,Gardner Webb,Big South,0,0,Bench,0,22,4,7,1,3,2,2,0,5,2,1,2,1,11,0,11.993,0,18.295,1,0,0,0,0,0,0,0,0,0,0,0,1,0,33,-15,0,0,672,0
Gus Larson,Queens,HOME,Gardner Webb,Big South,0,0,Bench,0,18,3,4,0,0,3,4,2,4,1,0,1,3,9,0,11.993,0,18.295,0,0,0,0,0,0,0,0,0,0,0,0,0,0,33,-15,0,0,672,0
Yoav Berman,Queens,HOME,Gardner Webb,Big South,0,0,Bench,0,19,1,6,1,3,1,2,0,3,2,1,1,0,4,0,11.993,0,18.295,0,0,0,0,0,0,0,0,0,0,0,0,0,0,33,-15,0,0,672,0
Isaiah Henry,Queens,HOME,Gardner Webb,Big South,0,0,Bench,0,15,4,6,1,1,0,0,0,3,2,0,0,0,9,0,11.993,0,18.295,0,0,0,0,0,0,0,0,0,0,0,0,0,0,33,-15,0,0,672,0
Collin Parker,Austin Peay,AWAY,Kent St.,MAC,0,0,Starter,1,34,9,18,7,10,4,4,0,4,6,0,3,4,29,0,34.322,0,16.897,1,0,0,0,0,1,1,0,0,0,0,1,1,1,-12,8.5,0,0,"1,642",0
Rashaud Marshall,Austin Peay,AWAY,Kent St.,MAC,0,0,Starter,1,33,10,16,0,0,3,6,4,3,3,0,1,3,23,0,34.322,0,16.897,1,0,0,0,0,0,0,0,1,0,0,0,1,1,-12,8.5,0,0,"1,642",0
Zyree Collins,Austin Peay,AWAY,Kent St.,MAC,0,0,Starter,1,32,5,12,2,7,4,6,0,2,9,1,3,2,16,0,34.322,0,16.897,1,0,0,0,0,0,0,0,0,0,1,0,1,0,-12,8.5,0,0,"1,642",0
Anton Brookshire,Austin Peay,AWAY,Kent St.,MAC,0,0,Starter,1,18,0,2,0,2,0,0,0,0,1,1,0,0,0,0,34.322,0,16.897,0,0,0,0,0,0,0,0,0,0,0,0,0,0,-12,8.5,0,0,"1,642",0
Tate McCubbin,Austin Peay,AWAY,Kent St.,MAC,0,0,Starter,1,29,4,8,3,7,0,0,0,4,1,1,2,3,11,0,34.322,0,16.897,1,0,0,0,0,0,0,0,0,0,0,0,1,0,-12,8.5,0,0,"1,642",0
Matt Enright,Austin Peay,AWAY,Kent St.,MAC,0,0,Bench,0,14,0,1,0,1,0,0,0,1,1,1,0,1,0,0,34.322,0,16.897,0,0,0,0,0,0,0,0,0,0,0,0,0,0,-12,8.5,0,0,"1,642",0
Quan Lax,Austin Peay,AWAY,Kent St.,MAC,0,0,Bench,0,19,0,3,0,2,0,0,0,3,1,1,2,3,0,0,34.322,0,16.897,0,0,0,1,0,0,0,0,0,0,0,0,0,0,-12,8.5,0,0,"1,642",0
Hansel Enmanuel,Austin Peay,AWAY,Kent St.,MAC,0,0,Bench,0,9,1,3,0,0,0,0,1,0,0,0,0,2,2,0,34.322,0,16.897,0,0,0,0,0,0,0,0,0,0,0,0,0,0,-12,8.5,0,0,"1,642",0
Tyler Wagner,Austin Peay,AWAY,Kent St.,MAC,0,0,Bench,0,8,0,1,0,1,0,0,0,1,0,0,0,2,0,0,34.322,0,16.897,0,0,0,0,0,0,0,0,0,0,0,0,0,0,-12,8.5,0,0,"1,642",0
Rob Whaley Jr.,Kent St.,HOME,Austin Peay,ASUN,0,0,Starter,1,25,7,10,0,1,1,5,2,1,1,0,3,4,15,0,16.897,0,34.322,1,0,0,0,0,0,0,0,0,0,0,1,1,0,12,-8.5,0,0,"1,642",0
Delrecco Gillespie,Kent St.,HOME,Austin Peay,ASUN,0,0,Starter,1,34,8,15,4,6,2,2,0,10,2,2,4,2,22,0,16.897,0,34.322,2,1,0,0,0,0,0,1,0,0,0,0,1,1,12,-8.5,0,0,"1,642",0
Jahari Williamson,Kent St.,HOME,Austin Peay,ASUN,0,0,Starter,1,25,6,7,6,7,0,0,0,1,0,1,0,2,18,0,16.897,0,34.322,1,0,0,0,0,0,0,0,0,0,0,0,1,0,12,-8.5,0,0,"1,642",0
Cian Medley,Kent St.,HOME,Austin Peay,ASUN,0,0,Starter,1,33,4,5,1,2,8,10,0,2,8,0,2,3,17,0,16.897,0,34.322,1,0,0,0,1,0,0,0,0,0,0,0,1,0,12,-8.5,0,0,"1,642",0
Morgan Safford,Kent St.,HOME,Austin Peay,ASUN,0,0,Starter,1,31,1,7,1,5,6,8,1,2,1,0,1,4,9,0,16.897,0,34.322,0,0,0,0,0,0,0,0,0,0,0,1,1,0,12,-8.5,0,0,"1,642",0
Magnus Entenmann,Kent St.,HOME,Austin Peay,ASUN,0,0,Bench,0,7,1,2,0,1,2,2,0,1,1,0,0,2,4,0,16.897,0,34.322,0,0,0,0,0,0,0,0,0,0,0,0,0,0,12,-8.5,0,0,"1,642",0
Rayvon Griffith,Kent St.,HOME,Austin Peay,ASUN,0,0,Bench,0,22,2,4,0,1,4,5,1,2,1,3,2,0,8,0,16.897,0,34.322,0,0,0,0,0,0,0,0,0,1,0,0,1,0,12,-8.5,0,0,"1,642",0
Omer Hamama,Kent St.,HOME,Austin Peay,ASUN,0,0,Bench,0,8,0,0,0,0,0,0,0,1,1,0,1,0,0,0,16.897,0,34.322,0,0,0,0,0,0,0,0,0,0,0,0,0,0,12,-8.5,0,0,"1,642",0
Quinn Woidke,Kent St.,HOME,Austin Peay,ASUN,0,0,Bench,0,15,1,1,1,1,0,0,0,2,0,0,0,1,3,0,16.897,0,34.322,0,0,0,0,0,0,0,0,0,0,0,0,0,0,12,-8.5,0,0,"1,642",0
