,Team,HomeAwayNeut,Date,Opponent,FGM,FGA,FG3sM,FG3sA,FTM,FTA,OReb,DReb,AST,TO,STL,PF,PTS_OFF_TURN,FST_BREAK,PTS_PAINT,Points,OPP_POINTS,Win,Loss,OPP_FGM,OPP_FGA,OPP_FG3sM,OPP_FG3sA,OPP_OReb,OPP_DReb,OPP_AST,OPP_TO,OPP_PF,OPP_PTS_OFF_TURN,OPP_FST_BREAK,OPP_PTS_PAINT
Team:,,,Rows:,,Sum:,Sum:,Sum:,Sum:,Sum:,Sum:,Average:,Average:,Average:,Average:,Average:,Average:,Average:,Average:,Average:,Average:,Average:,Maximum:,Maximum:,Sum:,Sum:,Sum:,Sum:,Average:,Average:,Average:,Average:,Average:,Average:,Average:,Average:
Abilene Christian,,,1,,0,0,0,0,0,0,0,0,0,0,0,0,0,0,0,0,0,0,0,0,0,0,0,0,0,0,0,0,0,0,0
,Abilene Christian,,,,,,,,,,,,,,,,,,,,,,,,,,,,,,,,,,
Air Force,,,1,,0,0,0,0,0,0,0,0,0,0,0,0,0,0,0,0,0,0,0,0,0,0,0,0,0,0,0,0,0,0,0
,Air Force,,,,,,,,,,,,,,,,,,,,,,,,,,,,,,,,,,
Akron,,,1,,0,0,0,0,0,0,0,0,0,0,0,0,0,0,0,0,0,0,0,0,0,0,0,0,0,0,0,0,0,0,0
,Akron,,,,,,,,,,,,,,,,,,,,,,,,,,,,,,,,,,
Alabama,,,1,,31,58,8,27,21,27,11,35,22,15,8,15,15,24,44,91,62,1,0,24,62,5,20,7,19,13,10,19,13,11,30
,Alabama,HOME,"November 3, 2025",North Dakota,31,58,8,27,21,27,11,35,22,15,8,15,15,24,44,91,62,1,0,24,62,5,20,7,19,13,10,19,13,11,30
Alabama A&M,,,1,,0,0,0,0,0,0,0,0,0,0,0,0,0,0,0,0,0,0,0,0,0,0,0,0,0,0,0,0,0,0,0
,Alabama A&M,,,,,,,,,,,,,,,,,,,,,,,,,,,,,,,,,,
Alabama St.,,,1,,0,0,0,0,0,0,0,0,0,0,0,0,0,0,0,0,0,0,0,0,0,0,0,0,0,0,0,0,0,0,0
,Alabama St.,,,,,,,,,,,,,,,,,,,,,,,,,,,,,,,,,,
Albany,,,1,,19,67,5,30,10,14,19,24,11,23,8,27,5,9,28,53,80,0,1,24,58,5,24,15,30,16,14,16,16,21,36
,Albany,AWAY,"November 3, 2025",Marquette,19,67,5,30,10,14,19,24,11,23,8,27,5,9,28,53,80,0,1,24,58,5,24,15,30,16,14,16,16,21,36
Alcorn St.,,,1,,26,51,8,16,16,27,9,24,11,21,5,16,10,10,26,76,108,0,1,39,70,13,30,14,22,24,8,23,27,12,50
,Alcorn St.,AWAY,"November 4, 2025",Florida St.,26,51,8,16,16,27,9,24,11,21,5,16,10,10,26,76,108,0,1,39,70,13,30,14,22,24,8,23,27,12,50
American,,,1,,0,0,0,0,0,0,0,0,0,0,0,0,0,0,0,0,0,0,0,0,0,0,0,0,0,0,0,0,0,0,0
,American,,,,,,,,,,,,,,,,,,,,,,,,,,,,,,,,,,
Appalachian St.,,,1,,21,59,10,27,14,29,17,16,13,9,7,10,16,14,22,66,82,0,1,30,58,8,17,13,30,14,12,20,13,14,40
,Appalachian St.,AWAY,"November 3, 2025",Central Michigan,21,59,10,27,14,29,17,16,13,9,7,10,16,14,22,66,82,0,1,30,58,8,17,13,30,14,12,20,13,14,40
Arizona,,,1,,30,61,2,5,31,38,12,29,15,14,8,22,16,14,50,93,87,1,0,30,70,7,27,17,22,15,15,23,11,13,46
,Arizona,NEUTRAL,"November 3, 2025",Florida,30,61,2,5,31,38,12,29,15,14,8,22,16,14,50,93,87,1,0,30,70,7,27,17,22,15,15,23,11,13,46
Arizona St.,,,1,,29,59,9,23,14,20,11,28,17,14,9,13,15,24,36,81,64,1,0,26,70,4,25,16,24,11,16,18,16,11,44
,Arizona St.,HOME,"November 4, 2025",Southern Utah,29,59,9,23,14,20,11,28,17,14,9,13,15,24,36,81,64,1,0,26,70,4,25,16,24,11,16,18,16,11,44
Arkansas,,,1,,37,73,10,28,25,29,14,31,23,9,10,18,16,32,48,109,77,1,0,27,69,12,27,12,25,10,12,20,7,12,28
,Arkansas,HOME,"November 3, 2025",Southern,37,73,10,28,25,29,14,31,23,9,10,18,16,32,48,109,77,1,0,27,69,12,27,12,25,10,12,20,7,12,28
Arkansas Pine Bluff,,,1,,17,67,8,31,8,12,16,16,7,16,10,24,14,3,12,50,94,0,1,30,61,10,25,17,36,21,14,14,25,11,36
,Arkansas Pine Bluff,AWAY,"November 3, 2025",Washington,17,67,8,31,8,12,16,16,7,16,10,24,14,3,12,50,94,0,1,30,61,10,25,17,36,21,14,14,25,11,36
Arkansas St.,,,1,,27,56,10,27,25,28,13,28,13,18,6,23,2,10,34,89,85,1,0,31,63,8,26,7,18,11,10,19,15,7,42
,Arkansas St.,AWAY,"November 3, 2025",Ohio,27,56,10,27,25,28,13,28,13,18,6,23,2,10,34,89,85,1,0,31,63,8,26,7,18,11,10,19,15,7,42
Army,,,1,,0,0,0,0,0,0,0,0,0,0,0,0,0,0,0,0,0,0,0,0,0,0,0,0,0,0,0,0,0,0,0
,Army,,,,,,,,,,,,,,,,,,,,,,,,,,,,,,,,,,
Auburn,,,1,,31,66,6,23,27,38,15,25,14,11,9,12,16,9,48,95,90,1,0,35,69,12,22,7,26,17,13,24,18,12,44
,Auburn,HOME,"November 3, 2025",Bethune Cookman,31,66,6,23,27,38,15,25,14,11,9,12,16,9,48,95,90,1,0,35,69,12,22,7,26,17,13,24,18,12,44
Austin Peay,,,1,,0,0,0,0,0,0,0,0,0,0,0,0,0,0,0,0,0,0,0,0,0,0,0,0,0,0,0,0,0,0,0
,Austin Peay,,,,,,,,,,,,,,,,,,,,,,,,,,,,,,,,,,
Ball St.,,,1,,0,0,0,0,0,0,0,0,0,0,0,0,0,0,0,0,0,0,0,0,0,0,0,0,0,0,0,0,0,0,0
,Ball St.,,,,,,,,,,,,,,,,,,,,,,,,,,,,,,,,,,
Baylor,,,1,,0,0,0,0,0,0,0,0,0,0,0,0,0,0,0,0,0,0,0,0,0,0,0,0,0,0,0,0,0,0,0
,Baylor,,,,,,,,,,,,,,,,,,,,,,,,,,,,,,,,,,
Bellarmine,,,1,,23,57,8,28,5,6,6,23,16,22,6,15,9,4,30,59,104,0,1,38,70,9,29,9,29,13,6,5,31,31,58
,Bellarmine,AWAY,"November 3, 2025",Georgia,23,57,8,28,5,6,6,23,16,22,6,15,9,4,30,59,104,0,1,38,70,9,29,9,29,13,6,5,31,31,58
Belmont,,,1,,0,0,0,0,0,0,0,0,0,0,0,0,0,0,0,0,0,0,0,0,0,0,0,0,0,0,0,0,0,0,0
,Belmont,,,,,,,,,,,,,,,,,,,,,,,,,,,,,,,,,,
Bethune Cookman,,,1,,35,69,12,22,8,9,7,26,17,13,8,24,18,12,44,90,95,0,1,31,66,6,23,15,25,14,11,12,16,9,48
,Bethune Cookman,AWAY,"November 3, 2025",Auburn,35,69,12,22,8,9,7,26,17,13,8,24,18,12,44,90,95,0,1,31,66,6,23,15,25,14,11,12,16,9,48
Binghamton,,,1,,0,0,0,0,0,0,0,0,0,0,0,0,0,0,0,0,0,0,0,0,0,0,0,0,0,0,0,0,0,0,0
,Binghamton,,,,,,,,,,,,,,,,,,,,,,,,,,,,,,,,,,
Boise St.,,,1,,0,0,0,0,0,0,0,0,0,0,0,0,0,0,0,0,0,0,0,0,0,0,0,0,0,0,0,0,0,0,0
,Boise St.,,,,,,,,,,,,,,,,,,,,,,,,,,,,,,,,,,
Boston College,,,1,,0,0,0,0,0,0,0,0,0,0,0,0,0,0,0,0,0,0,0,0,0,0,0,0,0,0,0,0,0,0,0
,Boston College,,,,,,,,,,,,,,,,,,,,,,,,,,,,,,,,,,
Boston University,,,1,,0,0,0,0,0,0,0,0,0,0,0,0,0,0,0,0,0,0,0,0,0,0,0,0,0,0,0,0,0,0,0
,Boston University,,,,,,,,,,,,,,,,,,,,,,,,,,,,,,,,,,
Bowling Green,,,1,,0,0,0,0,0,0,0,0,0,0,0,0,0,0,0,0,0,0,0,0,0,0,0,0,0,0,0,0,0,0,0
,Bowling Green,,,,,,,,,,,,,,,,,,,,,,,,,,,,,,,,,,
Bradley,,,1,,24,56,6,22,9,13,5,24,12,9,8,15,14,6,34,63,69,0,1,24,60,8,22,15,29,14,13,11,10,4,24
,Bradley,NEUTRAL,"November 3, 2025",St. Bonaventure,24,56,6,22,9,13,5,24,12,9,8,15,14,6,34,63,69,0,1,24,60,8,22,15,29,14,13,11,10,4,24
Brown,,,1,,0,0,0,0,0,0,0,0,0,0,0,0,0,0,0,0,0,0,0,0,0,0,0,0,0,0,0,0,0,0,0
,Brown,,,,,,,,,,,,,,,,,,,,,,,,,,,,,,,,,,
Bryant,,,1,,0,0,0,0,0,0,0,0,0,0,0,0,0,0,0,0,0,0,0,0,0,0,0,0,0,0,0,0,0,0,0
,Bryant,,,,,,,,,,,,,,,,,,,,,,,,,,,,,,,,,,
Bucknell,,,1,,0,0,0,0,0,0,0,0,0,0,0,0,0,0,0,0,0,0,0,0,0,0,0,0,0,0,0,0,0,0,0
,Bucknell,,,,,,,,,,,,,,,,,,,,,,,,,,,,,,,,,,
Buffalo,,,1,,24,53,12,30,25,36,13,17,16,8,8,18,10,9,20,85,79,1,0,27,50,6,18,7,22,17,14,27,9,12,36
,Buffalo,HOME,"November 3, 2025",Southern Miss,24,53,12,30,25,36,13,17,16,8,8,18,10,9,20,85,79,1,0,27,50,6,18,7,22,17,14,27,9,12,36
Butler,,,1,,0,0,0,0,0,0,0,0,0,0,0,0,0,0,0,0,0,0,0,0,0,0,0,0,0,0,0,0,0,0,0
,Butler,,,,,,,,,,,,,,,,,,,,,,,,,,,,,,,,,,
BYU,,,1,,26,66,5,17,14,21,12,31,10,4,4,13,17,9,40,71,66,1,0,24,67,10,35,17,32,12,11,20,5,3,24
,BYU,NEUTRAL,"November 3, 2025",Villanova,26,66,5,17,14,21,12,31,10,4,4,13,17,9,40,71,66,1,0,24,67,10,35,17,32,12,11,20,5,3,24
Cal Baptist,,,1,,34,64,7,16,12,21,13,25,16,7,3,21,19,6,54,87,75,1,0,25,54,5,17,8,22,3,14,19,7,11,34
,Cal Baptist,HOME,"November 3, 2025",USC Upstate,34,64,7,16,12,21,13,25,16,7,3,21,19,6,54,87,75,1,0,25,54,5,17,8,22,3,14,19,7,11,34
Cal Poly,,,1,,0,0,0,0,0,0,0,0,0,0,0,0,0,0,0,0,0,0,0,0,0,0,0,0,0,0,0,0,0,0,0
,Cal Poly,,,,,,,,,,,,,,,,,,,,,,,,,,,,,,,,,,
Cal St. Bakersfield,,,1,,19,53,3,9,19,30,11,18,10,17,6,20,17,16,26,60,87,0,1,32,59,5,23,12,25,20,14,21,22,8,50
,Cal St. Bakersfield,AWAY,"November 3, 2025",California,19,53,3,9,19,30,11,18,10,17,6,20,17,16,26,60,87,0,1,32,59,5,23,12,25,20,14,21,22,8,50
Cal St. Fullerton,,,1,,0,0,0,0,0,0,0,0,0,0,0,0,0,0,0,0,0,0,0,0,0,0,0,0,0,0,0,0,0,0,0
,Cal St. Fullerton,,,,,,,,,,,,,,,,,,,,,,,,,,,,,,,,,,
Cal St. Northridge,,,1,,0,0,0,0,0,0,0,0,0,0,0,0,0,0,0,0,0,0,0,0,0,0,0,0,0,0,0,0,0,0,0
,Cal St. Northridge,,,,,,,,,,,,,,,,,,,,,,,,,,,,,,,,,,
California,,,1,,32,59,5,23,18,25,12,25,20,14,5,21,22,8,50,87,60,1,0,19,53,3,9,11,18,10,17,20,17,16,26
,California,HOME,"November 3, 2025",Cal St. Bakersfield,32,59,5,23,18,25,12,25,20,14,5,21,22,8,50,87,60,1,0,19,53,3,9,11,18,10,17,20,17,16,26
Campbell,,,1,,23,52,5,19,13,17,9,21,7,19,8,20,14,13,32,64,96,0,1,34,67,11,28,13,21,19,9,14,31,13,46
,Campbell,AWAY,"November 3, 2025",Wisconsin,23,52,5,19,13,17,9,21,7,19,8,20,14,13,32,64,96,0,1,34,67,11,28,13,21,19,9,14,31,13,46
Canisius,,,1,,0,0,0,0,0,0,0,0,0,0,0,0,0,0,0,0,0,0,0,0,0,0,0,0,0,0,0,0,0,0,0
,Canisius,,,,,,,,,,,,,,,,,,,,,,,,,,,,,,,,,,
Central Arkansas,,,1,,20,64,8,29,6,9,10,20,8,17,8,22,15,3,20,54,94,0,1,33,65,10,29,12,33,23,12,13,19,26,46
,Central Arkansas,AWAY,"November 3, 2025",North Carolina,20,64,8,29,6,9,10,20,8,17,8,22,15,3,20,54,94,0,1,33,65,10,29,12,33,23,12,13,19,26,46
Central Connecticut,,,1,,0,0,0,0,0,0,0,0,0,0,0,0,0,0,0,0,0,0,0,0,0,0,0,0,0,0,0,0,0,0,0
,Central Connecticut,,,,,,,,,,,,,,,,,,,,,,,,,,,,,,,,,,
Central Michigan,,,1,,30,58,8,17,14,17,13,30,14,12,3,20,13,14,40,82,66,1,0,21,59,10,27,17,16,13,9,10,16,14,22
,Central Michigan,HOME,"November 3, 2025",Appalachian St.,30,58,8,17,14,17,13,30,14,12,3,20,13,14,40,82,66,1,0,21,59,10,27,17,16,13,9,10,16,14,22
Charleston,,,1,,0,0,0,0,0,0,0,0,0,0,0,0,0,0,0,0,0,0,0,0,0,0,0,0,0,0,0,0,0,0,0
,Charleston,,,,,,,,,,,,,,,,,,,,,,,,,,,,,,,,,,
Charleston Southern,,,1,,0,0,0,0,0,0,0,0,0,0,0,0,0,0,0,0,0,0,0,0,0,0,0,0,0,0,0,0,0,0,0
,Charleston Southern,,,,,,,,,,,,,,,,,,,,,,,,,,,,,,,,,,
Charlotte,,,1,,0,0,0,0,0,0,0,0,0,0,0,0,0,0,0,0,0,0,0,0,0,0,0,0,0,0,0,0,0,0,0
,Charlotte,,,,,,,,,,,,,,,,,,,,,,,,,,,,,,,,,,
Chattanooga,,,1,,0,0,0,0,0,0,0,0,0,0,0,0,0,0,0,0,0,0,0,0,0,0,0,0,0,0,0,0,0,0,0
,Chattanooga,,,,,,,,,,,,,,,,,,,,,,,,,,,,,,,,,,
Chicago St.,,,1,,0,0,0,0,0,0,0,0,0,0,0,0,0,0,0,0,0,0,0,0,0,0,0,0,0,0,0,0,0,0,0
,Chicago St.,,,,,,,,,,,,,,,,,,,,,,,,,,,,,,,,,,
Cincinnati,,,1,,0,0,0,0,0,0,0,0,0,0,0,0,0,0,0,0,0,0,0,0,0,0,0,0,0,0,0,0,0,0,0
,Cincinnati,,,,,,,,,,,,,,,,,,,,,,,,,,,,,,,,,,
Clemson,,,1,,26,51,6,19,30,41,7,38,13,6,2,15,20,4,38,88,38,1,0,15,60,4,27,8,22,7,13,27,2,2,20
,Clemson,HOME,"November 3, 2025",New Hampshire,26,51,6,19,30,41,7,38,13,6,2,15,20,4,38,88,38,1,0,15,60,4,27,8,22,7,13,27,2,2,20
Cleveland St.,,,1,,0,0,0,0,0,0,0,0,0,0,0,0,0,0,0,0,0,0,0,0,0,0,0,0,0,0,0,0,0,0,0
,Cleveland St.,,,,,,,,,,,,,,,,,,,,,,,,,,,,,,,,,,
Coastal Carolina,,,1,,25,61,9,29,12,20,9,26,10,13,8,29,13,7,24,71,76,0,1,22,50,4,15,5,32,13,15,19,12,6,28
,Coastal Carolina,AWAY,"November 3, 2025",Western Michigan,25,61,9,29,12,20,9,26,10,13,8,29,13,7,24,71,76,0,1,22,50,4,15,5,32,13,15,19,12,6,28
Colgate,,,1,,27,57,11,29,4,6,3,22,14,13,6,25,14,14,30,69,80,0,1,25,60,6,21,19,28,18,10,13,16,20,28
,Colgate,AWAY,"November 3, 2025",Michigan St.,27,57,11,29,4,6,3,22,14,13,6,25,14,14,30,69,80,0,1,25,60,6,21,19,28,18,10,13,16,20,28
Colorado,,,1,,0,0,0,0,0,0,0,0,0,0,0,0,0,0,0,0,0,0,0,0,0,0,0,0,0,0,0,0,0,0,0
,Colorado,,,,,,,,,,,,,,,,,,,,,,,,,,,,,,,,,,
Colorado St.,,,1,,0,0,0,0,0,0,0,0,0,0,0,0,0,0,0,0,0,0,0,0,0,0,0,0,0,0,0,0,0,0,0
,Colorado St.,,,,,,,,,,,,,,,,,,,,,,,,,,,,,,,,,,
Columbia,,,1,,0,0,0,0,0,0,0,0,0,0,0,0,0,0,0,0,0,0,0,0,0,0,0,0,0,0,0,0,0,0,0
,Columbia,,,,,,,,,,,,,,,,,,,,,,,,,,,,,,,,,,
Connecticut,,,1,,27,56,8,23,17,20,10,30,11,12,9,16,5,6,36,79,55,1,0,23,52,3,14,4,21,3,11,15,12,1,30
,Connecticut,HOME,"November 3, 2025",New Haven,27,56,8,23,17,20,10,30,11,12,9,16,5,6,36,79,55,1,0,23,52,3,14,4,21,3,11,15,12,1,30
Coppin St.,,,1,,21,49,7,19,12,16,8,21,11,20,4,17,11,5,24,61,83,0,1,25,55,10,29,11,23,16,12,18,30,14,30
,Coppin St.,HOME,"November 3, 2025",Maryland,21,49,7,19,12,16,8,21,11,20,4,17,11,5,24,61,83,0,1,25,55,10,29,11,23,16,12,18,30,14,30
Cornell,,,1,,0,0,0,0,0,0,0,0,0,0,0,0,0,0,0,0,0,0,0,0,0,0,0,0,0,0,0,0,0,0,0
,Cornell,,,,,,,,,,,,,,,,,,,,,,,,,,,,,,,,,,
Creighton,,,1,,0,0,0,0,0,0,0,0,0,0,0,0,0,0,0,0,0,0,0,0,0,0,0,0,0,0,0,0,0,0,0
,Creighton,,,,,,,,,,,,,,,,,,,,,,,,,,,,,,,,,,
Dartmouth,,,1,,0,0,0,0,0,0,0,0,0,0,0,0,0,0,0,0,0,0,0,0,0,0,0,0,0,0,0,0,0,0,0
,Dartmouth,,,,,,,,,,,,,,,,,,,,,,,,,,,,,,,,,,
Davidson,,,1,,0,0,0,0,0,0,0,0,0,0,0,0,0,0,0,0,0,0,0,0,0,0,0,0,0,0,0,0,0,0,0
,Davidson,,,,,,,,,,,,,,,,,,,,,,,,,,,,,,,,,,
Dayton,,,1,,0,0,0,0,0,0,0,0,0,0,0,0,0,0,0,0,0,0,0,0,0,0,0,0,0,0,0,0,0,0,0
,Dayton,,,,,,,,,,,,,,,,,,,,,,,,,,,,,,,,,,
Delaware,,,1,,0,0,0,0,0,0,0,0,0,0,0,0,0,0,0,0,0,0,0,0,0,0,0,0,0,0,0,0,0,0,0
,Delaware,,,,,,,,,,,,,,,,,,,,,,,,,,,,,,,,,,
Delaware St.,,,1,,0,0,0,0,0,0,0,0,0,0,0,0,0,0,0,0,0,0,0,0,0,0,0,0,0,0,0,0,0,0,0
,Delaware St.,,,,,,,,,,,,,,,,,,,,,,,,,,,,,,,,,,
Denver,,,1,,21,56,8,21,23,28,10,28,10,18,6,23,12,4,16,73,84,0,1,27,59,8,19,10,26,9,12,17,20,16,32
,Denver,AWAY,"November 3, 2025",Seattle,21,56,8,21,23,28,10,28,10,18,6,23,12,4,16,73,84,0,1,27,59,8,19,10,26,9,12,17,20,16,32
DePaul,,,1,,0,0,0,0,0,0,0,0,0,0,0,0,0,0,0,0,0,0,0,0,0,0,0,0,0,0,0,0,0,0,0
,DePaul,,,,,,,,,,,,,,,,,,,,,,,,,,,,,,,,,,
Detroit Mercy,,,1,,0,0,0,0,0,0,0,0,0,0,0,0,0,0,0,0,0,0,0,0,0,0,0,0,0,0,0,0,0,0,0
,Detroit Mercy,,,,,,,,,,,,,,,,,,,,,,,,,,,,,,,,,,
Drake,,,1,,27,60,7,22,16,22,12,34,13,10,2,11,10,4,34,77,71,1,0,27,73,10,24,15,24,14,6,19,10,8,30
,Drake,NEUTRAL,"November 3, 2025",Northern Arizona,27,60,7,22,16,22,12,34,13,10,2,11,10,4,34,77,71,1,0,27,73,10,24,15,24,14,6,19,10,8,30
Drexel,,,1,,0,0,0,0,0,0,0,0,0,0,0,0,0,0,0,0,0,0,0,0,0,0,0,0,0,0,0,0,0,0,0
,Drexel,,,,,,,,,,,,,,,,,,,,,,,,,,,,,,,,,,
Duke,,,1,,22,52,9,23,22,30,11,26,13,10,8,21,8,11,24,75,60,1,0,19,59,5,17,18,23,6,16,25,8,6,26
,Duke,NEUTRAL,"November 4, 2025",Texas,22,52,9,23,22,30,11,26,13,10,8,21,8,11,24,75,60,1,0,19,59,5,17,18,23,6,16,25,8,6,26
Duquesne,,,1,,0,0,0,0,0,0,0,0,0,0,0,0,0,0,0,0,0,0,0,0,0,0,0,0,0,0,0,0,0,0,0
,Duquesne,,,,,,,,,,,,,,,,,,,,,,,,,,,,,,,,,,
East Carolina,,,1,,31,66,4,20,26,41,18,26,18,13,8,20,20,23,48,92,89,1,0,31,66,9,22,14,23,12,14,22,17,15,40
,East Carolina,HOME,"November 4, 2025",Georgia Southern,31,66,4,20,26,41,18,26,18,13,8,20,20,23,48,92,89,1,0,31,66,9,22,14,23,12,14,22,17,15,40
East Tennessee St.,,,1,,0,0,0,0,0,0,0,0,0,0,0,0,0,0,0,0,0,0,0,0,0,0,0,0,0,0,0,0,0,0,0
,East Tennessee St.,,,,,,,,,,,,,,,,,,,,,,,,,,,,,,,,,,
East Texas A&M,,,1,,0,0,0,0,0,0,0,0,0,0,0,0,0,0,0,0,0,0,0,0,0,0,0,0,0,0,0,0,0,0,0
,East Texas A&M,,,,,,,,,,,,,,,,,,,,,,,,,,,,,,,,,,
Eastern Illinois,,,1,,18,46,2,9,25,31,10,31,4,20,5,30,13,6,24,63,66,0,1,19,55,7,31,16,22,8,14,22,15,6,22
,Eastern Illinois,AWAY,"November 4, 2025",Valparaiso,18,46,2,9,25,31,10,31,4,20,5,30,13,6,24,63,66,0,1,19,55,7,31,16,22,8,14,22,15,6,22
Eastern Kentucky,,,1,,0,0,0,0,0,0,0,0,0,0,0,0,0,0,0,0,0,0,0,0,0,0,0,0,0,0,0,0,0,0,0
,Eastern Kentucky,,,,,,,,,,,,,,,,,,,,,,,,,,,,,,,,,,
Eastern Michigan,,,1,,31,73,3,11,6,11,22,31,12,13,10,16,22,14,54,71,49,1,0,17,58,7,23,13,25,10,17,13,6,5,14
,Eastern Michigan,HOME,"November 3, 2025",Georgia St.,31,73,3,11,6,11,22,31,12,13,10,16,22,14,54,71,49,1,0,17,58,7,23,13,25,10,17,13,6,5,14
Eastern Washington,,,1,,29,54,7,25,9,14,6,24,22,16,5,13,11,6,38,74,80,0,1,33,70,8,26,12,23,19,8,12,13,12,38
,Eastern Washington,AWAY,"November 3, 2025",UCLA,29,54,7,25,9,14,6,24,22,16,5,13,11,6,38,74,80,0,1,33,70,8,26,12,23,19,8,12,13,12,38
Elon,,,1,,0,0,0,0,0,0,0,0,0,0,0,0,0,0,0,0,0,0,0,0,0,0,0,0,0,0,0,0,0,0,0
,Elon,,,,,,,,,,,,,,,,,,,,,,,,,,,,,,,,,,
Evansville,,,1,,21,70,7,34,2,4,20,20,13,10,2,15,10,3,22,51,82,0,1,28,59,13,29,12,28,22,7,9,12,14,22
,Evansville,AWAY,"November 4, 2025",Purdue,21,70,7,34,2,4,20,20,13,10,2,15,10,3,22,51,82,0,1,28,59,13,29,12,28,22,7,9,12,14,22
Fairfield,,,1,,0,0,0,0,0,0,0,0,0,0,0,0,0,0,0,0,0,0,0,0,0,0,0,0,0,0,0,0,0,0,0
,Fairfield,,,,,,,,,,,,,,,,,,,,,,,,,,,,,,,,,,
Fairleigh Dickinson,,,1,,17,52,6,27,10,17,8,25,7,18,6,7,5,2,20,50,88,0,1,35,67,12,27,9,32,19,9,12,24,14,44
,Fairleigh Dickinson,AWAY,"November 3, 2025",Iowa St.,17,52,6,27,10,17,8,25,7,18,6,7,5,2,20,50,88,0,1,35,67,12,27,9,32,19,9,12,24,14,44
FIU,,,1,,0,0,0,0,0,0,0,0,0,0,0,0,0,0,0,0,0,0,0,0,0,0,0,0,0,0,0,0,0,0,0
,FIU,,,,,,,,,,,,,,,,,,,,,,,,,,,,,,,,,,
Florida,,,1,,30,70,7,27,20,30,17,22,15,15,9,23,11,13,46,87,93,0,1,30,61,2,5,12,29,15,14,22,16,14,50
,Florida,NEUTRAL,"November 3, 2025",Arizona,30,70,7,27,20,30,17,22,15,15,9,23,11,13,46,87,93,0,1,30,61,2,5,12,29,15,14,22,16,14,50
Florida A&M,,,1,,0,0,0,0,0,0,0,0,0,0,0,0,0,0,0,0,0,0,0,0,0,0,0,0,0,0,0,0,0,0,0
,Florida A&M,,,,,,,,,,,,,,,,,,,,,,,,,,,,,,,,,,
Florida Atlantic,,,1,,0,0,0,0,0,0,0,0,0,0,0,0,0,0,0,0,0,0,0,0,0,0,0,0,0,0,0,0,0,0,0
,Florida Atlantic,,,,,,,,,,,,,,,,,,,,,,,,,,,,,,,,,,
Florida Gulf Coast,,,1,,0,0,0,0,0,0,0,0,0,0,0,0,0,0,0,0,0,0,0,0,0,0,0,0,0,0,0,0,0,0,0
,Florida Gulf Coast,,,,,,,,,,,,,,,,,,,,,,,,,,,,,,,,,,
Florida St.,,,1,,39,70,13,30,17,25,14,22,24,8,10,23,27,12,50,108,76,1,0,26,51,8,16,9,24,11,21,16,10,10,26
,Florida St.,HOME,"November 4, 2025",Alcorn St.,39,70,13,30,17,25,14,22,24,8,10,23,27,12,50,108,76,1,0,26,51,8,16,9,24,11,21,16,10,10,26
Fordham,,,1,,23,67,4,24,11,18,19,26,9,8,6,15,11,11,32,61,72,0,1,28,59,12,22,9,28,14,11,8,6,10,26
,Fordham,HOME,"November 4, 2025",NJIT,23,67,4,24,11,18,19,26,9,8,6,15,11,11,32,61,72,0,1,28,59,12,22,9,28,14,11,8,6,10,26
Fresno St.,,,1,,0,0,0,0,0,0,0,0,0,0,0,0,0,0,0,0,0,0,0,0,0,0,0,0,0,0,0,0,0,0,0
,Fresno St.,,,,,,,,,,,,,,,,,,,,,,,,,,,,,,,,,,
Furman,,,1,,25,57,7,26,14,19,15,26,13,22,1,16,3,4,36,71,97,0,1,40,69,9,20,9,19,17,6,18,25,14,52
,Furman,NEUTRAL,"November 3, 2025",High Point,25,57,7,26,14,19,15,26,13,22,1,16,3,4,36,71,97,0,1,40,69,9,20,9,19,17,6,18,25,14,52
Gardner Webb,,,1,,0,0,0,0,0,0,0,0,0,0,0,0,0,0,0,0,0,0,0,0,0,0,0,0,0,0,0,0,0,0,0
,Gardner Webb,,,,,,,,,,,,,,,,,,,,,,,,,,,,,,,,,,
George Mason,,,1,,26,55,6,17,12,16,8,29,12,12,4,16,17,4,34,70,46,1,0,15,50,6,29,10,22,10,16,20,2,6,18
,George Mason,HOME,"November 3, 2025",Wofford,26,55,6,17,12,16,8,29,12,12,4,16,17,4,34,70,46,1,0,15,50,6,29,10,22,10,16,20,2,6,18
George Washington,,,1,,0,0,0,0,0,0,0,0,0,0,0,0,0,0,0,0,0,0,0,0,0,0,0,0,0,0,0,0,0,0,0
,George Washington,,,,,,,,,,,,,,,,,,,,,,,,,,,,,,,,,,
Georgetown,,,1,,28,65,4,26,27,39,14,26,15,7,11,18,29,29,38,87,70,1,0,23,58,7,18,11,26,8,16,23,5,11,22
,Georgetown,HOME,"November 3, 2025",Morgan St.,28,65,4,26,27,39,14,26,15,7,11,18,29,29,38,87,70,1,0,23,58,7,18,11,26,8,16,23,5,11,22
Georgia,,,1,,38,70,9,29,19,21,9,29,13,6,16,5,31,31,58,104,59,1,0,23,57,8,28,6,23,16,22,15,9,4,30
,Georgia,HOME,"November 3, 2025",Bellarmine,38,70,9,29,19,21,9,29,13,6,16,5,31,31,58,104,59,1,0,23,57,8,28,6,23,16,22,15,9,4,30
Georgia Southern,,,1,,31,66,9,22,18,30,14,23,12,14,11,22,17,15,40,89,92,0,1,31,66,4,20,18,26,18,13,20,20,23,48
,Georgia Southern,AWAY,"November 4, 2025",East Carolina,31,66,9,22,18,30,14,23,12,14,11,22,17,15,40,89,92,0,1,31,66,4,20,18,26,18,13,20,20,23,48
Georgia St.,,,1,,17,58,7,23,8,12,13,25,10,17,9,13,6,5,14,49,71,0,1,31,73,3,11,22,31,12,13,16,22,14,54
,Georgia St.,AWAY,"November 3, 2025",Eastern Michigan,17,58,7,23,8,12,13,25,10,17,9,13,6,5,14,49,71,0,1,31,73,3,11,22,31,12,13,16,22,14,54
Georgia Tech,,,1,,0,0,0,0,0,0,0,0,0,0,0,0,0,0,0,0,0,0,0,0,0,0,0,0,0,0,0,0,0,0,0
,Georgia Tech,,,,,,,,,,,,,,,,,,,,,,,,,,,,,,,,,,
Gonzaga,,,1,,37,69,7,22,17,21,19,37,19,13,9,19,18,22,56,98,43,1,0,15,59,3,21,12,15,7,17,21,7,4,22
,Gonzaga,HOME,"November 3, 2025",Texas Southern,37,69,7,22,17,21,19,37,19,13,9,19,18,22,56,98,43,1,0,15,59,3,21,12,15,7,17,21,7,4,22
Grambling St.,,,1,,0,0,0,0,0,0,0,0,0,0,0,0,0,0,0,0,0,0,0,0,0,0,0,0,0,0,0,0,0,0,0
,Grambling St.,,,,,,,,,,,,,,,,,,,,,,,,,,,,,,,,,,
Grand Canyon,,,1,,0,0,0,0,0,0,0,0,0,0,0,0,0,0,0,0,0,0,0,0,0,0,0,0,0,0,0,0,0,0,0
,Grand Canyon,,,,,,,,,,,,,,,,,,,,,,,,,,,,,,,,,,
Green Bay,,,1,,16,56,8,31,11,18,7,19,7,8,2,20,2,2,16,51,94,0,1,33,58,10,27,9,35,20,3,16,17,24,38
,Green Bay,AWAY,"November 3, 2025",Kansas,16,56,8,31,11,18,7,19,7,8,2,20,2,2,16,51,94,0,1,33,58,10,27,9,35,20,3,16,17,24,38
Hampton,,,1,,0,0,0,0,0,0,0,0,0,0,0,0,0,0,0,0,0,0,0,0,0,0,0,0,0,0,0,0,0,0,0
,Hampton,,,,,,,,,,,,,,,,,,,,,,,,,,,,,,,,,,
Harvard,,,1,,0,0,0,0,0,0,0,0,0,0,0,0,0,0,0,0,0,0,0,0,0,0,0,0,0,0,0,0,0,0,0
,Harvard,,,,,,,,,,,,,,,,,,,,,,,,,,,,,,,,,,
Hawaii,,,1,,21,65,5,27,12,19,15,26,8,18,12,19,23,9,30,59,60,0,1,21,58,2,16,17,30,9,21,19,13,4,36
,Hawaii,AWAY,"November 4, 2025",Oregon,21,65,5,27,12,19,15,26,8,18,12,19,23,9,30,59,60,0,1,21,58,2,16,17,30,9,21,19,13,4,36
High Point,,,1,,40,69,9,20,8,15,9,19,17,6,17,18,25,14,52,97,71,1,0,25,57,7,26,15,26,13,22,16,3,4,36
,High Point,NEUTRAL,"November 3, 2025",Furman,40,69,9,20,8,15,9,19,17,6,17,18,25,14,52,97,71,1,0,25,57,7,26,15,26,13,22,16,3,4,36
Hofstra,,,1,,0,0,0,0,0,0,0,0,0,0,0,0,0,0,0,0,0,0,0,0,0,0,0,0,0,0,0,0,0,0,0
,Hofstra,,,,,,,,,,,,,,,,,,,,,,,,,,,,,,,,,,
Holy Cross,,,1,,0,0,0,0,0,0,0,0,0,0,0,0,0,0,0,0,0,0,0,0,0,0,0,0,0,0,0,0,0,0,0
,Holy Cross,,,,,,,,,,,,,,,,,,,,,,,,,,,,,,,,,,
Houston,,,1,,26,61,7,21,16,20,15,28,14,13,11,22,19,6,22,75,57,1,0,19,51,4,15,9,21,5,15,15,10,8,22
,Houston,HOME,"November 3, 2025",Lehigh,26,61,7,21,16,20,15,28,14,13,11,22,19,6,22,75,57,1,0,19,51,4,15,9,21,5,15,15,10,8,22
Houston Christian,,,1,,0,0,0,0,0,0,0,0,0,0,0,0,0,0,0,0,0,0,0,0,0,0,0,0,0,0,0,0,0,0,0
,Houston Christian,,,,,,,,,,,,,,,,,,,,,,,,,,,,,,,,,,
Howard,,,1,,22,62,12,29,11,16,10,18,17,13,5,21,12,3,16,67,88,0,1,34,61,10,19,16,31,16,16,18,15,25,46
,Howard,HOME,"November 3, 2025",Missouri,22,62,12,29,11,16,10,18,17,13,5,21,12,3,16,67,88,0,1,34,61,10,19,16,31,16,16,18,15,25,46
Idaho,,,1,,0,0,0,0,0,0,0,0,0,0,0,0,0,0,0,0,0,0,0,0,0,0,0,0,0,0,0,0,0,0,0
,Idaho,,,,,,,,,,,,,,,,,,,,,,,,,,,,,,,,,,
Idaho St.,,,1,,0,0,0,0,0,0,0,0,0,0,0,0,0,0,0,0,0,0,0,0,0,0,0,0,0,0,0,0,0,0,0
,Idaho St.,,,,,,,,,,,,,,,,,,,,,,,,,,,,,,,,,,
Illinois,,,1,,40,73,17,37,16,24,21,40,23,12,6,6,14,5,42,113,55,1,0,19,62,7,29,4,15,5,11,6,13,17,20
,Illinois,HOME,"November 3, 2025",Jackson St.,40,73,17,37,16,24,21,40,23,12,6,6,14,5,42,113,55,1,0,19,62,7,29,4,15,5,11,6,13,17,20
Illinois Chicago,,,1,,0,0,0,0,0,0,0,0,0,0,0,0,0,0,0,0,0,0,0,0,0,0,0,0,0,0,0,0,0,0,0
,Illinois Chicago,,,,,,,,,,,,,,,,,,,,,,,,,,,,,,,,,,
Illinois St.,,,1,,0,0,0,0,0,0,0,0,0,0,0,0,0,0,0,0,0,0,0,0,0,0,0,0,0,0,0,0,0,0,0
,Illinois St.,,,,,,,,,,,,,,,,,,,,,,,,,,,,,,,,,,
Incarnate Word,,,1,,0,0,0,0,0,0,0,0,0,0,0,0,0,0,0,0,0,0,0,0,0,0,0,0,0,0,0,0,0,0,0
,Incarnate Word,,,,,,,,,,,,,,,,,,,,,,,,,,,,,,,,,,
Indiana,,,1,,0,0,0,0,0,0,0,0,0,0,0,0,0,0,0,0,0,0,0,0,0,0,0,0,0,0,0,0,0,0,0
,Indiana,,,,,,,,,,,,,,,,,,,,,,,,,,,,,,,,,,
Indiana St.,,,1,,0,0,0,0,0,0,0,0,0,0,0,0,0,0,0,0,0,0,0,0,0,0,0,0,0,0,0,0,0,0,0
,Indiana St.,,,,,,,,,,,,,,,,,,,,,,,,,,,,,,,,,,
Iona,,,1,,0,0,0,0,0,0,0,0,0,0,0,0,0,0,0,0,0,0,0,0,0,0,0,0,0,0,0,0,0,0,0
,Iona,,,,,,,,,,,,,,,,,,,,,,,,,,,,,,,,,,
Iowa,,,1,,29,47,7,15,36,44,10,16,21,11,11,25,33,13,44,101,69,1,0,23,48,11,24,13,12,14,23,33,7,0,22
,Iowa,HOME,"November 4, 2025",Robert Morris,29,47,7,15,36,44,10,16,21,11,11,25,33,13,44,101,69,1,0,23,48,11,24,13,12,14,23,33,7,0,22
Iowa St.,,,1,,35,67,12,27,6,9,9,32,19,9,11,12,24,14,44,88,50,1,0,17,52,6,27,8,25,7,18,7,5,2,20
,Iowa St.,HOME,"November 3, 2025",Fairleigh Dickinson,35,67,12,27,6,9,9,32,19,9,11,12,24,14,44,88,50,1,0,17,52,6,27,8,25,7,18,7,5,2,20
IU Indy,,,1,,38,76,12,38,14,20,12,13,20,13,6,36,19,7,36,102,118,0,1,34,54,8,22,11,30,19,17,16,22,17,50
,IU Indy,AWAY,"November 3, 2025",Ohio St.,38,76,12,38,14,20,12,13,20,13,6,36,19,7,36,102,118,0,1,34,54,8,22,11,30,19,17,16,22,17,50
Jackson St.,,,1,,19,62,7,29,10,14,4,15,5,11,11,6,13,17,20,55,113,0,1,40,73,17,37,21,40,23,12,6,14,5,42
,Jackson St.,AWAY,"November 3, 2025",Illinois,19,62,7,29,10,14,4,15,5,11,11,6,13,17,20,55,113,0,1,40,73,17,37,21,40,23,12,6,14,5,42
Jacksonville,,,1,,27,58,8,28,7,14,5,15,11,14,8,26,23,11,30,69,86,0,1,27,49,3,14,8,27,18,15,15,16,11,44
,Jacksonville,AWAY,"November 3, 2025",Miami FL,27,58,8,28,7,14,5,15,11,14,8,26,23,11,30,69,86,0,1,27,49,3,14,8,27,18,15,15,16,11,44
Jacksonville St.,,,1,,0,0,0,0,0,0,0,0,0,0,0,0,0,0,0,0,0,0,0,0,0,0,0,0,0,0,0,0,0,0,0
,Jacksonville St.,,,,,,,,,,,,,,,,,,,,,,,,,,,,,,,,,,
James Madison,,,1,,0,0,0,0,0,0,0,0,0,0,0,0,0,0,0,0,0,0,0,0,0,0,0,0,0,0,0,0,0,0,0
,James Madison,,,,,,,,,,,,,,,,,,,,,,,,,,,,,,,,,,
Kansas,,,1,,33,58,10,27,18,24,9,35,20,3,6,16,17,24,38,94,51,1,0,16,56,8,31,7,19,7,8,20,2,2,16
,Kansas,HOME,"November 3, 2025",Green Bay,33,58,10,27,18,24,9,35,20,3,6,16,17,24,38,94,51,1,0,16,56,8,31,7,19,7,8,20,2,2,16
Kansas St.,,,1,,34,67,14,27,11,20,11,31,22,16,9,18,21,26,34,93,64,1,0,23,61,6,20,10,21,15,18,17,17,8,28
,Kansas St.,HOME,"November 4, 2025",UNC Greensboro,34,67,14,27,11,20,11,31,22,16,9,18,21,26,34,93,64,1,0,23,61,6,20,10,21,15,18,17,17,8,28
Kennesaw St.,,,1,,0,0,0,0,0,0,0,0,0,0,0,0,0,0,0,0,0,0,0,0,0,0,0,0,0,0,0,0,0,0,0
,Kennesaw St.,,,,,,,,,,,,,,,,,,,,,,,,,,,,,,,,,,
Kent St.,,,1,,0,0,0,0,0,0,0,0,0,0,0,0,0,0,0,0,0,0,0,0,0,0,0,0,0,0,0,0,0,0,0
,Kent St.,,,,,,,,,,,,,,,,,,,,,,,,,,,,,,,,,,
Kentucky,,,1,,29,62,7,27,12,22,15,36,21,13,7,17,7,20,42,77,51,1,0,16,53,4,24,5,25,9,11,18,8,6,20
,Kentucky,HOME,"November 4, 2025",Nicholls St.,29,62,7,27,12,22,15,36,21,13,7,17,7,20,42,77,51,1,0,16,53,4,24,5,25,9,11,18,8,6,20
La Salle,,,1,,0,0,0,0,0,0,0,0,0,0,0,0,0,0,0,0,0,0,0,0,0,0,0,0,0,0,0,0,0,0,0
,La Salle,,,,,,,,,,,,,,,,,,,,,,,,,,,,,,,,,,
Lafayette,,,1,,0,0,0,0,0,0,0,0,0,0,0,0,0,0,0,0,0,0,0,0,0,0,0,0,0,0,0,0,0,0,0
,Lafayette,,,,,,,,,,,,,,,,,,,,,,,,,,,,,,,,,,
Lamar,,,1,,0,0,0,0,0,0,0,0,0,0,0,0,0,0,0,0,0,0,0,0,0,0,0,0,0,0,0,0,0,0,0
,Lamar,,,,,,,,,,,,,,,,,,,,,,,,,,,,,,,,,,
Le Moyne,,,1,,0,0,0,0,0,0,0,0,0,0,0,0,0,0,0,0,0,0,0,0,0,0,0,0,0,0,0,0,0,0,0
,Le Moyne,,,,,,,,,,,,,,,,,,,,,,,,,,,,,,,,,,
Lehigh,,,1,,19,51,4,15,15,23,9,21,5,15,8,15,10,8,22,57,75,0,1,26,61,7,21,15,28,14,13,22,19,6,22
,Lehigh,AWAY,"November 3, 2025",Houston,19,51,4,15,15,23,9,21,5,15,8,15,10,8,22,57,75,0,1,26,61,7,21,15,28,14,13,22,19,6,22
Liberty,,,1,,0,0,0,0,0,0,0,0,0,0,0,0,0,0,0,0,0,0,0,0,0,0,0,0,0,0,0,0,0,0,0
,Liberty,,,,,,,,,,,,,,,,,,,,,,,,,,,,,,,,,,
Lindenwood,,,1,,19,61,5,21,17,26,11,32,7,14,4,21,5,2,22,60,98,0,1,33,82,17,45,23,36,20,7,21,19,24,26
,Lindenwood,AWAY,"November 4, 2025",Texas Tech,19,61,5,21,17,26,11,32,7,14,4,21,5,2,22,60,98,0,1,33,82,17,45,23,36,20,7,21,19,24,26
Lipscomb,,,1,,0,0,0,0,0,0,0,0,0,0,0,0,0,0,0,0,0,0,0,0,0,0,0,0,0,0,0,0,0,0,0
,Lipscomb,,,,,,,,,,,,,,,,,,,,,,,,,,,,,,,,,,
Little Rock,,,1,,0,0,0,0,0,0,0,0,0,0,0,0,0,0,0,0,0,0,0,0,0,0,0,0,0,0,0,0,0,0,0
,Little Rock,,,,,,,,,,,,,,,,,,,,,,,,,,,,,,,,,,
LIU,,,1,,21,55,6,18,19,31,14,17,12,15,10,22,14,12,24,67,89,0,1,27,55,14,27,17,28,15,19,24,21,9,26
,LIU,AWAY,"November 3, 2025",Notre Dame,21,55,6,18,19,31,14,17,12,15,10,22,14,12,24,67,89,0,1,27,55,14,27,17,28,15,19,24,21,9,26
Long Beach St.,,,1,,19,59,5,24,2,5,12,23,14,21,7,20,11,3,26,45,77,0,1,26,60,11,23,12,26,16,15,12,24,13,30
,Long Beach St.,AWAY,"November 4, 2025",San Diego St.,19,59,5,24,2,5,12,23,14,21,7,20,11,3,26,45,77,0,1,26,60,11,23,12,26,16,15,12,24,13,30
Longwood,,,1,,0,0,0,0,0,0,0,0,0,0,0,0,0,0,0,0,0,0,0,0,0,0,0,0,0,0,0,0,0,0,0
,Longwood,,,,,,,,,,,,,,,,,,,,,,,,,,,,,,,,,,
Louisiana,,,1,,0,0,0,0,0,0,0,0,0,0,0,0,0,0,0,0,0,0,0,0,0,0,0,0,0,0,0,0,0,0,0
,Louisiana,,,,,,,,,,,,,,,,,,,,,,,,,,,,,,,,,,
Louisiana Monroe,,,1,,0,0,0,0,0,0,0,0,0,0,0,0,0,0,0,0,0,0,0,0,0,0,0,0,0,0,0,0,0,0,0
,Louisiana Monroe,,,,,,,,,,,,,,,,,,,,,,,,,,,,,,,,,,
Louisiana Tech,,,1,,18,50,3,22,11,17,8,18,10,13,6,21,10,3,30,50,77,0,1,25,56,6,20,17,28,16,10,17,11,9,32
,Louisiana Tech,AWAY,"November 4, 2025",Nevada,18,50,3,22,11,17,8,18,10,13,6,21,10,3,30,50,77,0,1,25,56,6,20,17,28,16,10,17,11,9,32
Louisville,,,1,,33,62,12,32,26,33,12,35,23,17,12,20,36,10,42,104,45,1,0,13,57,2,19,12,21,5,25,25,12,0,18
,Louisville,HOME,"November 3, 2025",South Carolina St.,33,62,12,32,26,33,12,35,23,17,12,20,36,10,42,104,45,1,0,13,57,2,19,12,21,5,25,25,12,0,18
Loyola Chicago,,,1,,0,0,0,0,0,0,0,0,0,0,0,0,0,0,0,0,0,0,0,0,0,0,0,0,0,0,0,0,0,0,0
,Loyola Chicago,,,,,,,,,,,,,,,,,,,,,,,,,,,,,,,,,,
Loyola Marymount,,,1,,0,0,0,0,0,0,0,0,0,0,0,0,0,0,0,0,0,0,0,0,0,0,0,0,0,0,0,0,0,0,0
,Loyola Marymount,,,,,,,,,,,,,,,,,,,,,,,,,,,,,,,,,,
Loyola MD,,,1,,0,0,0,0,0,0,0,0,0,0,0,0,0,0,0,0,0,0,0,0,0,0,0,0,0,0,0,0,0,0,0
,Loyola MD,,,,,,,,,,,,,,,,,,,,,,,,,,,,,,,,,,
LSU,,,1,,0,0,0,0,0,0,0,0,0,0,0,0,0,0,0,0,0,0,0,0,0,0,0,0,0,0,0,0,0,0,0
,LSU,,,,,,,,,,,,,,,,,,,,,,,,,,,,,,,,,,
Maine,,,1,,0,0,0,0,0,0,0,0,0,0,0,0,0,0,0,0,0,0,0,0,0,0,0,0,0,0,0,0,0,0,0
,Maine,,,,,,,,,,,,,,,,,,,,,,,,,,,,,,,,,,
Manhattan,,,1,,0,0,0,0,0,0,0,0,0,0,0,0,0,0,0,0,0,0,0,0,0,0,0,0,0,0,0,0,0,0,0
,Manhattan,,,,,,,,,,,,,,,,,,,,,,,,,,,,,,,,,,
Marist,,,1,,21,44,3,10,17,25,6,27,14,18,5,21,8,7,28,62,66,0,1,18,53,7,26,12,19,13,11,20,15,6,16
,Marist,AWAY,"November 3, 2025",Xavier,21,44,3,10,17,25,6,27,14,18,5,21,8,7,28,62,66,0,1,18,53,7,26,12,19,13,11,20,15,6,16
Marquette,,,1,,24,58,5,24,27,39,15,30,16,14,18,16,16,21,36,80,53,1,0,19,67,5,30,19,24,11,23,27,5,9,28
,Marquette,HOME,"November 3, 2025",Albany,24,58,5,24,27,39,15,30,16,14,18,16,16,21,36,80,53,1,0,19,67,5,30,19,24,11,23,27,5,9,28
Marshall,,,1,,27,56,10,30,14,19,10,30,22,26,9,29,20,19,34,78,72,1,0,23,55,5,18,10,18,18,20,20,25,13,30
,Marshall,AWAY,"November 3, 2025",Massachusetts,27,56,10,30,14,19,10,30,22,26,9,29,20,19,34,78,72,1,0,23,55,5,18,10,18,18,20,20,25,13,30
Maryland,,,1,,25,55,10,29,23,25,11,23,16,12,11,18,30,14,30,83,61,1,0,21,49,7,19,8,21,11,20,17,11,5,24
,Maryland,AWAY,"November 3, 2025",Coppin St.,25,55,10,29,23,25,11,23,16,12,11,18,30,14,30,83,61,1,0,21,49,7,19,8,21,11,20,17,11,5,24
Maryland Eastern Shore,,,1,,0,0,0,0,0,0,0,0,0,0,0,0,0,0,0,0,0,0,0,0,0,0,0,0,0,0,0,0,0,0,0
,Maryland Eastern Shore,,,,,,,,,,,,,,,,,,,,,,,,,,,,,,,,,,
Massachusetts,,,1,,23,55,5,18,21,36,10,18,18,20,13,20,25,13,30,72,78,0,1,27,56,10,30,10,30,22,26,29,20,19,34
,Massachusetts,HOME,"November 3, 2025",Marshall,23,55,5,18,21,36,10,18,18,20,13,20,25,13,30,72,78,0,1,27,56,10,30,10,30,22,26,29,20,19,34
McNeese St.,,,1,,0,0,0,0,0,0,0,0,0,0,0,0,0,0,0,0,0,0,0,0,0,0,0,0,0,0,0,0,0,0,0
,McNeese St.,,,,,,,,,,,,,,,,,,,,,,,,,,,,,,,,,,
Memphis,,,1,,0,0,0,0,0,0,0,0,0,0,0,0,0,0,0,0,0,0,0,0,0,0,0,0,0,0,0,0,0,0,0
,Memphis,,,,,,,,,,,,,,,,,,,,,,,,,,,,,,,,,,
Mercer,,,1,,20,67,6,29,15,21,13,19,7,5,15,8,16,5,22,61,76,0,1,30,61,7,17,16,38,19,19,12,8,7,44
,Mercer,AWAY,"November 3, 2025",Tennessee,20,67,6,29,15,21,13,19,7,5,15,8,16,5,22,61,76,0,1,30,61,7,17,16,38,19,19,12,8,7,44
Mercyhurst,,,1,,0,0,0,0,0,0,0,0,0,0,0,0,0,0,0,0,0,0,0,0,0,0,0,0,0,0,0,0,0,0,0
,Mercyhurst,,,,,,,,,,,,,,,,,,,,,,,,,,,,,,,,,,
Merrimack,,,1,,18,56,8,29,22,27,9,22,9,11,8,18,13,14,20,66,75,0,1,24,57,7,18,14,30,17,14,18,9,9,28
,Merrimack,NEUTRAL,"November 3, 2025",South Dakota St.,18,56,8,29,22,27,9,22,9,11,8,18,13,14,20,66,75,0,1,24,57,7,18,14,30,17,14,18,9,9,28
Miami FL,,,1,,27,49,3,14,29,37,8,27,18,15,7,15,16,11,44,86,69,1,0,27,58,8,28,5,15,11,14,26,23,11,30
,Miami FL,HOME,"November 3, 2025",Jacksonville,27,49,3,14,29,37,8,27,18,15,7,15,16,11,44,86,69,1,0,27,58,8,28,5,15,11,14,26,23,11,30
Miami OH,,,1,,29,58,7,24,22,27,8,25,11,12,9,17,28,13,42,87,72,1,0,25,53,9,21,5,24,13,19,23,7,6,24
,Miami OH,HOME,"November 3, 2025",Old Dominion,29,58,7,24,22,27,8,25,11,12,9,17,28,13,42,87,72,1,0,25,53,9,21,5,24,13,19,23,7,6,24
Michigan,,,1,,45,70,19,35,12,13,6,34,29,8,3,15,19,10,46,121,78,1,0,27,64,11,26,5,17,11,11,11,4,6,26
,Michigan,HOME,"November 3, 2025",Oakland,45,70,19,35,12,13,6,34,29,8,3,15,19,10,46,121,78,1,0,27,64,11,26,5,17,11,11,11,4,6,26
Michigan St.,,,1,,25,60,6,21,24,37,19,28,18,10,8,13,16,20,28,80,69,1,0,27,57,11,29,3,22,14,13,25,14,14,30
,Michigan St.,HOME,"November 3, 2025",Colgate,25,60,6,21,24,37,19,28,18,10,8,13,16,20,28,80,69,1,0,27,57,11,29,3,22,14,13,25,14,14,30
Middle Tennessee,,,1,,0,0,0,0,0,0,0,0,0,0,0,0,0,0,0,0,0,0,0,0,0,0,0,0,0,0,0,0,0,0,0
,Middle Tennessee,,,,,,,,,,,,,,,,,,,,,,,,,,,,,,,,,,
Milwaukee,,,1,,0,0,0,0,0,0,0,0,0,0,0,0,0,0,0,0,0,0,0,0,0,0,0,0,0,0,0,0,0,0,0
,Milwaukee,,,,,,,,,,,,,,,,,,,,,,,,,,,,,,,,,,
Minnesota,,,1,,0,0,0,0,0,0,0,0,0,0,0,0,0,0,0,0,0,0,0,0,0,0,0,0,0,0,0,0,0,0,0
,Minnesota,,,,,,,,,,,,,,,,,,,,,,,,,,,,,,,,,,
Mississippi,,,1,,0,0,0,0,0,0,0,0,0,0,0,0,0,0,0,0,0,0,0,0,0,0,0,0,0,0,0,0,0,0,0
,Mississippi,,,,,,,,,,,,,,,,,,,,,,,,,,,,,,,,,,
Mississippi St.,,,1,,0,0,0,0,0,0,0,0,0,0,0,0,0,0,0,0,0,0,0,0,0,0,0,0,0,0,0,0,0,0,0
,Mississippi St.,,,,,,,,,,,,,,,,,,,,,,,,,,,,,,,,,,
Mississippi Valley St.,,,1,,0,0,0,0,0,0,0,0,0,0,0,0,0,0,0,0,0,0,0,0,0,0,0,0,0,0,0,0,0,0,0
,Mississippi Valley St.,,,,,,,,,,,,,,,,,,,,,,,,,,,,,,,,,,
Missouri,,,1,,34,61,10,19,10,21,16,31,16,16,6,18,15,25,46,88,67,1,0,22,62,12,29,10,18,17,13,21,12,3,16
,Missouri,AWAY,"November 3, 2025",Howard,34,61,10,19,10,21,16,31,16,16,6,18,15,25,46,88,67,1,0,22,62,12,29,10,18,17,13,21,12,3,16
Missouri St.,,,1,,0,0,0,0,0,0,0,0,0,0,0,0,0,0,0,0,0,0,0,0,0,0,0,0,0,0,0,0,0,0,0
,Missouri St.,,,,,,,,,,,,,,,,,,,,,,,,,,,,,,,,,,
Monmouth,,,1,,0,0,0,0,0,0,0,0,0,0,0,0,0,0,0,0,0,0,0,0,0,0,0,0,0,0,0,0,0,0,0
,Monmouth,,,,,,,,,,,,,,,,,,,,,,,,,,,,,,,,,,
Montana,,,1,,0,0,0,0,0,0,0,0,0,0,0,0,0,0,0,0,0,0,0,0,0,0,0,0,0,0,0,0,0,0,0
,Montana,,,,,,,,,,,,,,,,,,,,,,,,,,,,,,,,,,
Montana St.,,,1,,0,0,0,0,0,0,0,0,0,0,0,0,0,0,0,0,0,0,0,0,0,0,0,0,0,0,0,0,0,0,0
,Montana St.,,,,,,,,,,,,,,,,,,,,,,,,,,,,,,,,,,
Morehead St.,,,1,,0,0,0,0,0,0,0,0,0,0,0,0,0,0,0,0,0,0,0,0,0,0,0,0,0,0,0,0,0,0,0
,Morehead St.,,,,,,,,,,,,,,,,,,,,,,,,,,,,,,,,,,
Morgan St.,,,1,,23,58,7,18,17,24,11,26,8,16,3,23,5,11,22,70,87,0,1,28,65,4,26,14,26,15,7,18,29,29,38
,Morgan St.,AWAY,"November 3, 2025",Georgetown,23,58,7,18,17,24,11,26,8,16,3,23,5,11,22,70,87,0,1,28,65,4,26,14,26,15,7,18,29,29,38
Mount St. Mary's,,,1,,18,46,5,17,13,19,8,30,10,20,8,25,11,6,26,54,70,0,1,21,48,5,18,6,23,10,9,17,25,19,30
,Mount St. Mary's,AWAY,"November 4, 2025",West Virginia,18,46,5,17,13,19,8,30,10,20,8,25,11,6,26,54,70,0,1,21,48,5,18,6,23,10,9,17,25,19,30
Murray St.,,,1,,23,59,9,32,30,33,10,26,12,14,8,21,17,18,28,85,77,1,0,30,64,4,12,10,25,6,17,19,14,11,38
,Murray St.,NEUTRAL,"November 3, 2025",Nebraska Omaha,23,59,9,32,30,33,10,26,12,14,8,21,17,18,28,85,77,1,0,30,64,4,12,10,25,6,17,19,14,11,38
N.C. State,,,1,,0,0,0,0,0,0,0,0,0,0,0,0,0,0,0,0,0,0,0,0,0,0,0,0,0,0,0,0,0,0,0
,N.C. State,,,,,,,,,,,,,,,,,,,,,,,,,,,,,,,,,,
Navy,,,1,,0,0,0,0,0,0,0,0,0,0,0,0,0,0,0,0,0,0,0,0,0,0,0,0,0,0,0,0,0,0,0
,Navy,,,,,,,,,,,,,,,,,,,,,,,,,,,,,,,,,,
Nebraska,,,1,,0,0,0,0,0,0,0,0,0,0,0,0,0,0,0,0,0,0,0,0,0,0,0,0,0,0,0,0,0,0,0
,Nebraska,,,,,,,,,,,,,,,,,,,,,,,,,,,,,,,,,,
Nebraska Omaha,,,1,,30,64,4,12,13,18,10,25,6,17,8,19,14,11,38,77,85,0,1,23,59,9,32,10,26,12,14,21,17,18,28
,Nebraska Omaha,NEUTRAL,"November 3, 2025",Murray St.,30,64,4,12,13,18,10,25,6,17,8,19,14,11,38,77,85,0,1,23,59,9,32,10,26,12,14,21,17,18,28
Nevada,,,1,,25,56,6,20,21,28,17,28,16,10,6,17,11,9,32,77,50,1,0,18,50,3,22,8,18,10,13,21,10,3,30
,Nevada,HOME,"November 4, 2025",Louisiana Tech,25,56,6,20,21,28,17,28,16,10,6,17,11,9,32,77,50,1,0,18,50,3,22,8,18,10,13,21,10,3,30
New Hampshire,,,1,,15,60,4,27,4,9,8,22,7,13,4,27,2,2,20,38,88,0,1,26,51,6,19,7,38,13,6,15,20,4,38
,New Hampshire,AWAY,"November 3, 2025",Clemson,15,60,4,27,4,9,8,22,7,13,4,27,2,2,20,38,88,0,1,26,51,6,19,7,38,13,6,15,20,4,38
New Haven,,,1,,23,52,3,14,6,14,4,21,3,11,7,15,12,1,30,55,79,0,1,27,56,8,23,10,30,11,12,16,5,6,36
,New Haven,AWAY,"November 3, 2025",Connecticut,23,52,3,14,6,14,4,21,3,11,7,15,12,1,30,55,79,0,1,27,56,8,23,10,30,11,12,16,5,6,36
New Mexico,,,1,,0,0,0,0,0,0,0,0,0,0,0,0,0,0,0,0,0,0,0,0,0,0,0,0,0,0,0,0,0,0,0
,New Mexico,,,,,,,,,,,,,,,,,,,,,,,,,,,,,,,,,,
New Mexico St.,,,1,,0,0,0,0,0,0,0,0,0,0,0,0,0,0,0,0,0,0,0,0,0,0,0,0,0,0,0,0,0,0,0
,New Mexico St.,,,,,,,,,,,,,,,,,,,,,,,,,,,,,,,,,,
New Orleans,,,1,,0,0,0,0,0,0,0,0,0,0,0,0,0,0,0,0,0,0,0,0,0,0,0,0,0,0,0,0,0,0,0
,New Orleans,,,,,,,,,,,,,,,,,,,,,,,,,,,,,,,,,,
Niagara,,,1,,0,0,0,0,0,0,0,0,0,0,0,0,0,0,0,0,0,0,0,0,0,0,0,0,0,0,0,0,0,0,0
,Niagara,,,,,,,,,,,,,,,,,,,,,,,,,,,,,,,,,,
Nicholls St.,,,1,,16,53,4,24,15,22,5,25,9,11,8,18,8,6,20,51,77,0,1,29,62,7,27,15,36,21,13,17,7,20,42
,Nicholls St.,AWAY,"November 4, 2025",Kentucky,16,53,4,24,15,22,5,25,9,11,8,18,8,6,20,51,77,0,1,29,62,7,27,15,36,21,13,17,7,20,42
NJIT,,,1,,28,59,12,22,4,8,9,28,14,11,4,8,6,10,26,72,61,1,0,23,67,4,24,19,26,9,8,15,11,11,32
,NJIT,AWAY,"November 4, 2025",Fordham,28,59,12,22,4,8,9,28,14,11,4,8,6,10,26,72,61,1,0,23,67,4,24,19,26,9,8,15,11,11,32
Norfolk St.,,,1,,0,0,0,0,0,0,0,0,0,0,0,0,0,0,0,0,0,0,0,0,0,0,0,0,0,0,0,0,0,0,0
,Norfolk St.,,,,,,,,,,,,,,,,,,,,,,,,,,,,,,,,,,
North Alabama,,,1,,0,0,0,0,0,0,0,0,0,0,0,0,0,0,0,0,0,0,0,0,0,0,0,0,0,0,0,0,0,0,0
,North Alabama,,,,,,,,,,,,,,,,,,,,,,,,,,,,,,,,,,
North Carolina,,,1,,33,65,10,29,18,22,12,33,23,12,13,13,19,26,46,94,54,1,0,20,64,8,29,10,20,8,17,22,15,3,20
,North Carolina,HOME,"November 3, 2025",Central Arkansas,33,65,10,29,18,22,12,33,23,12,13,13,19,26,46,94,54,1,0,20,64,8,29,10,20,8,17,22,15,3,20
North Carolina A&T,,,1,,26,60,4,11,16,22,7,24,12,12,9,17,14,28,34,72,91,0,1,31,63,14,32,10,30,23,13,19,8,9,28
,North Carolina A&T,AWAY,"November 4, 2025",South Carolina,26,60,4,11,16,22,7,24,12,12,9,17,14,28,34,72,91,0,1,31,63,14,32,10,30,23,13,19,8,9,28
North Carolina Central,,,1,,0,0,0,0,0,0,0,0,0,0,0,0,0,0,0,0,0,0,0,0,0,0,0,0,0,0,0,0,0,0,0
,North Carolina Central,,,,,,,,,,,,,,,,,,,,,,,,,,,,,,,,,,
North Dakota,,,1,,24,62,5,20,9,17,7,19,13,10,11,19,13,11,30,62,91,0,1,31,58,8,27,11,35,22,15,15,15,24,44
,North Dakota,AWAY,"November 3, 2025",Alabama,24,62,5,20,9,17,7,19,13,10,11,19,13,11,30,62,91,0,1,31,58,8,27,11,35,22,15,15,15,24,44
North Dakota St.,,,1,,26,66,6,31,7,11,11,25,17,7,7,22,14,8,32,65,67,0,1,20,45,8,22,5,28,13,12,14,10,5,20
,North Dakota St.,AWAY,"November 3, 2025",Oregon St.,26,66,6,31,7,11,11,25,17,7,7,22,14,8,32,65,67,0,1,20,45,8,22,5,28,13,12,14,10,5,20
North Florida,,,1,,0,0,0,0,0,0,0,0,0,0,0,0,0,0,0,0,0,0,0,0,0,0,0,0,0,0,0,0,0,0,0
,North Florida,,,,,,,,,,,,,,,,,,,,,,,,,,,,,,,,,,
North Texas,,,1,,0,0,0,0,0,0,0,0,0,0,0,0,0,0,0,0,0,0,0,0,0,0,0,0,0,0,0,0,0,0,0
,North Texas,,,,,,,,,,,,,,,,,,,,,,,,,,,,,,,,,,
Northeastern,,,1,,0,0,0,0,0,0,0,0,0,0,0,0,0,0,0,0,0,0,0,0,0,0,0,0,0,0,0,0,0,0,0
,Northeastern,,,,,,,,,,,,,,,,,,,,,,,,,,,,,,,,,,
Northern Arizona,,,1,,27,73,10,24,7,12,15,24,14,6,3,19,10,8,30,71,77,0,1,27,60,7,22,12,34,13,10,11,10,4,34
,Northern Arizona,NEUTRAL,"November 3, 2025",Drake,27,73,10,24,7,12,15,24,14,6,3,19,10,8,30,71,77,0,1,27,60,7,22,12,34,13,10,11,10,4,34
Northern Colorado,,,1,,0,0,0,0,0,0,0,0,0,0,0,0,0,0,0,0,0,0,0,0,0,0,0,0,0,0,0,0,0,0,0
,Northern Colorado,,,,,,,,,,,,,,,,,,,,,,,,,,,,,,,,,,
Northern Illinois,,,1,,0,0,0,0,0,0,0,0,0,0,0,0,0,0,0,0,0,0,0,0,0,0,0,0,0,0,0,0,0,0,0
,Northern Illinois,,,,,,,,,,,,,,,,,,,,,,,,,,,,,,,,,,
Northern Iowa,,,1,,0,0,0,0,0,0,0,0,0,0,0,0,0,0,0,0,0,0,0,0,0,0,0,0,0,0,0,0,0,0,0
,Northern Iowa,,,,,,,,,,,,,,,,,,,,,,,,,,,,,,,,,,
Northern Kentucky,,,1,,0,0,0,0,0,0,0,0,0,0,0,0,0,0,0,0,0,0,0,0,0,0,0,0,0,0,0,0,0,0,0
,Northern Kentucky,,,,,,,,,,,,,,,,,,,,,,,,,,,,,,,,,,
Northwestern,,,1,,0,0,0,0,0,0,0,0,0,0,0,0,0,0,0,0,0,0,0,0,0,0,0,0,0,0,0,0,0,0,0
,Northwestern,,,,,,,,,,,,,,,,,,,,,,,,,,,,,,,,,,
Northwestern St.,,,1,,23,58,7,20,15,21,10,22,13,16,9,16,9,4,24,68,98,0,1,35,71,11,31,17,27,22,12,12,24,14,48
,Northwestern St.,AWAY,"November 3, 2025",Texas A&M,23,58,7,20,15,21,10,22,13,16,9,16,9,4,24,68,98,0,1,35,71,11,31,17,27,22,12,12,24,14,48
Notre Dame,,,1,,27,55,14,27,21,30,17,28,15,19,7,24,21,9,26,89,67,1,0,21,55,6,18,14,17,12,15,22,14,12,24
,Notre Dame,HOME,"November 3, 2025",LIU,27,55,14,27,21,30,17,28,15,19,7,24,21,9,26,89,67,1,0,21,55,6,18,14,17,12,15,22,14,12,24
Oakland,,,1,,27,64,11,26,13,15,5,17,11,11,6,11,4,6,26,78,121,0,1,45,70,19,35,6,34,29,8,15,19,10,46
,Oakland,AWAY,"November 3, 2025",Michigan,27,64,11,26,13,15,5,17,11,11,6,11,4,6,26,78,121,0,1,45,70,19,35,6,34,29,8,15,19,10,46
Ohio,,,1,,31,63,8,26,15,22,7,18,11,10,4,19,15,7,42,85,89,0,1,27,56,10,27,13,28,13,18,23,2,10,34
,Ohio,HOME,"November 3, 2025",Arkansas St.,31,63,8,26,15,22,7,18,11,10,4,19,15,7,42,85,89,0,1,27,56,10,27,13,28,13,18,23,2,10,34
Ohio St.,,,1,,34,54,8,22,42,53,11,30,19,17,6,16,22,17,50,118,102,1,0,38,76,12,38,12,13,20,13,36,19,7,36
,Ohio St.,HOME,"November 3, 2025",IU Indy,34,54,8,22,42,53,11,30,19,17,6,16,22,17,50,118,102,1,0,38,76,12,38,12,13,20,13,36,19,7,36
Oklahoma,,,1,,0,0,0,0,0,0,0,0,0,0,0,0,0,0,0,0,0,0,0,0,0,0,0,0,0,0,0,0,0,0,0
,Oklahoma,,,,,,,,,,,,,,,,,,,,,,,,,,,,,,,,,,
Oklahoma St.,,,1,,32,72,8,25,23,30,15,37,18,15,7,19,18,14,44,95,71,1,0,24,69,8,38,11,26,14,15,22,16,16,30
,Oklahoma St.,HOME,"November 4, 2025",Oral Roberts,32,72,8,25,23,30,15,37,18,15,7,19,18,14,44,95,71,1,0,24,69,8,38,11,26,14,15,22,16,16,30
Old Dominion,,,1,,25,53,9,21,13,16,5,24,13,19,5,23,7,6,24,72,87,0,1,29,58,7,24,8,25,11,12,17,28,13,42
,Old Dominion,AWAY,"November 3, 2025",Miami OH,25,53,9,21,13,16,5,24,13,19,5,23,7,6,24,72,87,0,1,29,58,7,24,8,25,11,12,17,28,13,42
Oral Roberts,,,1,,24,69,8,38,15,22,11,26,14,15,7,22,16,16,30,71,95,0,1,32,72,8,25,15,37,18,15,19,18,14,44
,Oral Roberts,AWAY,"November 4, 2025",Oklahoma St.,24,69,8,38,15,22,11,26,14,15,7,22,16,16,30,71,95,0,1,32,72,8,25,15,37,18,15,19,18,14,44
Oregon,,,1,,21,58,2,16,16,26,17,30,9,21,8,19,13,4,36,60,59,1,0,21,65,5,27,15,26,8,18,19,23,9,30
,Oregon,HOME,"November 4, 2025",Hawaii,21,58,2,16,16,26,17,30,9,21,8,19,13,4,36,60,59,1,0,21,65,5,27,15,26,8,18,19,23,9,30
Oregon St.,,,1,,20,45,8,22,19,26,5,28,13,12,5,14,10,5,20,67,65,1,0,26,66,6,31,11,25,17,7,22,14,8,32
,Oregon St.,HOME,"November 3, 2025",North Dakota St.,20,45,8,22,19,26,5,28,13,12,5,14,10,5,20,67,65,1,0,26,66,6,31,11,25,17,7,22,14,8,32
Pacific,,,1,,0,0,0,0,0,0,0,0,0,0,0,0,0,0,0,0,0,0,0,0,0,0,0,0,0,0,0,0,0,0,0
,Pacific,,,,,,,,,,,,,,,,,,,,,,,,,,,,,,,,,,
Penn,,,1,,0,0,0,0,0,0,0,0,0,0,0,0,0,0,0,0,0,0,0,0,0,0,0,0,0,0,0,0,0,0,0
,Penn,,,,,,,,,,,,,,,,,,,,,,,,,,,,,,,,,,
Penn St.,,,1,,0,0,0,0,0,0,0,0,0,0,0,0,0,0,0,0,0,0,0,0,0,0,0,0,0,0,0,0,0,0,0
,Penn St.,,,,,,,,,,,,,,,,,,,,,,,,,,,,,,,,,,
Pepperdine,,,1,,0,0,0,0,0,0,0,0,0,0,0,0,0,0,0,0,0,0,0,0,0,0,0,0,0,0,0,0,0,0,0
,Pepperdine,,,,,,,,,,,,,,,,,,,,,,,,,,,,,,,,,,
Pittsburgh,,,1,,0,0,0,0,0,0,0,0,0,0,0,0,0,0,0,0,0,0,0,0,0,0,0,0,0,0,0,0,0,0,0
,Pittsburgh,,,,,,,,,,,,,,,,,,,,,,,,,,,,,,,,,,
Portland,,,1,,0,0,0,0,0,0,0,0,0,0,0,0,0,0,0,0,0,0,0,0,0,0,0,0,0,0,0,0,0,0,0
,Portland,,,,,,,,,,,,,,,,,,,,,,,,,,,,,,,,,,
Portland St.,,,1,,27,59,13,27,12,16,8,22,16,21,5,29,23,11,24,79,89,0,1,27,57,6,17,10,26,9,17,17,25,15,38
,Portland St.,AWAY,"November 4, 2025",Stanford,27,59,13,27,12,16,8,22,16,21,5,29,23,11,24,79,89,0,1,27,57,6,17,10,26,9,17,17,25,15,38
Prairie View A&M,,,1,,0,0,0,0,0,0,0,0,0,0,0,0,0,0,0,0,0,0,0,0,0,0,0,0,0,0,0,0,0,0,0
,Prairie View A&M,,,,,,,,,,,,,,,,,,,,,,,,,,,,,,,,,,
Presbyterian,,,1,,0,0,0,0,0,0,0,0,0,0,0,0,0,0,0,0,0,0,0,0,0,0,0,0,0,0,0,0,0,0,0
,Presbyterian,,,,,,,,,,,,,,,,,,,,,,,,,,,,,,,,,,
Princeton,,,1,,0,0,0,0,0,0,0,0,0,0,0,0,0,0,0,0,0,0,0,0,0,0,0,0,0,0,0,0,0,0,0
,Princeton,,,,,,,,,,,,,,,,,,,,,,,,,,,,,,,,,,
Providence,,,1,,0,0,0,0,0,0,0,0,0,0,0,0,0,0,0,0,0,0,0,0,0,0,0,0,0,0,0,0,0,0,0
,Providence,,,,,,,,,,,,,,,,,,,,,,,,,,,,,,,,,,
Purdue,,,1,,28,59,13,29,13,16,12,28,22,7,4,9,12,14,22,82,51,1,0,21,70,7,34,20,20,13,10,15,10,3,22
,Purdue,HOME,"November 4, 2025",Evansville,28,59,13,29,13,16,12,28,22,7,4,9,12,14,22,82,51,1,0,21,70,7,34,20,20,13,10,15,10,3,22
Purdue Fort Wayne,,,1,,0,0,0,0,0,0,0,0,0,0,0,0,0,0,0,0,0,0,0,0,0,0,0,0,0,0,0,0,0,0,0
,Purdue Fort Wayne,,,,,,,,,,,,,,,,,,,,,,,,,,,,,,,,,,
Queens,,,1,,27,63,6,30,14,16,14,25,10,17,2,27,10,4,38,74,81,0,1,24,62,8,25,16,23,12,10,18,15,10,30
,Queens,AWAY,"November 3, 2025",Winthrop,27,63,6,30,14,16,14,25,10,17,2,27,10,4,38,74,81,0,1,24,62,8,25,16,23,12,10,18,15,10,30
Quinnipiac,,,1,,27,67,7,18,13,19,14,21,10,22,11,26,12,16,32,74,108,0,1,39,69,8,19,16,29,25,14,18,32,44,60
,Quinnipiac,AWAY,"November 3, 2025",St. John's,27,67,7,18,13,19,14,21,10,22,11,26,12,16,32,74,108,0,1,39,69,8,19,16,29,25,14,18,32,44,60
Radford,,,1,,0,0,0,0,0,0,0,0,0,0,0,0,0,0,0,0,0,0,0,0,0,0,0,0,0,0,0,0,0,0,0
,Radford,,,,,,,,,,,,,,,,,,,,,,,,,,,,,,,,,,
Rhode Island,,,1,,0,0,0,0,0,0,0,0,0,0,0,0,0,0,0,0,0,0,0,0,0,0,0,0,0,0,0,0,0,0,0
,Rhode Island,,,,,,,,,,,,,,,,,,,,,,,,,,,,,,,,,,
Rice,,,1,,0,0,0,0,0,0,0,0,0,0,0,0,0,0,0,0,0,0,0,0,0,0,0,0,0,0,0,0,0,0,0
,Rice,,,,,,,,,,,,,,,,,,,,,,,,,,,,,,,,,,
Richmond,,,1,,0,0,0,0,0,0,0,0,0,0,0,0,0,0,0,0,0,0,0,0,0,0,0,0,0,0,0,0,0,0,0
,Richmond,,,,,,,,,,,,,,,,,,,,,,,,,,,,,,,,,,
Rider,,,1,,16,49,3,12,18,29,13,19,7,14,3,23,6,7,16,53,87,0,1,30,64,8,30,22,27,14,6,8,22,11,42
,Rider,AWAY,"November 3, 2025",Virginia,16,49,3,12,18,29,13,19,7,14,3,23,6,7,16,53,87,0,1,30,64,8,30,22,27,14,6,8,22,11,42
Robert Morris,,,1,,23,48,11,24,12,22,13,12,14,23,5,33,7,0,22,69,101,0,1,29,47,7,15,10,16,21,11,25,33,13,44
,Robert Morris,AWAY,"November 4, 2025",Iowa,23,48,11,24,12,22,13,12,14,23,5,33,7,0,22,69,101,0,1,29,47,7,15,10,16,21,11,25,33,13,44
Rutgers,,,1,,0,0,0,0,0,0,0,0,0,0,0,0,0,0,0,0,0,0,0,0,0,0,0,0,0,0,0,0,0,0,0
,Rutgers,,,,,,,,,,,,,,,,,,,,,,,,,,,,,,,,,,
Sacramento St.,,,1,,0,0,0,0,0,0,0,0,0,0,0,0,0,0,0,0,0,0,0,0,0,0,0,0,0,0,0,0,0,0,0
,Sacramento St.,,,,,,,,,,,,,,,,,,,,,,,,,,,,,,,,,,
Sacred Heart,,,1,,0,0,0,0,0,0,0,0,0,0,0,0,0,0,0,0,0,0,0,0,0,0,0,0,0,0,0,0,0,0,0
,Sacred Heart,,,,,,,,,,,,,,,,,,,,,,,,,,,,,,,,,,
Saint Francis,,,1,,0,0,0,0,0,0,0,0,0,0,0,0,0,0,0,0,0,0,0,0,0,0,0,0,0,0,0,0,0,0,0
,Saint Francis,,,,,,,,,,,,,,,,,,,,,,,,,,,,,,,,,,
Saint Joseph's,,,1,,0,0,0,0,0,0,0,0,0,0,0,0,0,0,0,0,0,0,0,0,0,0,0,0,0,0,0,0,0,0,0
,Saint Joseph's,,,,,,,,,,,,,,,,,,,,,,,,,,,,,,,,,,
Saint Louis,,,1,,0,0,0,0,0,0,0,0,0,0,0,0,0,0,0,0,0,0,0,0,0,0,0,0,0,0,0,0,0,0,0
,Saint Louis,,,,,,,,,,,,,,,,,,,,,,,,,,,,,,,,,,
Saint Mary's,,,1,,29,57,11,26,15,19,11,30,17,11,6,19,14,7,32,84,58,1,0,25,54,5,21,5,19,13,10,17,13,17,38
,Saint Mary's,HOME,"November 3, 2025",St. Thomas,29,57,11,26,15,19,11,30,17,11,6,19,14,7,32,84,58,1,0,25,54,5,21,5,19,13,10,17,13,17,38
Saint Peter's,,,1,,0,0,0,0,0,0,0,0,0,0,0,0,0,0,0,0,0,0,0,0,0,0,0,0,0,0,0,0,0,0,0
,Saint Peter's,,,,,,,,,,,,,,,,,,,,,,,,,,,,,,,,,,
Sam Houston St.,,,1,,0,0,0,0,0,0,0,0,0,0,0,0,0,0,0,0,0,0,0,0,0,0,0,0,0,0,0,0,0,0,0
,Sam Houston St.,,,,,,,,,,,,,,,,,,,,,,,,,,,,,,,,,,
Samford,,,1,,0,0,0,0,0,0,0,0,0,0,0,0,0,0,0,0,0,0,0,0,0,0,0,0,0,0,0,0,0,0,0
,Samford,,,,,,,,,,,,,,,,,,,,,,,,,,,,,,,,,,
San Diego,,,1,,0,0,0,0,0,0,0,0,0,0,0,0,0,0,0,0,0,0,0,0,0,0,0,0,0,0,0,0,0,0,0
,San Diego,,,,,,,,,,,,,,,,,,,,,,,,,,,,,,,,,,
San Diego St.,,,1,,26,60,11,23,14,19,12,26,16,15,11,12,24,13,30,77,45,1,0,19,59,5,24,12,23,14,21,20,11,3,26
,San Diego St.,HOME,"November 4, 2025",Long Beach St.,26,60,11,23,14,19,12,26,16,15,11,12,24,13,30,77,45,1,0,19,59,5,24,12,23,14,21,20,11,3,26
San Francisco,,,1,,0,0,0,0,0,0,0,0,0,0,0,0,0,0,0,0,0,0,0,0,0,0,0,0,0,0,0,0,0,0,0
,San Francisco,,,,,,,,,,,,,,,,,,,,,,,,,,,,,,,,,,
San Jose St.,,,1,,0,0,0,0,0,0,0,0,0,0,0,0,0,0,0,0,0,0,0,0,0,0,0,0,0,0,0,0,0,0,0
,San Jose St.,,,,,,,,,,,,,,,,,,,,,,,,,,,,,,,,,,
Santa Clara,,,1,,0,0,0,0,0,0,0,0,0,0,0,0,0,0,0,0,0,0,0,0,0,0,0,0,0,0,0,0,0,0,0
,Santa Clara,,,,,,,,,,,,,,,,,,,,,,,,,,,,,,,,,,
Seattle,,,1,,27,59,8,19,22,33,10,26,9,12,7,17,20,16,32,84,73,1,0,21,56,8,21,10,28,10,18,23,12,4,16
,Seattle,HOME,"November 3, 2025",Denver,27,59,8,19,22,33,10,26,9,12,7,17,20,16,32,84,73,1,0,21,56,8,21,10,28,10,18,23,12,4,16
Seton Hall,,,1,,0,0,0,0,0,0,0,0,0,0,0,0,0,0,0,0,0,0,0,0,0,0,0,0,0,0,0,0,0,0,0
,Seton Hall,,,,,,,,,,,,,,,,,,,,,,,,,,,,,,,,,,
Siena,,,1,,0,0,0,0,0,0,0,0,0,0,0,0,0,0,0,0,0,0,0,0,0,0,0,0,0,0,0,0,0,0,0
,Siena,,,,,,,,,,,,,,,,,,,,,,,,,,,,,,,,,,
SIU Edwardsville,,,1,,0,0,0,0,0,0,0,0,0,0,0,0,0,0,0,0,0,0,0,0,0,0,0,0,0,0,0,0,0,0,0
,SIU Edwardsville,,,,,,,,,,,,,,,,,,,,,,,,,,,,,,,,,,
SMU,,,1,,28,50,7,18,33,42,8,23,13,11,6,23,16,11,30,96,76,1,0,20,51,7,18,10,20,12,15,30,13,13,22
,SMU,HOME,"November 3, 2025",Tarleton St.,28,50,7,18,33,42,8,23,13,11,6,23,16,11,30,96,76,1,0,20,51,7,18,10,20,12,15,30,13,13,22
South Alabama,,,1,,32,58,7,19,5,13,11,25,16,11,7,14,13,6,48,76,74,1,0,26,55,15,33,6,20,21,11,12,11,2,22
,South Alabama,AWAY,"November 3, 2025",Toledo,32,58,7,19,5,13,11,25,16,11,7,14,13,6,48,76,74,1,0,26,55,15,33,6,20,21,11,12,11,2,22
South Carolina,,,1,,31,63,14,32,15,21,10,30,23,13,5,19,8,9,28,91,72,1,0,26,60,4,11,7,24,12,12,17,14,28,34
,South Carolina,HOME,"November 4, 2025",North Carolina A&T,31,63,14,32,15,21,10,30,23,13,5,19,8,9,28,91,72,1,0,26,60,4,11,7,24,12,12,17,14,28,34
South Carolina St.,,,1,,13,57,2,19,17,22,12,21,5,25,6,25,12,0,18,45,104,0,1,33,62,12,32,12,35,23,17,20,36,10,42
,South Carolina St.,AWAY,"November 3, 2025",Louisville,13,57,2,19,17,22,12,21,5,25,6,25,12,0,18,45,104,0,1,33,62,12,32,12,35,23,17,20,36,10,42
South Dakota,,,1,,25,66,2,17,27,35,14,31,7,14,4,12,11,0,42,79,81,0,1,33,73,7,27,12,30,17,15,16,21,12,44
,South Dakota,HOME,"November 3, 2025",Utah Tech,25,66,2,17,27,35,14,31,7,14,4,12,11,0,42,79,81,0,1,33,73,7,27,12,30,17,15,16,21,12,44
South Dakota St.,,,1,,24,57,7,18,20,26,14,30,17,14,4,18,9,9,28,75,66,1,0,18,56,8,29,9,22,9,11,18,13,14,20
,South Dakota St.,NEUTRAL,"November 3, 2025",Merrimack,24,57,7,18,20,26,14,30,17,14,4,18,9,9,28,75,66,1,0,18,56,8,29,9,22,9,11,18,13,14,20
South Florida,,,1,,0,0,0,0,0,0,0,0,0,0,0,0,0,0,0,0,0,0,0,0,0,0,0,0,0,0,0,0,0,0,0
,South Florida,,,,,,,,,,,,,,,,,,,,,,,,,,,,,,,,,,
Southeast Missouri St.,,,1,,0,0,0,0,0,0,0,0,0,0,0,0,0,0,0,0,0,0,0,0,0,0,0,0,0,0,0,0,0,0,0
,Southeast Missouri St.,,,,,,,,,,,,,,,,,,,,,,,,,,,,,,,,,,
Southeastern Louisiana,,,1,,0,0,0,0,0,0,0,0,0,0,0,0,0,0,0,0,0,0,0,0,0,0,0,0,0,0,0,0,0,0,0
,Southeastern Louisiana,,,,,,,,,,,,,,,,,,,,,,,,,,,,,,,,,,
Southern,,,1,,27,69,12,27,11,24,12,25,10,12,3,20,7,12,28,77,109,0,1,37,73,10,28,14,31,23,9,18,16,32,48
,Southern,AWAY,"November 3, 2025",Arkansas,27,69,12,27,11,24,12,25,10,12,3,20,7,12,28,77,109,0,1,37,73,10,28,14,31,23,9,18,16,32,48
Southern Illinois,,,1,,0,0,0,0,0,0,0,0,0,0,0,0,0,0,0,0,0,0,0,0,0,0,0,0,0,0,0,0,0,0,0
,Southern Illinois,,,,,,,,,,,,,,,,,,,,,,,,,,,,,,,,,,
Southern Indiana,,,1,,0,0,0,0,0,0,0,0,0,0,0,0,0,0,0,0,0,0,0,0,0,0,0,0,0,0,0,0,0,0,0
,Southern Indiana,,,,,,,,,,,,,,,,,,,,,,,,,,,,,,,,,,
Southern Miss,,,1,,27,50,6,18,19,20,7,22,17,14,6,27,9,12,36,79,85,0,1,24,53,12,30,13,17,16,8,18,10,9,20
,Southern Miss,AWAY,"November 3, 2025",Buffalo,27,50,6,18,19,20,7,22,17,14,6,27,9,12,36,79,85,0,1,24,53,12,30,13,17,16,8,18,10,9,20
Southern Utah,,,1,,26,70,4,25,8,8,16,24,11,16,8,18,16,11,44,64,81,0,1,29,59,9,23,11,28,17,14,13,15,24,36
,Southern Utah,AWAY,"November 4, 2025",Arizona St.,26,70,4,25,8,8,16,24,11,16,8,18,16,11,44,64,81,0,1,29,59,9,23,11,28,17,14,13,15,24,36
St. Bonaventure,,,1,,24,60,8,22,13,17,15,29,14,13,7,11,10,4,24,69,63,1,0,24,56,6,22,5,24,12,9,15,14,6,34
,St. Bonaventure,NEUTRAL,"November 3, 2025",Bradley,24,60,8,22,13,17,15,29,14,13,7,11,10,4,24,69,63,1,0,24,56,6,22,5,24,12,9,15,14,6,34
St. John's,,,1,,39,69,8,19,22,34,16,29,25,14,12,18,32,44,60,108,74,1,0,27,67,7,18,14,21,10,22,26,12,16,32
,St. John's,HOME,"November 3, 2025",Quinnipiac,39,69,8,19,22,34,16,29,25,14,12,18,32,44,60,108,74,1,0,27,67,7,18,14,21,10,22,26,12,16,32
St. Thomas,,,1,,25,54,5,21,3,10,5,19,13,10,8,17,13,17,38,58,84,0,1,29,57,11,26,11,30,17,11,19,14,7,32
,St. Thomas,AWAY,"November 3, 2025",Saint Mary's,25,54,5,21,3,10,5,19,13,10,8,17,13,17,38,58,84,0,1,29,57,11,26,11,30,17,11,19,14,7,32
Stanford,,,1,,27,57,6,17,29,36,10,26,9,17,9,17,25,15,38,89,79,1,0,27,59,13,27,8,22,16,21,29,23,11,24
,Stanford,HOME,"November 4, 2025",Portland St.,27,57,6,17,29,36,10,26,9,17,9,17,25,15,38,89,79,1,0,27,59,13,27,8,22,16,21,29,23,11,24
Stephen F. Austin,,,1,,0,0,0,0,0,0,0,0,0,0,0,0,0,0,0,0,0,0,0,0,0,0,0,0,0,0,0,0,0,0,0
,Stephen F. Austin,,,,,,,,,,,,,,,,,,,,,,,,,,,,,,,,,,
Stetson,,,1,,0,0,0,0,0,0,0,0,0,0,0,0,0,0,0,0,0,0,0,0,0,0,0,0,0,0,0,0,0,0,0
,Stetson,,,,,,,,,,,,,,,,,,,,,,,,,,,,,,,,,,
Stonehill,,,1,,0,0,0,0,0,0,0,0,0,0,0,0,0,0,0,0,0,0,0,0,0,0,0,0,0,0,0,0,0,0,0
,Stonehill,,,,,,,,,,,,,,,,,,,,,,,,,,,,,,,,,,
Stony Brook,,,1,,0,0,0,0,0,0,0,0,0,0,0,0,0,0,0,0,0,0,0,0,0,0,0,0,0,0,0,0,0,0,0
,Stony Brook,,,,,,,,,,,,,,,,,,,,,,,,,,,,,,,,,,
Syracuse,,,1,,0,0,0,0,0,0,0,0,0,0,0,0,0,0,0,0,0,0,0,0,0,0,0,0,0,0,0,0,0,0,0
,Syracuse,,,,,,,,,,,,,,,,,,,,,,,,,,,,,,,,,,
Tarleton St.,,,1,,20,51,7,18,29,35,10,20,12,15,5,30,13,13,22,76,96,0,1,28,50,7,18,8,23,13,11,23,16,11,30
,Tarleton St.,AWAY,"November 3, 2025",SMU,20,51,7,18,29,35,10,20,12,15,5,30,13,13,22,76,96,0,1,28,50,7,18,8,23,13,11,23,16,11,30
TCU,,,1,,0,0,0,0,0,0,0,0,0,0,0,0,0,0,0,0,0,0,0,0,0,0,0,0,0,0,0,0,0,0,0
,TCU,,,,,,,,,,,,,,,,,,,,,,,,,,,,,,,,,,
Temple,,,1,,0,0,0,0,0,0,0,0,0,0,0,0,0,0,0,0,0,0,0,0,0,0,0,0,0,0,0,0,0,0,0
,Temple,,,,,,,,,,,,,,,,,,,,,,,,,,,,,,,,,,
Tennessee,,,1,,30,61,7,17,9,15,16,38,19,19,2,12,8,7,44,76,61,1,0,20,67,6,29,13,19,7,5,8,16,5,22
,Tennessee,HOME,"November 3, 2025",Mercer,30,61,7,17,9,15,16,38,19,19,2,12,8,7,44,76,61,1,0,20,67,6,29,13,19,7,5,8,16,5,22
Tennessee Martin,,,1,,24,55,11,30,27,48,11,22,18,14,12,19,21,19,26,86,81,1,0,23,50,7,23,10,29,16,22,21,17,14,32
,Tennessee Martin,AWAY,"November 4, 2025",UNLV,24,55,11,30,27,48,11,22,18,14,12,19,21,19,26,86,81,1,0,23,50,7,23,10,29,16,22,21,17,14,32
Tennessee St.,,,1,,0,0,0,0,0,0,0,0,0,0,0,0,0,0,0,0,0,0,0,0,0,0,0,0,0,0,0,0,0,0,0
,Tennessee St.,,,,,,,,,,,,,,,,,,,,,,,,,,,,,,,,,,
Tennessee Tech,,,1,,0,0,0,0,0,0,0,0,0,0,0,0,0,0,0,0,0,0,0,0,0,0,0,0,0,0,0,0,0,0,0
,Tennessee Tech,,,,,,,,,,,,,,,,,,,,,,,,,,,,,,,,,,
Texas,,,1,,19,59,5,17,17,23,18,23,6,16,4,25,8,6,26,60,75,0,1,22,52,9,23,11,26,13,10,21,8,11,24
,Texas,NEUTRAL,"November 4, 2025",Duke,19,59,5,17,17,23,18,23,6,16,4,25,8,6,26,60,75,0,1,22,52,9,23,11,26,13,10,21,8,11,24
Texas A&M,,,1,,35,71,11,31,17,23,17,27,22,12,13,12,24,14,48,98,68,1,0,23,58,7,20,10,22,13,16,16,9,4,24
,Texas A&M,HOME,"November 3, 2025",Northwestern St.,35,71,11,31,17,23,17,27,22,12,13,12,24,14,48,98,68,1,0,23,58,7,20,10,22,13,16,16,9,4,24
Texas A&M Corpus Chris,,,1,,0,0,0,0,0,0,0,0,0,0,0,0,0,0,0,0,0,0,0,0,0,0,0,0,0,0,0,0,0,0,0
,Texas A&M Corpus Chris,,,,,,,,,,,,,,,,,,,,,,,,,,,,,,,,,,
Texas Southern,,,1,,15,59,3,21,10,17,12,15,7,17,6,21,7,4,22,43,98,0,1,37,69,7,22,19,37,19,13,19,18,22,56
,Texas Southern,AWAY,"November 3, 2025",Gonzaga,15,59,3,21,10,17,12,15,7,17,6,21,7,4,22,43,98,0,1,37,69,7,22,19,37,19,13,19,18,22,56
Texas St.,,,1,,0,0,0,0,0,0,0,0,0,0,0,0,0,0,0,0,0,0,0,0,0,0,0,0,0,0,0,0,0,0,0
,Texas St.,,,,,,,,,,,,,,,,,,,,,,,,,,,,,,,,,,
Texas Tech,,,1,,33,82,17,45,15,23,23,36,20,7,12,21,19,24,26,98,60,1,0,19,61,5,21,11,32,7,14,21,5,2,22
,Texas Tech,HOME,"November 4, 2025",Lindenwood,33,82,17,45,15,23,23,36,20,7,12,21,19,24,26,98,60,1,0,19,61,5,21,11,32,7,14,21,5,2,22
The Citadel,,,1,,0,0,0,0,0,0,0,0,0,0,0,0,0,0,0,0,0,0,0,0,0,0,0,0,0,0,0,0,0,0,0
,The Citadel,,,,,,,,,,,,,,,,,,,,,,,,,,,,,,,,,,
Toledo,,,1,,26,55,15,33,7,9,6,20,21,11,6,12,11,2,22,74,76,0,1,32,58,7,19,11,25,16,11,14,13,6,48
,Toledo,HOME,"November 3, 2025",South Alabama,26,55,15,33,7,9,6,20,21,11,6,12,11,2,22,74,76,0,1,32,58,7,19,11,25,16,11,14,13,6,48
Towson,,,1,,0,0,0,0,0,0,0,0,0,0,0,0,0,0,0,0,0,0,0,0,0,0,0,0,0,0,0,0,0,0,0
,Towson,,,,,,,,,,,,,,,,,,,,,,,,,,,,,,,,,,
Troy,,,1,,0,0,0,0,0,0,0,0,0,0,0,0,0,0,0,0,0,0,0,0,0,0,0,0,0,0,0,0,0,0,0
,Troy,,,,,,,,,,,,,,,,,,,,,,,,,,,,,,,,,,
Tulane,,,1,,0,0,0,0,0,0,0,0,0,0,0,0,0,0,0,0,0,0,0,0,0,0,0,0,0,0,0,0,0,0,0
,Tulane,,,,,,,,,,,,,,,,,,,,,,,,,,,,,,,,,,
Tulsa,,,1,,0,0,0,0,0,0,0,0,0,0,0,0,0,0,0,0,0,0,0,0,0,0,0,0,0,0,0,0,0,0,0
,Tulsa,,,,,,,,,,,,,,,,,,,,,,,,,,,,,,,,,,
UAB,,,1,,0,0,0,0,0,0,0,0,0,0,0,0,0,0,0,0,0,0,0,0,0,0,0,0,0,0,0,0,0,0,0
,UAB,,,,,,,,,,,,,,,,,,,,,,,,,,,,,,,,,,
UC Davis,,,1,,0,0,0,0,0,0,0,0,0,0,0,0,0,0,0,0,0,0,0,0,0,0,0,0,0,0,0,0,0,0,0
,UC Davis,,,,,,,,,,,,,,,,,,,,,,,,,,,,,,,,,,
UC Irvine,,,1,,0,0,0,0,0,0,0,0,0,0,0,0,0,0,0,0,0,0,0,0,0,0,0,0,0,0,0,0,0,0,0
,UC Irvine,,,,,,,,,,,,,,,,,,,,,,,,,,,,,,,,,,
UC Riverside,,,1,,0,0,0,0,0,0,0,0,0,0,0,0,0,0,0,0,0,0,0,0,0,0,0,0,0,0,0,0,0,0,0
,UC Riverside,,,,,,,,,,,,,,,,,,,,,,,,,,,,,,,,,,
UC San Diego,,,1,,0,0,0,0,0,0,0,0,0,0,0,0,0,0,0,0,0,0,0,0,0,0,0,0,0,0,0,0,0,0,0
,UC San Diego,,,,,,,,,,,,,,,,,,,,,,,,,,,,,,,,,,
UC Santa Barbara,,,1,,0,0,0,0,0,0,0,0,0,0,0,0,0,0,0,0,0,0,0,0,0,0,0,0,0,0,0,0,0,0,0
,UC Santa Barbara,,,,,,,,,,,,,,,,,,,,,,,,,,,,,,,,,,
UCF,,,1,,0,0,0,0,0,0,0,0,0,0,0,0,0,0,0,0,0,0,0,0,0,0,0,0,0,0,0,0,0,0,0
,UCF,,,,,,,,,,,,,,,,,,,,,,,,,,,,,,,,,,
UCLA,,,1,,33,70,8,26,6,10,12,23,19,8,7,12,13,12,38,80,74,1,0,29,54,7,25,6,24,22,16,13,11,6,38
,UCLA,HOME,"November 3, 2025",Eastern Washington,33,70,8,26,6,10,12,23,19,8,7,12,13,12,38,80,74,1,0,29,54,7,25,6,24,22,16,13,11,6,38
UMass Lowell,,,1,,0,0,0,0,0,0,0,0,0,0,0,0,0,0,0,0,0,0,0,0,0,0,0,0,0,0,0,0,0,0,0
,UMass Lowell,,,,,,,,,,,,,,,,,,,,,,,,,,,,,,,,,,
UMBC,,,1,,0,0,0,0,0,0,0,0,0,0,0,0,0,0,0,0,0,0,0,0,0,0,0,0,0,0,0,0,0,0,0
,UMBC,,,,,,,,,,,,,,,,,,,,,,,,,,,,,,,,,,
UMKC,,,1,,0,0,0,0,0,0,0,0,0,0,0,0,0,0,0,0,0,0,0,0,0,0,0,0,0,0,0,0,0,0,0
,UMKC,,,,,,,,,,,,,,,,,,,,,,,,,,,,,,,,,,
UNC Asheville,,,1,,23,56,4,15,8,13,11,20,3,16,7,14,10,0,30,58,75,0,1,31,68,4,16,21,25,10,14,16,12,8,42
,UNC Asheville,AWAY,"November 4, 2025",Wichita St.,23,56,4,15,8,13,11,20,3,16,7,14,10,0,30,58,75,0,1,31,68,4,16,21,25,10,14,16,12,8,42
UNC Greensboro,,,1,,23,61,6,20,12,20,10,21,15,18,11,17,17,8,28,64,93,0,1,34,67,14,27,11,31,22,16,18,21,26,34
,UNC Greensboro,AWAY,"November 4, 2025",Kansas St.,23,61,6,20,12,20,10,21,15,18,11,17,17,8,28,64,93,0,1,34,67,14,27,11,31,22,16,18,21,26,34
UNC Wilmington,,,1,,0,0,0,0,0,0,0,0,0,0,0,0,0,0,0,0,0,0,0,0,0,0,0,0,0,0,0,0,0,0,0
,UNC Wilmington,,,,,,,,,,,,,,,,,,,,,,,,,,,,,,,,,,
UNLV,,,1,,23,50,7,23,28,37,10,29,16,22,8,21,17,14,32,81,86,0,1,24,55,11,30,11,22,18,14,19,21,19,26
,UNLV,HOME,"November 4, 2025",Tennessee Martin,23,50,7,23,28,37,10,29,16,22,8,21,17,14,32,81,86,0,1,24,55,11,30,11,22,18,14,19,21,19,26
USC,,,1,,0,0,0,0,0,0,0,0,0,0,0,0,0,0,0,0,0,0,0,0,0,0,0,0,0,0,0,0,0,0,0
,USC,,,,,,,,,,,,,,,,,,,,,,,,,,,,,,,,,,
USC Upstate,,,1,,25,54,5,17,20,29,8,22,3,14,5,19,7,11,34,75,87,0,1,34,64,7,16,13,25,16,7,21,19,6,54
,USC Upstate,AWAY,"November 3, 2025",Cal Baptist,25,54,5,17,20,29,8,22,3,14,5,19,7,11,34,75,87,0,1,34,64,7,16,13,25,16,7,21,19,6,54
UT Arlington,,,1,,0,0,0,0,0,0,0,0,0,0,0,0,0,0,0,0,0,0,0,0,0,0,0,0,0,0,0,0,0,0,0
,UT Arlington,,,,,,,,,,,,,,,,,,,,,,,,,,,,,,,,,,
UT Rio Grande Valley,,,1,,0,0,0,0,0,0,0,0,0,0,0,0,0,0,0,0,0,0,0,0,0,0,0,0,0,0,0,0,0,0,0
,UT Rio Grande Valley,,,,,,,,,,,,,,,,,,,,,,,,,,,,,,,,,,
Utah,,,1,,0,0,0,0,0,0,0,0,0,0,0,0,0,0,0,0,0,0,0,0,0,0,0,0,0,0,0,0,0,0,0
,Utah,,,,,,,,,,,,,,,,,,,,,,,,,,,,,,,,,,
Utah St.,,,1,,0,0,0,0,0,0,0,0,0,0,0,0,0,0,0,0,0,0,0,0,0,0,0,0,0,0,0,0,0,0,0
,Utah St.,,,,,,,,,,,,,,,,,,,,,,,,,,,,,,,,,,
Utah Tech,,,1,,33,73,7,27,8,13,12,30,17,15,5,16,21,12,44,81,79,1,0,25,66,2,17,14,31,7,14,12,11,0,42
,Utah Tech,AWAY,"November 3, 2025",South Dakota,33,73,7,27,8,13,12,30,17,15,5,16,21,12,44,81,79,1,0,25,66,2,17,14,31,7,14,12,11,0,42
Utah Valley,,,1,,0,0,0,0,0,0,0,0,0,0,0,0,0,0,0,0,0,0,0,0,0,0,0,0,0,0,0,0,0,0,0
,Utah Valley,,,,,,,,,,,,,,,,,,,,,,,,,,,,,,,,,,
UTEP,,,1,,0,0,0,0,0,0,0,0,0,0,0,0,0,0,0,0,0,0,0,0,0,0,0,0,0,0,0,0,0,0,0
,UTEP,,,,,,,,,,,,,,,,,,,,,,,,,,,,,,,,,,
UTSA,,,1,,0,0,0,0,0,0,0,0,0,0,0,0,0,0,0,0,0,0,0,0,0,0,0,0,0,0,0,0,0,0,0
,UTSA,,,,,,,,,,,,,,,,,,,,,,,,,,,,,,,,,,
Valparaiso,,,1,,19,55,7,31,21,35,16,22,8,14,13,22,15,6,22,66,63,1,0,18,46,2,9,10,31,4,20,30,13,6,24
,Valparaiso,HOME,"November 4, 2025",Eastern Illinois,19,55,7,31,21,35,16,22,8,14,13,22,15,6,22,66,63,1,0,18,46,2,9,10,31,4,20,30,13,6,24
Vanderbilt,,,1,,0,0,0,0,0,0,0,0,0,0,0,0,0,0,0,0,0,0,0,0,0,0,0,0,0,0,0,0,0,0,0
,Vanderbilt,,,,,,,,,,,,,,,,,,,,,,,,,,,,,,,,,,
VCU,,,1,,0,0,0,0,0,0,0,0,0,0,0,0,0,0,0,0,0,0,0,0,0,0,0,0,0,0,0,0,0,0,0
,VCU,,,,,,,,,,,,,,,,,,,,,,,,,,,,,,,,,,
Vermont,,,1,,0,0,0,0,0,0,0,0,0,0,0,0,0,0,0,0,0,0,0,0,0,0,0,0,0,0,0,0,0,0,0
,Vermont,,,,,,,,,,,,,,,,,,,,,,,,,,,,,,,,,,
Villanova,,,1,,24,67,10,35,8,15,17,32,12,11,2,20,5,3,24,66,71,0,1,26,66,5,17,12,31,10,4,13,17,9,40
,Villanova,NEUTRAL,"November 3, 2025",BYU,24,67,10,35,8,15,17,32,12,11,2,20,5,3,24,66,71,0,1,26,66,5,17,12,31,10,4,13,17,9,40
Virginia,,,1,,30,64,8,30,19,34,22,27,14,6,8,8,22,11,42,87,53,1,0,16,49,3,12,13,19,7,14,23,6,7,16
,Virginia,HOME,"November 3, 2025",Rider,30,64,8,30,19,34,22,27,14,6,8,8,22,11,42,87,53,1,0,16,49,3,12,13,19,7,14,23,6,7,16
Virginia Tech,,,1,,0,0,0,0,0,0,0,0,0,0,0,0,0,0,0,0,0,0,0,0,0,0,0,0,0,0,0,0,0,0,0
,Virginia Tech,,,,,,,,,,,,,,,,,,,,,,,,,,,,,,,,,,
VMI,,,1,,0,0,0,0,0,0,0,0,0,0,0,0,0,0,0,0,0,0,0,0,0,0,0,0,0,0,0,0,0,0,0
,VMI,,,,,,,,,,,,,,,,,,,,,,,,,,,,,,,,,,
Wagner,,,1,,0,0,0,0,0,0,0,0,0,0,0,0,0,0,0,0,0,0,0,0,0,0,0,0,0,0,0,0,0,0,0
,Wagner,,,,,,,,,,,,,,,,,,,,,,,,,,,,,,,,,,
Wake Forest,,,1,,0,0,0,0,0,0,0,0,0,0,0,0,0,0,0,0,0,0,0,0,0,0,0,0,0,0,0,0,0,0,0
,Wake Forest,,,,,,,,,,,,,,,,,,,,,,,,,,,,,,,,,,
Washington,,,1,,30,61,10,25,24,33,17,36,21,14,9,14,25,11,36,94,50,1,0,17,67,8,31,16,16,7,16,24,14,3,12
,Washington,HOME,"November 3, 2025",Arkansas Pine Bluff,30,61,10,25,24,33,17,36,21,14,9,14,25,11,36,94,50,1,0,17,67,8,31,16,16,7,16,24,14,3,12
Washington St.,,,1,,0,0,0,0,0,0,0,0,0,0,0,0,0,0,0,0,0,0,0,0,0,0,0,0,0,0,0,0,0,0,0
,Washington St.,,,,,,,,,,,,,,,,,,,,,,,,,,,,,,,,,,
Weber St.,,,1,,0,0,0,0,0,0,0,0,0,0,0,0,0,0,0,0,0,0,0,0,0,0,0,0,0,0,0,0,0,0,0
,Weber St.,,,,,,,,,,,,,,,,,,,,,,,,,,,,,,,,,,
West Georgia,,,1,,0,0,0,0,0,0,0,0,0,0,0,0,0,0,0,0,0,0,0,0,0,0,0,0,0,0,0,0,0,0,0
,West Georgia,,,,,,,,,,,,,,,,,,,,,,,,,,,,,,,,,,
West Virginia,,,1,,21,48,5,18,23,35,6,23,10,9,13,17,25,19,30,70,54,1,0,18,46,5,17,8,30,10,20,25,11,6,26
,West Virginia,HOME,"November 4, 2025",Mount St. Mary's,21,48,5,18,23,35,6,23,10,9,13,17,25,19,30,70,54,1,0,18,46,5,17,8,30,10,20,25,11,6,26
Western Carolina,,,1,,0,0,0,0,0,0,0,0,0,0,0,0,0,0,0,0,0,0,0,0,0,0,0,0,0,0,0,0,0,0,0
,Western Carolina,,,,,,,,,,,,,,,,,,,,,,,,,,,,,,,,,,
Western Illinois,,,1,,0,0,0,0,0,0,0,0,0,0,0,0,0,0,0,0,0,0,0,0,0,0,0,0,0,0,0,0,0,0,0
,Western Illinois,,,,,,,,,,,,,,,,,,,,,,,,,,,,,,,,,,
Western Kentucky,,,1,,0,0,0,0,0,0,0,0,0,0,0,0,0,0,0,0,0,0,0,0,0,0,0,0,0,0,0,0,0,0,0
,Western Kentucky,,,,,,,,,,,,,,,,,,,,,,,,,,,,,,,,,,
Western Michigan,,,1,,22,50,4,15,28,35,5,32,13,15,3,19,12,6,28,76,71,1,0,25,61,9,29,9,26,10,13,29,13,7,24
,Western Michigan,HOME,"November 3, 2025",Coastal Carolina,22,50,4,15,28,35,5,32,13,15,3,19,12,6,28,76,71,1,0,25,61,9,29,9,26,10,13,29,13,7,24
Wichita St.,,,1,,31,68,4,16,9,15,21,25,10,14,11,16,12,8,42,75,58,1,0,23,56,4,15,11,20,3,16,14,10,0,30
,Wichita St.,HOME,"November 4, 2025",UNC Asheville,31,68,4,16,9,15,21,25,10,14,11,16,12,8,42,75,58,1,0,23,56,4,15,11,20,3,16,14,10,0,30
William & Mary,,,1,,0,0,0,0,0,0,0,0,0,0,0,0,0,0,0,0,0,0,0,0,0,0,0,0,0,0,0,0,0,0,0
,William & Mary,,,,,,,,,,,,,,,,,,,,,,,,,,,,,,,,,,
Winthrop,,,1,,24,62,8,25,25,31,16,23,12,10,11,18,15,10,30,81,74,1,0,27,63,6,30,14,25,10,17,27,10,4,38
,Winthrop,HOME,"November 3, 2025",Queens,24,62,8,25,25,31,16,23,12,10,11,18,15,10,30,81,74,1,0,27,63,6,30,14,25,10,17,27,10,4,38
Wisconsin,,,1,,34,67,11,28,17,19,13,21,19,9,11,14,31,13,46,96,64,1,0,23,52,5,19,9,21,7,19,20,14,13,32
,Wisconsin,HOME,"November 3, 2025",Campbell,34,67,11,28,17,19,13,21,19,9,11,14,31,13,46,96,64,1,0,23,52,5,19,9,21,7,19,20,14,13,32
Wofford,,,1,,15,50,6,29,10,16,10,22,10,16,5,20,2,6,18,46,70,0,1,26,55,6,17,8,29,12,12,16,17,4,34
,Wofford,AWAY,"November 3, 2025",George Mason,15,50,6,29,10,16,10,22,10,16,5,20,2,6,18,46,70,0,1,26,55,6,17,8,29,12,12,16,17,4,34
Wright St.,,,1,,0,0,0,0,0,0,0,0,0,0,0,0,0,0,0,0,0,0,0,0,0,0,0,0,0,0,0,0,0,0,0
,Wright St.,,,,,,,,,,,,,,,,,,,,,,,,,,,,,,,,,,
Wyoming,,,1,,0,0,0,0,0,0,0,0,0,0,0,0,0,0,0,0,0,0,0,0,0,0,0,0,0,0,0,0,0,0,0
,Wyoming,,,,,,,,,,,,,,,,,,,,,,,,,,,,,,,,,,
Xavier,,,1,,18,53,7,26,23,32,12,19,13,11,11,20,15,6,16,66,62,1,0,21,44,3,10,6,27,14,18,21,8,7,28
,Xavier,HOME,"November 3, 2025",Marist,18,53,7,26,23,32,12,19,13,11,11,20,15,6,16,66,62,1,0,21,44,3,10,6,27,14,18,21,8,7,28
Yale,,,1,,0,0,0,0,0,0,0,0,0,0,0,0,0,0,0,0,0,0,0,0,0,0,0,0,0,0,0,0,0,0,0
,Yale,,,,,,,,,,,,,,,,,,,,,,,,,,,,,,,,,,
Youngstown St.,,,1,,0,0,0,0,0,0,0,0,0,0,0,0,0,0,0,0,0,0,0,0,0,0,0,0,0,0,0,0,0,0,0
,Youngstown St.,,,,,,,,,,,,,,,,,,,,,,,,,,,,,,,,,,
(blank),,,1178,,0,0,0,0,0,0,0,0,0,0,0,0,0,0,0,0,0,0,0,0,0,0,0,0,0,0,0,0,0,0,0
